Business Name,Email,City,State
Company 0,owner0@example.com,Dallas,TX
Company 1,owner1@example.com,Dallas,TX
Company 2,owner2@example.com,Dallas,TX
Company 3,owner3@example.com,Dallas,TX
Company 4,owner4@example.com,Dallas,TX
Company 5,owner5@example.com,Dallas,TX
Company 6,owner6@example.com,Dallas,TX
Company 7,owner7@example.com,Dallas,TX
Company 8,owner8@example.com,Dallas,TX
Company 9,owner9@example.com,Dallas,TX
Company 10,owner10@example.com,Dallas,TX
Company 11,owner11@example.com,Dallas,TX
Company 12,owner12@example.com,Dallas,TX
Company 13,owner13@example.com,Dallas,TX
Company 14,owner14@example.com,Dallas,TX
Company 15,owner15@example.com,Dallas,TX
Company 16,owner16@example.com,Dallas,TX
Company 17,owner17@example.com,Dallas,TX
Company 18,owner18@example.com,Dallas,TX
Company 19,owner19@example.com,Dallas,TX
Company 20,owner20@example.com,Dallas,TX
Company 21,owner21@example.com,Dallas,TX
Company 22,owner22@example.com,Dallas,TX
Company 23,owner23@example.com,Dallas,TX
Company 24,owner24@example.com,Dallas,TX
Company 25,owner25@example.com,Dallas,TX
Company 26,owner26@example.com,Dallas,TX
Company 27,owner27@example.com,Dallas,TX
Company 28,owner28@example.com,Dallas,TX
Company 29,owner29@example.com,Dallas,TX
Company 30,owner30@example.com,Dallas,TX
Company 31,owner31@example.com,Dallas,TX
Company 32,owner32@example.com,Dallas,TX
Company 33,owner33@example.com,Dallas,TX
Company 34,owner34@example.com,Dallas,TX
Company 35,owner35@example.com,Dallas,TX
Company 36,owner36@example.com,Dallas,TX
Company 37,owner37@example.com,Dallas,TX
Company 38,owner38@example.com,Dallas,TX
Company 39,owner39@example.com,Dallas,TX
Company 40,owner40@example.com,Dallas,TX
Company 41,owner41@example.com,Dallas,TX
Company 42,owner42@example.com,Dallas,TX
Company 43,owner43@example.com,Dallas,TX
Company 44,owner44@example.com,Dallas,TX
Company 45,owner45@example.com,Dallas,TX
Company 46,owner46@example.com,Dallas,TX
Company 47,owner47@example.com,Dallas,TX
Company 48,owner48@example.com,Dallas,TX
Company 49,owner49@example.com,Dallas,TX
Company 50,owner50@example.com,Dallas,TX
Company 51,owner51@example.com,Dallas,TX
Company 52,owner52@example.com,Dallas,TX
Company 53,owner53@example.com,Dallas,TX
Company 54,owner54@example.com,Dallas,TX
Company 55,owner55@example.com,Dallas,TX
Company 56,owner56@example.com,Dallas,TX
Company 57,owner57@example.com,Dallas,TX
Company 58,owner58@example.com,Dallas,TX
Company 59,owner59@example.com,Dallas,TX
Company 60,owner60@example.com,Dallas,TX
Company 61,owner61@example.com,Dallas,TX
Company 62,owner62@example.com,Dallas,TX
Company 63,owner63@example.com,Dallas,TX
Company 64,owner64@example.com,Dallas,TX
Company 65,owner65@example.com,Dallas,TX
Company 66,owner66@example.com,Dallas,TX
Company 67,owner67@example.com,Dallas,TX
Company 68,owner68@example.com,Dallas,TX
Company 69,owner69@example.com,Dallas,TX
Company 70,owner70@example.com,Dallas,TX
Company 71,owner71@example.com,Dallas,TX
Company 72,owner72@example.com,Dallas,TX
Company 73,owner73@example.com,Dallas,TX
Company 74,owner74@example.com,Dallas,TX
Company 75,owner75@example.com,Dallas,TX
Company 76,owner76@example.com,Dallas,TX
Company 77,owner77@example.com,Dallas,TX
Company 78,owner78@example.com,Dallas,TX
Company 79,owner79@example.com,Dallas,TX
Company 80,owner80@example.com,Dallas,TX
Company 81,owner81@example.com,Dallas,TX
Company 82,owner82@example.com,Dallas,TX
Company 83,owner83@example.com,Dallas,TX
Company 84,owner84@example.com,Dallas,TX
Company 85,owner85@example.com,Dallas,TX
Company 86,owner86@example.com,Dallas,TX
Company 87,owner87@example.com,Dallas,TX
Company 88,owner88@example.com,Dallas,TX
Company 89,owner89@example.com,Dallas,TX
Company 90,owner90@example.com,Dallas,TX
Company 91,owner91@example.com,Dallas,TX
Company 92,owner92@example.com,Dallas,TX
Company 93,owner93@example.com,Dallas,TX
Company 94,owner94@example.com,Dallas,TX
Company 95,owner95@example.com,Dallas,TX
Company 96,owner96@example.com,Dallas,TX
Company 97,owner97@example.com,Dallas,TX
Company 98,owner98@example.com,Dallas,TX
Company 99,owner99@example.com,Dallas,TX
Company 100,owner100@example.com,Dallas,TX
Company 101,owner101@example.com,Dallas,TX
Company 102,owner102@example.com,Dallas,TX
Company 103,owner103@example.com,Dallas,TX
Company 104,owner104@example.com,Dallas,TX
Company 105,owner105@example.com,Dallas,TX
Company 106,owner106@example.com,Dallas,TX
Company 107,owner107@example.com,Dallas,TX
Company 108,owner108@example.com,Dallas,TX
Company 109,owner109@example.com,Dallas,TX
Company 110,owner110@example.com,Dallas,TX
Company 111,owner111@example.com,Dallas,TX
Company 112,owner112@example.com,Dallas,TX
Company 113,owner113@example.com,Dallas,TX
Company 114,owner114@example.com,Dallas,TX
Company 115,owner115@example.com,Dallas,TX
Company 116,owner116@example.com,Dallas,TX
Company 117,owner117@example.com,Dallas,TX
Company 118,owner118@example.com,Dallas,TX
Company 119,owner119@example.com,Dallas,TX
Company 120,owner120@example.com,Dallas,TX
Company 121,owner121@example.com,Dallas,TX
Company 122,owner122@example.com,Dallas,TX
Company 123,owner123@example.com,Dallas,TX
Company 124,owner124@example.com,Dallas,TX
Company 125,owner125@example.com,Dallas,TX
Company 126,owner126@example.com,Dallas,TX
Company 127,owner127@example.com,Dallas,TX
Company 128,owner128@example.com,Dallas,TX
Company 129,owner129@example.com,Dallas,TX
Company 130,owner130@example.com,Dallas,TX
Company 131,owner131@example.com,Dallas,TX
Company 132,owner132@example.com,Dallas,TX
Company 133,owner133@example.com,Dallas,TX
Company 134,owner134@example.com,Dallas,TX
Company 135,owner135@example.com,Dallas,TX
Company 136,owner136@example.com,Dallas,TX
Company 137,owner137@example.com,Dallas,TX
Company 138,owner138@example.com,Dallas,TX
Company 139,owner139@example.com,Dallas,TX
Company 140,owner140@example.com,Dallas,TX
Company 141,owner141@example.com,Dallas,TX
Company 142,owner142@example.com,Dallas,TX
Company 143,owner143@example.com,Dallas,TX
Company 144,owner144@example.com,Dallas,TX
Company 145,owner145@example.com,Dallas,TX
Company 146,owner146@example.com,Dallas,TX
Company 147,owner147@example.com,Dallas,TX
Company 148,owner148@example.com,Dallas,TX
Company 149,owner149@example.com,Dallas,TX
Company 150,owner150@example.com,Dallas,TX
Company 151,owner151@example.com,Dallas,TX
Company 152,owner152@example.com,Dallas,TX
Company 153,owner153@example.com,Dallas,TX
Company 154,owner154@example.com,Dallas,TX
Company 155,owner155@example.com,Dallas,TX
Company 156,owner156@example.com,Dallas,TX
Company 157,owner157@example.com,Dallas,TX
Company 158,owner158@example.com,Dallas,TX
Company 159,owner159@example.com,Dallas,TX
Company 160,owner160@example.com,Dallas,TX
Company 161,owner161@example.com,Dallas,TX
Company 162,owner162@example.com,Dallas,TX
Company 163,owner163@example.com,Dallas,TX
Company 164,owner164@example.com,Dallas,TX
Company 165,owner165@example.com,Dallas,TX
Company 166,owner166@example.com,Dallas,TX
Company 167,owner167@example.com,Dallas,TX
Company 168,owner168@example.com,Dallas,TX
Company 169,owner169@example.com,Dallas,TX
Company 170,owner170@example.com,Dallas,TX
Company 171,owner171@example.com,Dallas,TX
Company 172,owner172@example.com,Dallas,TX
Company 173,owner173@example.com,Dallas,TX
Company 174,owner174@example.com,Dallas,TX
Company 175,owner175@example.com,Dallas,TX
Company 176,owner176@example.com,Dallas,TX
Company 177,owner177@example.com,Dallas,TX
Company 178,owner178@example.com,Dallas,TX
Company 179,owner179@example.com,Dallas,TX
Company 180,owner180@example.com,Dallas,TX
Company 181,owner181@example.com,Dallas,TX
Company 182,owner182@example.com,Dallas,TX
Company 183,owner183@example.com,Dallas,TX
Company 184,owner184@example.com,Dallas,TX
Company 185,owner185@example.com,Dallas,TX
Company 186,owner186@example.com,Dallas,TX
Company 187,owner187@example.com,Dallas,TX
Company 188,owner188@example.com,Dallas,TX
Company 189,owner189@example.com,Dallas,TX
Company 190,owner190@example.com,Dallas,TX
Company 191,owner191@example.com,Dallas,TX
Company 192,owner192@example.com,Dallas,TX
Company 193,owner193@example.com,Dallas,TX
Company 194,owner194@example.com,Dallas,TX
Company 195,owner195@example.com,Dallas,TX
Company 196,owner196@example.com,Dallas,TX
Company 197,owner197@example.com,Dallas,TX
Company 198,owner198@example.com,Dallas,TX
Company 199,owner199@example.com,Dallas,TX
Company 200,owner200@example.com,Dallas,TX
Company 201,owner201@example.com,Dallas,TX
Company 202,owner202@example.com,Dallas,TX
Company 203,owner203@example.com,Dallas,TX
Company 204,owner204@example.com,Dallas,TX
Company 205,owner205@example.com,Dallas,TX
Company 206,owner206@example.com,Dallas,TX
Company 207,owner207@example.com,Dallas,TX
Company 208,owner208@example.com,Dallas,TX
Company 209,owner209@example.com,Dallas,TX
Company 210,owner210@example.com,Dallas,TX
Company 211,owner211@example.com,Dallas,TX
Company 212,owner212@example.com,Dallas,TX
Company 213,owner213@example.com,Dallas,TX
Company 214,owner214@example.com,Dallas,TX
Company 215,owner215@example.com,Dallas,TX
Company 216,owner216@example.com,Dallas,TX
Company 217,owner217@example.com,Dallas,TX
Company 218,owner218@example.com,Dallas,TX
Company 219,owner219@example.com,Dallas,TX
Company 220,owner220@example.com,Dallas,TX
Company 221,owner221@example.com,Dallas,TX
Company 222,owner222@example.com,Dallas,TX
Company 223,owner223@example.com,Dallas,TX
Company 224,owner224@example.com,Dallas,TX
Company 225,owner225@example.com,Dallas,TX
Company 226,owner226@example.com,Dallas,TX
Company 227,owner227@example.com,Dallas,TX
Company 228,owner228@example.com,Dallas,TX
Company 229,owner229@example.com,Dallas,TX
Company 230,owner230@example.com,Dallas,TX
Company 231,owner231@example.com,Dallas,TX
Company 232,owner232@example.com,Dallas,TX
Company 233,owner233@example.com,Dallas,TX
Company 234,owner234@example.com,Dallas,TX
Company 235,owner235@example.com,Dallas,TX
Company 236,owner236@example.com,Dallas,TX
Company 237,owner237@example.com,Dallas,TX
Company 238,owner238@example.com,Dallas,TX
Company 239,owner239@example.com,Dallas,TX
Company 240,owner240@example.com,Dallas,TX
Company 241,owner241@example.com,Dallas,TX
Company 242,owner242@example.com,Dallas,TX
Company 243,owner243@example.com,Dallas,TX
Company 244,owner244@example.com,Dallas,TX
Company 245,owner245@example.com,Dallas,TX
Company 246,owner246@example.com,Dallas,TX
Company 247,owner247@example.com,Dallas,TX
Company 248,owner248@example.com,Dallas,TX
Company 249,owner249@example.com,Dallas,TX
Company 250,owner250@example.com,Dallas,TX
Company 251,owner251@example.com,Dallas,TX
Company 252,owner252@example.com,Dallas,TX
Company 253,owner253@example.com,Dallas,TX
Company 254,owner254@example.com,Dallas,TX
Company 255,owner255@example.com,Dallas,TX
Company 256,owner256@example.com,Dallas,TX
Company 257,owner257@example.com,Dallas,TX
Company 258,owner258@example.com,Dallas,TX
Company 259,owner259@example.com,Dallas,TX
Company 260,owner260@example.com,Dallas,TX
Company 261,owner261@example.com,Dallas,TX
Company 262,owner262@example.com,Dallas,TX
Company 263,owner263@example.com,Dallas,TX
Company 264,owner264@example.com,Dallas,TX
Company 265,owner265@example.com,Dallas,TX
Company 266,owner266@example.com,Dallas,TX
Company 267,owner267@example.com,Dallas,TX
Company 268,owner268@example.com,Dallas,TX
Company 269,owner269@example.com,Dallas,TX
Company 270,owner270@example.com,Dallas,TX
Company 271,owner271@example.com,Dallas,TX
Company 272,owner272@example.com,Dallas,TX
Company 273,owner273@example.com,Dallas,TX
Company 274,owner274@example.com,Dallas,TX
Company 275,owner275@example.com,Dallas,TX
Company 276,owner276@example.com,Dallas,TX
Company 277,owner277@example.com,Dallas,TX
Company 278,owner278@example.com,Dallas,TX
Company 279,owner279@example.com,Dallas,TX
Company 280,owner280@example.com,Dallas,TX
Company 281,owner281@example.com,Dallas,TX
Company 282,owner282@example.com,Dallas,TX
Company 283,owner283@example.com,Dallas,TX
Company 284,owner284@example.com,Dallas,TX
Company 285,owner285@example.com,Dallas,TX
Company 286,owner286@example.com,Dallas,TX
Company 287,owner287@example.com,Dallas,TX
Company 288,owner288@example.com,Dallas,TX
Company 289,owner289@example.com,Dallas,TX
Company 290,owner290@example.com,Dallas,TX
Company 291,owner291@example.com,Dallas,TX
Company 292,owner292@example.com,Dallas,TX
Company 293,owner293@example.com,Dallas,TX
Company 294,owner294@example.com,Dallas,TX
Company 295,owner295@example.com,Dallas,TX
Company 296,owner296@example.com,Dallas,TX
Company 297,owner297@example.com,Dallas,TX
Company 298,owner298@example.com,Dallas,TX
Company 299,owner299@example.com,Dallas,TX
Company 300,owner300@example.com,Dallas,TX
Company 301,owner301@example.com,Dallas,TX
Company 302,owner302@example.com,Dallas,TX
Company 303,owner303@example.com,Dallas,TX
Company 304,owner304@example.com,Dallas,TX
Company 305,owner305@example.com,Dallas,TX
Company 306,owner306@example.com,Dallas,TX
Company 307,owner307@example.com,Dallas,TX
Company 308,owner308@example.com,Dallas,TX
Company 309,owner309@example.com,Dallas,TX
Company 310,owner310@example.com,Dallas,TX
Company 311,owner311@example.com,Dallas,TX
Company 312,owner312@example.com,Dallas,TX
Company 313,owner313@example.com,Dallas,TX
Company 314,owner314@example.com,Dallas,TX
Company 315,owner315@example.com,Dallas,TX
Company 316,owner316@example.com,Dallas,TX
Company 317,owner317@example.com,Dallas,TX
Company 318,owner318@example.com,Dallas,TX
Company 319,owner319@example.com,Dallas,TX
Company 320,owner320@example.com,Dallas,TX
Company 321,owner321@example.com,Dallas,TX
Company 322,owner322@example.com,Dallas,TX
Company 323,owner323@example.com,Dallas,TX
Company 324,owner324@example.com,Dallas,TX
Company 325,owner325@example.com,Dallas,TX
Company 326,owner326@example.com,Dallas,TX
Company 327,owner327@example.com,Dallas,TX
Company 328,owner328@example.com,Dallas,TX
Company 329,owner329@example.com,Dallas,TX
Company 330,owner330@example.com,Dallas,TX
Company 331,owner331@example.com,Dallas,TX
Company 332,owner332@example.com,Dallas,TX
Company 333,owner333@example.com,Dallas,TX
Company 334,owner334@example.com,Dallas,TX
Company 335,owner335@example.com,Dallas,TX
Company 336,owner336@example.com,Dallas,TX
Company 337,owner337@example.com,Dallas,TX
Company 338,owner338@example.com,Dallas,TX
Company 339,owner339@example.com,Dallas,TX
Company 340,owner340@example.com,Dallas,TX
Company 341,owner341@example.com,Dallas,TX
Company 342,owner342@example.com,Dallas,TX
Company 343,owner343@example.com,Dallas,TX
Company 344,owner344@example.com,Dallas,TX
Company 345,owner345@example.com,Dallas,TX
Company 346,owner346@example.com,Dallas,TX
Company 347,owner347@example.com,Dallas,TX
Company 348,owner348@example.com,Dallas,TX
Company 349,owner349@example.com,Dallas,TX
Company 350,owner350@example.com,Dallas,TX
Company 351,owner351@example.com,Dallas,TX
Company 352,owner352@example.com,Dallas,TX
Company 353,owner353@example.com,Dallas,TX
Company 354,owner354@example.com,Dallas,TX
Company 355,owner355@example.com,Dallas,TX
Company 356,owner356@example.com,Dallas,TX
Company 357,owner357@example.com,Dallas,TX
Company 358,owner358@example.com,Dallas,TX
Company 359,owner359@example.com,Dallas,TX
Company 360,owner360@example.com,Dallas,TX
Company 361,owner361@example.com,Dallas,TX
Company 362,owner362@example.com,Dallas,TX
Company 363,owner363@example.com,Dallas,TX
Company 364,owner364@example.com,Dallas,TX
Company 365,owner365@example.com,Dallas,TX
Company 366,owner366@example.com,Dallas,TX
Company 367,owner367@example.com,Dallas,TX
Company 368,owner368@example.com,Dallas,TX
Company 369,owner369@example.com,Dallas,TX
Company 370,owner370@example.com,Dallas,TX
Company 371,owner371@example.com,Dallas,TX
Company 372,owner372@example.com,Dallas,TX
Company 373,owner373@example.com,Dallas,TX
Company 374,owner374@example.com,Dallas,TX
Company 375,owner375@example.com,Dallas,TX
Company 376,owner376@example.com,Dallas,TX
Company 377,owner377@example.com,Dallas,TX
Company 378,owner378@example.com,Dallas,TX
Company 379,owner379@example.com,Dallas,TX
Company 380,owner380@example.com,Dallas,TX
Company 381,owner381@example.com,Dallas,TX
Company 382,owner382@example.com,Dallas,TX
Company 383,owner383@example.com,Dallas,TX
Company 384,owner384@example.com,Dallas,TX
Company 385,owner385@example.com,Dallas,TX
Company 386,owner386@example.com,Dallas,TX
Company 387,owner387@example.com,Dallas,TX
Company 388,owner388@example.com,Dallas,TX
Company 389,owner389@example.com,Dallas,TX
Company 390,owner390@example.com,Dallas,TX
Company 391,owner391@example.com,Dallas,TX
Company 392,owner392@example.com,Dallas,TX
Company 393,owner393@example.com,Dallas,TX
Company 394,owner394@example.com,Dallas,TX
Company 395,owner395@example.com,Dallas,TX
Company 396,owner396@example.com,Dallas,TX
Company 397,owner397@example.com,Dallas,TX
Company 398,owner398@example.com,Dallas,TX
Company 399,owner399@example.com,Dallas,TX
Company 400,owner400@example.com,Dallas,TX
Company 401,owner401@example.com,Dallas,TX
Company 402,owner402@example.com,Dallas,TX
Company 403,owner403@example.com,Dallas,TX
Company 404,owner404@example.com,Dallas,TX
Company 405,owner405@example.com,Dallas,TX
Company 406,owner406@example.com,Dallas,TX
Company 407,owner407@example.com,Dallas,TX
Company 408,owner408@example.com,Dallas,TX
Company 409,owner409@example.com,Dallas,TX
Company 410,owner410@example.com,Dallas,TX
Company 411,owner411@example.com,Dallas,TX
Company 412,owner412@example.com,Dallas,TX
Company 413,owner413@example.com,Dallas,TX
Company 414,owner414@example.com,Dallas,TX
Company 415,owner415@example.com,Dallas,TX
Company 416,owner416@example.com,Dallas,TX
Company 417,owner417@example.com,Dallas,TX
Company 418,owner418@example.com,Dallas,TX
Company 419,owner419@example.com,Dallas,TX
Company 420,owner420@example.com,Dallas,TX
Company 421,owner421@example.com,Dallas,TX
Company 422,owner422@example.com,Dallas,TX
Company 423,owner423@example.com,Dallas,TX
Company 424,owner424@example.com,Dallas,TX
Company 425,owner425@example.com,Dallas,TX
Company 426,owner426@example.com,Dallas,TX
Company 427,owner427@example.com,Dallas,TX
Company 428,owner428@example.com,Dallas,TX
Company 429,owner429@example.com,Dallas,TX
Company 430,owner430@example.com,Dallas,TX
Company 431,owner431@example.com,Dallas,TX
Company 432,owner432@example.com,Dallas,TX
Company 433,owner433@example.com,Dallas,TX
Company 434,owner434@example.com,Dallas,TX
Company 435,owner435@example.com,Dallas,TX
Company 436,owner436@example.com,Dallas,TX
Company 437,owner437@example.com,Dallas,TX
Company 438,owner438@example.com,Dallas,TX
Company 439,owner439@example.com,Dallas,TX
Company 440,owner440@example.com,Dallas,TX
Company 441,owner441@example.com,Dallas,TX
Company 442,owner442@example.com,Dallas,TX
Company 443,owner443@example.com,Dallas,TX
Company 444,owner444@example.com,Dallas,TX
Company 445,owner445@example.com,Dallas,TX
Company 446,owner446@example.com,Dallas,TX
Company 447,owner447@example.com,Dallas,TX
Company 448,owner448@example.com,Dallas,TX
Company 449,owner449@example.com,Dallas,TX
Company 450,owner450@example.com,Dallas,TX
Company 451,owner451@example.com,Dallas,TX
Company 452,owner452@example.com,Dallas,TX
Company 453,owner453@example.com,Dallas,TX
Company 454,owner454@example.com,Dallas,TX
Company 455,owner455@example.com,Dallas,TX
Company 456,owner456@example.com,Dallas,TX
Company 457,owner457@example.com,Dallas,TX
Company 458,owner458@example.com,Dallas,TX
Company 459,owner459@example.com,Dallas,TX
Company 460,owner460@example.com,Dallas,TX
Company 461,owner461@example.com,Dallas,TX
Company 462,owner462@example.com,Dallas,TX
Company 463,owner463@example.com,Dallas,TX
Company 464,owner464@example.com,Dallas,TX
Company 465,owner465@example.com,Dallas,TX
Company 466,owner466@example.com,Dallas,TX
Company 467,owner467@example.com,Dallas,TX
Company 468,owner468@example.com,Dallas,TX
Company 469,owner469@example.com,Dallas,TX
Company 470,owner470@example.com,Dallas,TX
Company 471,owner471@example.com,Dallas,TX
Company 472,owner472@example.com,Dallas,TX
Company 473,owner473@example.com,Dallas,TX
Company 474,owner474@example.com,Dallas,TX
Company 475,owner475@example.com,Dallas,TX
Company 476,owner476@example.com,Dallas,TX
Company 477,owner477@example.com,Dallas,TX
Company 478,owner478@example.com,Dallas,TX
Company 479,owner479@example.com,Dallas,TX
Company 480,owner480@example.com,Dallas,TX
Company 481,owner481@example.com,Dallas,TX
Company 482,owner482@example.com,Dallas,TX
Company 483,owner483@example.com,Dallas,TX
Company 484,owner484@example.com,Dallas,TX
Company 485,owner485@example.com,Dallas,TX
Company 486,owner486@example.com,Dallas,TX
Company 487,owner487@example.com,Dallas,TX
Company 488,owner488@example.com,Dallas,TX
Company 489,owner489@example.com,Dallas,TX
Company 490,owner490@example.com,Dallas,TX
Company 491,owner491@example.com,Dallas,TX
Company 492,owner492@example.com,Dallas,TX
Company 493,owner493@example.com,Dallas,TX
Company 494,owner494@example.com,Dallas,TX
Company 495,owner495@example.com,Dallas,TX
Company 496,owner496@example.com,Dallas,TX
Company 497,owner497@example.com,Dallas,TX
Company 498,owner498@example.com,Dallas,TX
Company 499,owner499@example.com,Dallas,TX
Company 500,owner500@example.com,Dallas,TX
Company 501,owner501@example.com,Dallas,TX
Company 502,owner502@example.com,Dallas,TX
Company 503,owner503@example.com,Dallas,TX
Company 504,owner504@example.com,Dallas,TX
Company 505,owner505@example.com,Dallas,TX
Company 506,owner506@example.com,Dallas,TX
Company 507,owner507@example.com,Dallas,TX
Company 508,owner508@example.com,Dallas,TX
Company 509,owner509@example.com,Dallas,TX
Company 510,owner510@example.com,Dallas,TX
Company 511,owner511@example.com,Dallas,TX
Company 512,owner512@example.com,Dallas,TX
Company 513,owner513@example.com,Dallas,TX
Company 514,owner514@example.com,Dallas,TX
Company 515,owner515@example.com,Dallas,TX
Company 516,owner516@example.com,Dallas,TX
Company 517,owner517@example.com,Dallas,TX
Company 518,owner518@example.com,Dallas,TX
Company 519,owner519@example.com,Dallas,TX
Company 520,owner520@example.com,Dallas,TX
Company 521,owner521@example.com,Dallas,TX
Company 522,owner522@example.com,Dallas,TX
Company 523,owner523@example.com,Dallas,TX
Company 524,owner524@example.com,Dallas,TX
Company 525,owner525@example.com,Dallas,TX
Company 526,owner526@example.com,Dallas,TX
Company 527,owner527@example.com,Dallas,TX
Company 528,owner528@example.com,Dallas,TX
Company 529,owner529@example.com,Dallas,TX
Company 530,owner530@example.com,Dallas,TX
Company 531,owner531@example.com,Dallas,TX
Company 532,owner532@example.com,Dallas,TX
Company 533,owner533@example.com,Dallas,TX
Company 534,owner534@example.com,Dallas,TX
Company 535,owner535@example.com,Dallas,TX
Company 536,owner536@example.com,Dallas,TX
Company 537,owner537@example.com,Dallas,TX
Company 538,owner538@example.com,Dallas,TX
Company 539,owner539@example.com,Dallas,TX
Company 540,owner540@example.com,Dallas,TX
Company 541,owner541@example.com,Dallas,TX
Company 542,owner542@example.com,Dallas,TX
Company 543,owner543@example.com,Dallas,TX
Company 544,owner544@example.com,Dallas,TX
Company 545,owner545@example.com,Dallas,TX
Company 546,owner546@example.com,Dallas,TX
Company 547,owner547@example.com,Dallas,TX
Company 548,owner548@example.com,Dallas,TX
Company 549,owner549@example.com,Dallas,TX
Company 550,owner550@example.com,Dallas,TX
Company 551,owner551@example.com,Dallas,TX
Company 552,owner552@example.com,Dallas,TX
Company 553,owner553@example.com,Dallas,TX
Company 554,owner554@example.com,Dallas,TX
Company 555,owner555@example.com,Dallas,TX
Company 556,owner556@example.com,Dallas,TX
Company 557,owner557@example.com,Dallas,TX
Company 558,owner558@example.com,Dallas,TX
Company 559,owner559@example.com,Dallas,TX
Company 560,owner560@example.com,Dallas,TX
Company 561,owner561@example.com,Dallas,TX
Company 562,owner562@example.com,Dallas,TX
Company 563,owner563@example.com,Dallas,TX
Company 564,owner564@example.com,Dallas,TX
Company 565,owner565@example.com,Dallas,TX
Company 566,owner566@example.com,Dallas,TX
Company 567,owner567@example.com,Dallas,TX
Company 568,owner568@example.com,Dallas,TX
Company 569,owner569@example.com,Dallas,TX
Company 570,owner570@example.com,Dallas,TX
Company 571,owner571@example.com,Dallas,TX
Company 572,owner572@example.com,Dallas,TX
Company 573,owner573@example.com,Dallas,TX
Company 574,owner574@example.com,Dallas,TX
Company 575,owner575@example.com,Dallas,TX
Company 576,owner576@example.com,Dallas,TX
Company 577,owner577@example.com,Dallas,TX
Company 578,owner578@example.com,Dallas,TX
Company 579,owner579@example.com,Dallas,TX
Company 580,owner580@example.com,Dallas,TX
Company 581,owner581@example.com,Dallas,TX
Company 582,owner582@example.com,Dallas,TX
Company 583,owner583@example.com,Dallas,TX
Company 584,owner584@example.com,Dallas,TX
Company 585,owner585@example.com,Dallas,TX
Company 586,owner586@example.com,Dallas,TX
Company 587,owner587@example.com,Dallas,TX
Company 588,owner588@example.com,Dallas,TX
Company 589,owner589@example.com,Dallas,TX
Company 590,owner590@example.com,Dallas,TX
Company 591,owner591@example.com,Dallas,TX
Company 592,owner592@example.com,Dallas,TX
Company 593,owner593@example.com,Dallas,TX
Company 594,owner594@example.com,Dallas,TX
Company 595,owner595@example.com,Dallas,TX
Company 596,owner596@example.com,Dallas,TX
Company 597,owner597@example.com,Dallas,TX
Company 598,owner598@example.com,Dallas,TX
Company 599,owner599@example.com,Dallas,TX
Company 600,owner600@example.com,Dallas,TX
Company 601,owner601@example.com,Dallas,TX
Company 602,owner602@example.com,Dallas,TX
Company 603,owner603@example.com,Dallas,TX
Company 604,owner604@example.com,Dallas,TX
Company 605,owner605@example.com,Dallas,TX
Company 606,owner606@example.com,Dallas,TX
Company 607,owner607@example.com,Dallas,TX
Company 608,owner608@example.com,Dallas,TX
Company 609,owner609@example.com,Dallas,TX
Company 610,owner610@example.com,Dallas,TX
Company 611,owner611@example.com,Dallas,TX
Company 612,owner612@example.com,Dallas,TX
Company 613,owner613@example.com,Dallas,TX
Company 614,owner614@example.com,Dallas,TX
Company 615,owner615@example.com,Dallas,TX
Company 616,owner616@example.com,Dallas,TX
Company 617,owner617@example.com,Dallas,TX
Company 618,owner618@example.com,Dallas,TX
Company 619,owner619@example.com,Dallas,TX
Company 620,owner620@example.com,Dallas,TX
Company 621,owner621@example.com,Dallas,TX
Company 622,owner622@example.com,Dallas,TX
Company 623,owner623@example.com,Dallas,TX
Company 624,owner624@example.com,Dallas,TX
Company 625,owner625@example.com,Dallas,TX
Company 626,owner626@example.com,Dallas,TX
Company 627,owner627@example.com,Dallas,TX
Company 628,owner628@example.com,Dallas,TX
Company 629,owner629@example.com,Dallas,TX
Company 630,owner630@example.com,Dallas,TX
Company 631,owner631@example.com,Dallas,TX
Company 632,owner632@example.com,Dallas,TX
Company 633,owner633@example.com,Dallas,TX
Company 634,owner634@example.com,Dallas,TX
Company 635,owner635@example.com,Dallas,TX
Company 636,owner636@example.com,Dallas,TX
Company 637,owner637@example.com,Dallas,TX
Company 638,owner638@example.com,Dallas,TX
Company 639,owner639@example.com,Dallas,TX
Company 640,owner640@example.com,Dallas,TX
Company 641,owner641@example.com,Dallas,TX
Company 642,owner642@example.com,Dallas,TX
Company 643,owner643@example.com,Dallas,TX
Company 644,owner644@example.com,Dallas,TX
Company 645,owner645@example.com,Dallas,TX
Company 646,owner646@example.com,Dallas,TX
Company 647,owner647@example.com,Dallas,TX
Company 648,owner648@example.com,Dallas,TX
Company 649,owner649@example.com,Dallas,TX
Company 650,owner650@example.com,Dallas,TX
Company 651,owner651@example.com,Dallas,TX
Company 652,owner652@example.com,Dallas,TX
Company 653,owner653@example.com,Dallas,TX
Company 654,owner654@example.com,Dallas,TX
Company 655,owner655@example.com,Dallas,TX
Company 656,owner656@example.com,Dallas,TX
Company 657,owner657@example.com,Dallas,TX
Company 658,owner658@example.com,Dallas,TX
Company 659,owner659@example.com,Dallas,TX
Company 660,owner660@example.com,Dallas,TX
Company 661,owner661@example.com,Dallas,TX
Company 662,owner662@example.com,Dallas,TX
Company 663,owner663@example.com,Dallas,TX
Company 664,owner664@example.com,Dallas,TX
Company 665,owner665@example.com,Dallas,TX
Company 666,owner666@example.com,Dallas,TX
Company 667,owner667@example.com,Dallas,TX
Company 668,owner668@example.com,Dallas,TX
Company 669,owner669@example.com,Dallas,TX
Company 670,owner670@example.com,Dallas,TX
Company 671,owner671@example.com,Dallas,TX
Company 672,owner672@example.com,Dallas,TX
Company 673,owner673@example.com,Dallas,TX
Company 674,owner674@example.com,Dallas,TX
Company 675,owner675@example.com,Dallas,TX
Company 676,owner676@example.com,Dallas,TX
Company 677,owner677@example.com,Dallas,TX
Company 678,owner678@example.com,Dallas,TX
Company 679,owner679@example.com,Dallas,TX
Company 680,owner680@example.com,Dallas,TX
Company 681,owner681@example.com,Dallas,TX
Company 682,owner682@example.com,Dallas,TX
Company 683,owner683@example.com,Dallas,TX
Company 684,owner684@example.com,Dallas,TX
Company 685,owner685@example.com,Dallas,TX
Company 686,owner686@example.com,Dallas,TX
Company 687,owner687@example.com,Dallas,TX
Company 688,owner688@example.com,Dallas,TX
Company 689,owner689@example.com,Dallas,TX
Company 690,owner690@example.com,Dallas,TX
Company 691,owner691@example.com,Dallas,TX
Company 692,owner692@example.com,Dallas,TX
Company 693,owner693@example.com,Dallas,TX
Company 694,owner694@example.com,Dallas,TX
Company 695,owner695@example.com,Dallas,TX
Company 696,owner696@example.com,Dallas,TX
Company 697,owner697@example.com,Dallas,TX
Company 698,owner698@example.com,Dallas,TX
Company 699,owner699@example.com,Dallas,TX
Company 700,owner700@example.com,Dallas,TX
Company 701,owner701@example.com,Dallas,TX
Company 702,owner702@example.com,Dallas,TX
Company 703,owner703@example.com,Dallas,TX
Company 704,owner704@example.com,Dallas,TX
Company 705,owner705@example.com,Dallas,TX
Company 706,owner706@example.com,Dallas,TX
Company 707,owner707@example.com,Dallas,TX
Company 708,owner708@example.com,Dallas,TX
Company 709,owner709@example.com,Dallas,TX
Company 710,owner710@example.com,Dallas,TX
Company 711,owner711@example.com,Dallas,TX
Company 712,owner712@example.com,Dallas,TX
Company 713,owner713@example.com,Dallas,TX
Company 714,owner714@example.com,Dallas,TX
Company 715,owner715@example.com,Dallas,TX
Company 716,owner716@example.com,Dallas,TX
Company 717,owner717@example.com,Dallas,TX
Company 718,owner718@example.com,Dallas,TX
Company 719,owner719@example.com,Dallas,TX
Company 720,owner720@example.com,Dallas,TX
Company 721,owner721@example.com,Dallas,TX
Company 722,owner722@example.com,Dallas,TX
Company 723,owner723@example.com,Dallas,TX
Company 724,owner724@example.com,Dallas,TX
Company 725,owner725@example.com,Dallas,TX
Company 726,owner726@example.com,Dallas,TX
Company 727,owner727@example.com,Dallas,TX
Company 728,owner728@example.com,Dallas,TX
Company 729,owner729@example.com,Dallas,TX
Company 730,owner730@example.com,Dallas,TX
Company 731,owner731@example.com,Dallas,TX
Company 732,owner732@example.com,Dallas,TX
Company 733,owner733@example.com,Dallas,TX
Company 734,owner734@example.com,Dallas,TX
Company 735,owner735@example.com,Dallas,TX
Company 736,owner736@example.com,Dallas,TX
Company 737,owner737@example.com,Dallas,TX
Company 738,owner738@example.com,Dallas,TX
Company 739,owner739@example.com,Dallas,TX
Company 740,owner740@example.com,Dallas,TX
Company 741,owner741@example.com,Dallas,TX
Company 742,owner742@example.com,Dallas,TX
Company 743,owner743@example.com,Dallas,TX
Company 744,owner744@example.com,Dallas,TX
Company 745,owner745@example.com,Dallas,TX
Company 746,owner746@example.com,Dallas,TX
Company 747,owner747@example.com,Dallas,TX
Company 748,owner748@example.com,Dallas,TX
Company 749,owner749@example.com,Dallas,TX
Company 750,owner750@example.com,Dallas,TX
Company 751,owner751@example.com,Dallas,TX
Company 752,owner752@example.com,Dallas,TX
Company 753,owner753@example.com,Dallas,TX
Company 754,owner754@example.com,Dallas,TX
Company 755,owner755@example.com,Dallas,TX
Company 756,owner756@example.com,Dallas,TX
Company 757,owner757@example.com,Dallas,TX
Company 758,owner758@example.com,Dallas,TX
Company 759,owner759@example.com,Dallas,TX
Company 760,owner760@example.com,Dallas,TX
Company 761,owner761@example.com,Dallas,TX
Company 762,owner762@example.com,Dallas,TX
Company 763,owner763@example.com,Dallas,TX
Company 764,owner764@example.com,Dallas,TX
Company 765,owner765@example.com,Dallas,TX
Company 766,owner766@example.com,Dallas,TX
Company 767,owner767@example.com,Dallas,TX
Company 768,owner768@example.com,Dallas,TX
Company 769,owner769@example.com,Dallas,TX
Company 770,owner770@example.com,Dallas,TX
Company 771,owner771@example.com,Dallas,TX
Company 772,owner772@example.com,Dallas,TX
Company 773,owner773@example.com,Dallas,TX
Company 774,owner774@example.com,Dallas,TX
Company 775,owner775@example.com,Dallas,TX
Company 776,owner776@example.com,Dallas,TX
Company 777,owner777@example.com,Dallas,TX
Company 778,owner778@example.com,Dallas,TX
Company 779,owner779@example.com,Dallas,TX
Company 780,owner780@example.com,Dallas,TX
Company 781,owner781@example.com,Dallas,TX
Company 782,owner782@example.com,Dallas,TX
Company 783,owner783@example.com,Dallas,TX
Company 784,owner784@example.com,Dallas,TX
Company 785,owner785@example.com,Dallas,TX
Company 786,owner786@example.com,Dallas,TX
Company 787,owner787@example.com,Dallas,TX
Company 788,owner788@example.com,Dallas,TX
Company 789,owner789@example.com,Dallas,TX
Company 790,owner790@example.com,Dallas,TX
Company 791,owner791@example.com,Dallas,TX
Company 792,owner792@example.com,Dallas,TX
Company 793,owner793@example.com,Dallas,TX
Company 794,owner794@example.com,Dallas,TX
Company 795,owner795@example.com,Dallas,TX
Company 796,owner796@example.com,Dallas,TX
Company 797,owner797@example.com,Dallas,TX
Company 798,owner798@example.com,Dallas,TX
Company 799,owner799@example.com,Dallas,TX
Company 800,owner800@example.com,Dallas,TX
Company 801,owner801@example.com,Dallas,TX
Company 802,owner802@example.com,Dallas,TX
Company 803,owner803@example.com,Dallas,TX
Company 804,owner804@example.com,Dallas,TX
Company 805,owner805@example.com,Dallas,TX
Company 806,owner806@example.com,Dallas,TX
Company 807,owner807@example.com,Dallas,TX
Company 808,owner808@example.com,Dallas,TX
Company 809,owner809@example.com,Dallas,TX
Company 810,owner810@example.com,Dallas,TX
Company 811,owner811@example.com,Dallas,TX
Company 812,owner812@example.com,Dallas,TX
Company 813,owner813@example.com,Dallas,TX
Company 814,owner814@example.com,Dallas,TX
Company 815,owner815@example.com,Dallas,TX
Company 816,owner816@example.com,Dallas,TX
Company 817,owner817@example.com,Dallas,TX
Company 818,owner818@example.com,Dallas,TX
Company 819,owner819@example.com,Dallas,TX
Company 820,owner820@example.com,Dallas,TX
Company 821,owner821@example.com,Dallas,TX
Company 822,owner822@example.com,Dallas,TX
Company 823,owner823@example.com,Dallas,TX
Company 824,owner824@example.com,Dallas,TX
Company 825,owner825@example.com,Dallas,TX
Company 826,owner826@example.com,Dallas,TX
Company 827,owner827@example.com,Dallas,TX
Company 828,owner828@example.com,Dallas,TX
Company 829,owner829@example.com,Dallas,TX
Company 830,owner830@example.com,Dallas,TX
Company 831,owner831@example.com,Dallas,TX
Company 832,owner832@example.com,Dallas,TX
Company 833,owner833@example.com,Dallas,TX
Company 834,owner834@example.com,Dallas,TX
Company 835,owner835@example.com,Dallas,TX
Company 836,owner836@example.com,Dallas,TX
Company 837,owner837@example.com,Dallas,TX
Company 838,owner838@example.com,Dallas,TX
Company 839,owner839@example.com,Dallas,TX
Company 840,owner840@example.com,Dallas,TX
Company 841,owner841@example.com,Dallas,TX
Company 842,owner842@example.com,Dallas,TX
Company 843,owner843@example.com,Dallas,TX
Company 844,owner844@example.com,Dallas,TX
Company 845,owner845@example.com,Dallas,TX
Company 846,owner846@example.com,Dallas,TX
Company 847,owner847@example.com,Dallas,TX
Company 848,owner848@example.com,Dallas,TX
Company 849,owner849@example.com,Dallas,TX
Company 850,owner850@example.com,Dallas,TX
Company 851,owner851@example.com,Dallas,TX
Company 852,owner852@example.com,Dallas,TX
Company 853,owner853@example.com,Dallas,TX
Company 854,owner854@example.com,Dallas,TX
Company 855,owner855@example.com,Dallas,TX
Company 856,owner856@example.com,Dallas,TX
Company 857,owner857@example.com,Dallas,TX
Company 858,owner858@example.com,Dallas,TX
Company 859,owner859@example.com,Dallas,TX
Company 860,owner860@example.com,Dallas,TX
Company 861,owner861@example.com,Dallas,TX
Company 862,owner862@example.com,Dallas,TX
Company 863,owner863@example.com,Dallas,TX
Company 864,owner864@example.com,Dallas,TX
Company 865,owner865@example.com,Dallas,TX
Company 866,owner866@example.com,Dallas,TX
Company 867,owner867@example.com,Dallas,TX
Company 868,owner868@example.com,Dallas,TX
Company 869,owner869@example.com,Dallas,TX
Company 870,owner870@example.com,Dallas,TX
Company 871,owner871@example.com,Dallas,TX
Company 872,owner872@example.com,Dallas,TX
Company 873,owner873@example.com,Dallas,TX
Company 874,owner874@example.com,Dallas,TX
Company 875,owner875@example.com,Dallas,TX
Company 876,owner876@example.com,Dallas,TX
Company 877,owner877@example.com,Dallas,TX
Company 878,owner878@example.com,Dallas,TX
Company 879,owner879@example.com,Dallas,TX
Company 880,owner880@example.com,Dallas,TX
Company 881,owner881@example.com,Dallas,TX
Company 882,owner882@example.com,Dallas,TX
Company 883,owner883@example.com,Dallas,TX
Company 884,owner884@example.com,Dallas,TX
Company 885,owner885@example.com,Dallas,TX
Company 886,owner886@example.com,Dallas,TX
Company 887,owner887@example.com,Dallas,TX
Company 888,owner888@example.com,Dallas,TX
Company 889,owner889@example.com,Dallas,TX
Company 890,owner890@example.com,Dallas,TX
Company 891,owner891@example.com,Dallas,TX
Company 892,owner892@example.com,Dallas,TX
Company 893,owner893@example.com,Dallas,TX
Company 894,owner894@example.com,Dallas,TX
Company 895,owner895@example.com,Dallas,TX
Company 896,owner896@example.com,Dallas,TX
Company 897,owner897@example.com,Dallas,TX
Company 898,owner898@example.com,Dallas,TX
Company 899,owner899@example.com,Dallas,TX
Company 900,owner900@example.com,Dallas,TX
Company 901,owner901@example.com,Dallas,TX
Company 902,owner902@example.com,Dallas,TX
Company 903,owner903@example.com,Dallas,TX
Company 904,owner904@example.com,Dallas,TX
Company 905,owner905@example.com,Dallas,TX
Company 906,owner906@example.com,Dallas,TX
Company 907,owner907@example.com,Dallas,TX
Company 908,owner908@example.com,Dallas,TX
Company 909,owner909@example.com,Dallas,TX
Company 910,owner910@example.com,Dallas,TX
Company 911,owner911@example.com,Dallas,TX
Company 912,owner912@example.com,Dallas,TX
Company 913,owner913@example.com,Dallas,TX
Company 914,owner914@example.com,Dallas,TX
Company 915,owner915@example.com,Dallas,TX
Company 916,owner916@example.com,Dallas,TX
Company 917,owner917@example.com,Dallas,TX
Company 918,owner918@example.com,Dallas,TX
Company 919,owner919@example.com,Dallas,TX
Company 920,owner920@example.com,Dallas,TX
Company 921,owner921@example.com,Dallas,TX
Company 922,owner922@example.com,Dallas,TX
Company 923,owner923@example.com,Dallas,TX
Company 924,owner924@example.com,Dallas,TX
Company 925,owner925@example.com,Dallas,TX
Company 926,owner926@example.com,Dallas,TX
Company 927,owner927@example.com,Dallas,TX
Company 928,owner928@example.com,Dallas,TX
Company 929,owner929@example.com,Dallas,TX
Company 930,owner930@example.com,Dallas,TX
Company 931,owner931@example.com,Dallas,TX
Company 932,owner932@example.com,Dallas,TX
Company 933,owner933@example.com,Dallas,TX
Company 934,owner934@example.com,Dallas,TX
Company 935,owner935@example.com,Dallas,TX
Company 936,owner936@example.com,Dallas,TX
Company 937,owner937@example.com,Dallas,TX
Company 938,owner938@example.com,Dallas,TX
Company 939,owner939@example.com,Dallas,TX
Company 940,owner940@example.com,Dallas,TX
Company 941,owner941@example.com,Dallas,TX
Company 942,owner942@example.com,Dallas,TX
Company 943,owner943@example.com,Dallas,TX
Company 944,owner944@example.com,Dallas,TX
Company 945,owner945@example.com,Dallas,TX
Company 946,owner946@example.com,Dallas,TX
Company 947,owner947@example.com,Dallas,TX
Company 948,owner948@example.com,Dallas,TX
Company 949,owner949@example.com,Dallas,TX
Company 950,owner950@example.com,Dallas,TX
Company 951,owner951@example.com,Dallas,TX
Company 952,owner952@example.com,Dallas,TX
Company 953,owner953@example.com,Dallas,TX
Company 954,owner954@example.com,Dallas,TX
Company 955,owner955@example.com,Dallas,TX
Company 956,owner956@example.com,Dallas,TX
Company 957,owner957@example.com,Dallas,TX
Company 958,owner958@example.com,Dallas,TX
Company 959,owner959@example.com,Dallas,TX
Company 960,owner960@example.com,Dallas,TX
Company 961,owner961@example.com,Dallas,TX
Company 962,owner962@example.com,Dallas,TX
Company 963,owner963@example.com,Dallas,TX
Company 964,owner964@example.com,Dallas,TX
Company 965,owner965@example.com,Dallas,TX
Company 966,owner966@example.com,Dallas,TX
Company 967,owner967@example.com,Dallas,TX
Company 968,owner968@example.com,Dallas,TX
Company 969,owner969@example.com,Dallas,TX
Company 970,owner970@example.com,Dallas,TX
Company 971,owner971@example.com,Dallas,TX
Company 972,owner972@example.com,Dallas,TX
Company 973,owner973@example.com,Dallas,TX
Company 974,owner974@example.com,Dallas,TX
Company 975,owner975@example.com,Dallas,TX
Company 976,owner976@example.com,Dallas,TX
Company 977,owner977@example.com,Dallas,TX
Company 978,owner978@example.com,Dallas,TX
Company 979,owner979@example.com,Dallas,TX
Company 980,owner980@example.com,Dallas,TX
Company 981,owner981@example.com,Dallas,TX
Company 982,owner982@example.com,Dallas,TX
Company 983,owner983@example.com,Dallas,TX
Company 984,owner984@example.com,Dallas,TX
Company 985,owner985@example.com,Dallas,TX
Company 986,owner986@example.com,Dallas,TX
Company 987,owner987@example.com,Dallas,TX
Company 988,owner988@example.com,Dallas,TX
Company 989,owner989@example.com,Dallas,TX
Company 990,owner990@example.com,Dallas,TX
Company 991,owner991@example.com,Dallas,TX
Company 992,owner992@example.com,Dallas,TX
Company 993,owner993@example.com,Dallas,TX
Company 994,owner994@example.com,Dallas,TX
Company 995,owner995@example.com,Dallas,TX
Company 996,owner996@example.com,Dallas,TX
Company 997,owner997@example.com,Dallas,TX
Company 998,owner998@example.com,Dallas,TX
Company 999,owner999@example.com,Dallas,TX
Company 1000,owner1000@example.com,Dallas,TX
Company 1001,owner1001@example.com,Dallas,TX
Company 1002,owner1002@example.com,Dallas,TX
Company 1003,owner1003@example.com,Dallas,TX
Company 1004,owner1004@example.com,Dallas,TX
Company 1005,owner1005@example.com,Dallas,TX
Company 1006,owner1006@example.com,Dallas,TX
Company 1007,owner1007@example.com,Dallas,TX
Company 1008,owner1008@example.com,Dallas,TX
Company 1009,owner1009@example.com,Dallas,TX
Company 1010,owner1010@example.com,Dallas,TX
Company 1011,owner1011@example.com,Dallas,TX
Company 1012,owner1012@example.com,Dallas,TX
Company 1013,owner1013@example.com,Dallas,TX
Company 1014,owner1014@example.com,Dallas,TX
Company 1015,owner1015@example.com,Dallas,TX
Company 1016,owner1016@example.com,Dallas,TX
Company 1017,owner1017@example.com,Dallas,TX
Company 1018,owner1018@example.com,Dallas,TX
Company 1019,owner1019@example.com,Dallas,TX
Company 1020,owner1020@example.com,Dallas,TX
Company 1021,owner1021@example.com,Dallas,TX
Company 1022,owner1022@example.com,Dallas,TX
Company 1023,owner1023@example.com,Dallas,TX
Company 1024,owner1024@example.com,Dallas,TX
Company 1025,owner1025@example.com,Dallas,TX
Company 1026,owner1026@example.com,Dallas,TX
Company 1027,owner1027@example.com,Dallas,TX
Company 1028,owner1028@example.com,Dallas,TX
Company 1029,owner1029@example.com,Dallas,TX
Company 1030,owner1030@example.com,Dallas,TX
Company 1031,owner1031@example.com,Dallas,TX
Company 1032,owner1032@example.com,Dallas,TX
Company 1033,owner1033@example.com,Dallas,TX
Company 1034,owner1034@example.com,Dallas,TX
Company 1035,owner1035@example.com,Dallas,TX
Company 1036,owner1036@example.com,Dallas,TX
Company 1037,owner1037@example.com,Dallas,TX
Company 1038,owner1038@example.com,Dallas,TX
Company 1039,owner1039@example.com,Dallas,TX
Company 1040,owner1040@example.com,Dallas,TX
Company 1041,owner1041@example.com,Dallas,TX
Company 1042,owner1042@example.com,Dallas,TX
Company 1043,owner1043@example.com,Dallas,TX
Company 1044,owner1044@example.com,Dallas,TX
Company 1045,owner1045@example.com,Dallas,TX
Company 1046,owner1046@example.com,Dallas,TX
Company 1047,owner1047@example.com,Dallas,TX
Company 1048,owner1048@example.com,Dallas,TX
Company 1049,owner1049@example.com,Dallas,TX
Company 1050,owner1050@example.com,Dallas,TX
Company 1051,owner1051@example.com,Dallas,TX
Company 1052,owner1052@example.com,Dallas,TX
Company 1053,owner1053@example.com,Dallas,TX
Company 1054,owner1054@example.com,Dallas,TX
Company 1055,owner1055@example.com,Dallas,TX
Company 1056,owner1056@example.com,Dallas,TX
Company 1057,owner1057@example.com,Dallas,TX
Company 1058,owner1058@example.com,Dallas,TX
Company 1059,owner1059@example.com,Dallas,TX
Company 1060,owner1060@example.com,Dallas,TX
Company 1061,owner1061@example.com,Dallas,TX
Company 1062,owner1062@example.com,Dallas,TX
Company 1063,owner1063@example.com,Dallas,TX
Company 1064,owner1064@example.com,Dallas,TX
Company 1065,owner1065@example.com,Dallas,TX
Company 1066,owner1066@example.com,Dallas,TX
Company 1067,owner1067@example.com,Dallas,TX
Company 1068,owner1068@example.com,Dallas,TX
Company 1069,owner1069@example.com,Dallas,TX
Company 1070,owner1070@example.com,Dallas,TX
Company 1071,owner1071@example.com,Dallas,TX
Company 1072,owner1072@example.com,Dallas,TX
Company 1073,owner1073@example.com,Dallas,TX
Company 1074,owner1074@example.com,Dallas,TX
Company 1075,owner1075@example.com,Dallas,TX
Company 1076,owner1076@example.com,Dallas,TX
Company 1077,owner1077@example.com,Dallas,TX
Company 1078,owner1078@example.com,Dallas,TX
Company 1079,owner1079@example.com,Dallas,TX
Company 1080,owner1080@example.com,Dallas,TX
Company 1081,owner1081@example.com,Dallas,TX
Company 1082,owner1082@example.com,Dallas,TX
Company 1083,owner1083@example.com,Dallas,TX
Company 1084,owner1084@example.com,Dallas,TX
Company 1085,owner1085@example.com,Dallas,TX
Company 1086,owner1086@example.com,Dallas,TX
Company 1087,owner1087@example.com,Dallas,TX
Company 1088,owner1088@example.com,Dallas,TX
Company 1089,owner1089@example.com,Dallas,TX
Company 1090,owner1090@example.com,Dallas,TX
Company 1091,owner1091@example.com,Dallas,TX
Company 1092,owner1092@example.com,Dallas,TX
Company 1093,owner1093@example.com,Dallas,TX
Company 1094,owner1094@example.com,Dallas,TX
Company 1095,owner1095@example.com,Dallas,TX
Company 1096,owner1096@example.com,Dallas,TX
Company 1097,owner1097@example.com,Dallas,TX
Company 1098,owner1098@example.com,Dallas,TX
Company 1099,owner1099@example.com,Dallas,TX
Company 1100,owner1100@example.com,Dallas,TX
Company 1101,owner1101@example.com,Dallas,TX
Company 1102,owner1102@example.com,Dallas,TX
Company 1103,owner1103@example.com,Dallas,TX
Company 1104,owner1104@example.com,Dallas,TX
Company 1105,owner1105@example.com,Dallas,TX
Company 1106,owner1106@example.com,Dallas,TX
Company 1107,owner1107@example.com,Dallas,TX
Company 1108,owner1108@example.com,Dallas,TX
Company 1109,owner1109@example.com,Dallas,TX
Company 1110,owner1110@example.com,Dallas,TX
Company 1111,owner1111@example.com,Dallas,TX
Company 1112,owner1112@example.com,Dallas,TX
Company 1113,owner1113@example.com,Dallas,TX
Company 1114,owner1114@example.com,Dallas,TX
Company 1115,owner1115@example.com,Dallas,TX
Company 1116,owner1116@example.com,Dallas,TX
Company 1117,owner1117@example.com,Dallas,TX
Company 1118,owner1118@example.com,Dallas,TX
Company 1119,owner1119@example.com,Dallas,TX
Company 1120,owner1120@example.com,Dallas,TX
Company 1121,owner1121@example.com,Dallas,TX
Company 1122,owner1122@example.com,Dallas,TX
Company 1123,owner1123@example.com,Dallas,TX
Company 1124,owner1124@example.com,Dallas,TX
Company 1125,owner1125@example.com,Dallas,TX
Company 1126,owner1126@example.com,Dallas,TX
Company 1127,owner1127@example.com,Dallas,TX
Company 1128,owner1128@example.com,Dallas,TX
Company 1129,owner1129@example.com,Dallas,TX
Company 1130,owner1130@example.com,Dallas,TX
Company 1131,owner1131@example.com,Dallas,TX
Company 1132,owner1132@example.com,Dallas,TX
Company 1133,owner1133@example.com,Dallas,TX
Company 1134,owner1134@example.com,Dallas,TX
Company 1135,owner1135@example.com,Dallas,TX
Company 1136,owner1136@example.com,Dallas,TX
Company 1137,owner1137@example.com,Dallas,TX
Company 1138,owner1138@example.com,Dallas,TX
Company 1139,owner1139@example.com,Dallas,TX
Company 1140,owner1140@example.com,Dallas,TX
Company 1141,owner1141@example.com,Dallas,TX
Company 1142,owner1142@example.com,Dallas,TX
Company 1143,owner1143@example.com,Dallas,TX
Company 1144,owner1144@example.com,Dallas,TX
Company 1145,owner1145@example.com,Dallas,TX
Company 1146,owner1146@example.com,Dallas,TX
Company 1147,owner1147@example.com,Dallas,TX
Company 1148,owner1148@example.com,Dallas,TX
Company 1149,owner1149@example.com,Dallas,TX
Company 1150,owner1150@example.com,Dallas,TX
Company 1151,owner1151@example.com,Dallas,TX
Company 1152,owner1152@example.com,Dallas,TX
Company 1153,owner1153@example.com,Dallas,TX
Company 1154,owner1154@example.com,Dallas,TX
Company 1155,owner1155@example.com,Dallas,TX
Company 1156,owner1156@example.com,Dallas,TX
Company 1157,owner1157@example.com,Dallas,TX
Company 1158,owner1158@example.com,Dallas,TX
Company 1159,owner1159@example.com,Dallas,TX
Company 1160,owner1160@example.com,Dallas,TX
Company 1161,owner1161@example.com,Dallas,TX
Company 1162,owner1162@example.com,Dallas,TX
Company 1163,owner1163@example.com,Dallas,TX
Company 1164,owner1164@example.com,Dallas,TX
Company 1165,owner1165@example.com,Dallas,TX
Company 1166,owner1166@example.com,Dallas,TX
Company 1167,owner1167@example.com,Dallas,TX
Company 1168,owner1168@example.com,Dallas,TX
Company 1169,owner1169@example.com,Dallas,TX
Company 1170,owner1170@example.com,Dallas,TX
Company 1171,owner1171@example.com,Dallas,TX
Company 1172,owner1172@example.com,Dallas,TX
Company 1173,owner1173@example.com,Dallas,TX
Company 1174,owner1174@example.com,Dallas,TX
Company 1175,owner1175@example.com,Dallas,TX
Company 1176,owner1176@example.com,Dallas,TX
Company 1177,owner1177@example.com,Dallas,TX
Company 1178,owner1178@example.com,Dallas,TX
Company 1179,owner1179@example.com,Dallas,TX
Company 1180,owner1180@example.com,Dallas,TX
Company 1181,owner1181@example.com,Dallas,TX
Company 1182,owner1182@example.com,Dallas,TX
Company 1183,owner1183@example.com,Dallas,TX
Company 1184,owner1184@example.com,Dallas,TX
Company 1185,owner1185@example.com,Dallas,TX
Company 1186,owner1186@example.com,Dallas,TX
Company 1187,owner1187@example.com,Dallas,TX
Company 1188,owner1188@example.com,Dallas,TX
Company 1189,owner1189@example.com,Dallas,TX
Company 1190,owner1190@example.com,Dallas,TX
Company 1191,owner1191@example.com,Dallas,TX
Company 1192,owner1192@example.com,Dallas,TX
Company 1193,owner1193@example.com,Dallas,TX
Company 1194,owner1194@example.com,Dallas,TX
Company 1195,owner1195@example.com,Dallas,TX
Company 1196,owner1196@example.com,Dallas,TX
Company 1197,owner1197@example.com,Dallas,TX
Company 1198,owner1198@example.com,Dallas,TX
Company 1199,owner1199@example.com,Dallas,TX
Company 1200,owner1200@example.com,Dallas,TX
Company 1201,owner1201@example.com,Dallas,TX
Company 1202,owner1202@example.com,Dallas,TX
Company 1203,owner1203@example.com,Dallas,TX
Company 1204,owner1204@example.com,Dallas,TX
Company 1205,owner1205@example.com,Dallas,TX
Company 1206,owner1206@example.com,Dallas,TX
Company 1207,owner1207@example.com,Dallas,TX
Company 1208,owner1208@example.com,Dallas,TX
Company 1209,owner1209@example.com,Dallas,TX
Company 1210,owner1210@example.com,Dallas,TX
Company 1211,owner1211@example.com,Dallas,TX
Company 1212,owner1212@example.com,Dallas,TX
Company 1213,owner1213@example.com,Dallas,TX
Company 1214,owner1214@example.com,Dallas,TX
Company 1215,owner1215@example.com,Dallas,TX
Company 1216,owner1216@example.com,Dallas,TX
Company 1217,owner1217@example.com,Dallas,TX
Company 1218,owner1218@example.com,Dallas,TX
Company 1219,owner1219@example.com,Dallas,TX
Company 1220,owner1220@example.com,Dallas,TX
Company 1221,owner1221@example.com,Dallas,TX
Company 1222,owner1222@example.com,Dallas,TX
Company 1223,owner1223@example.com,Dallas,TX
Company 1224,owner1224@example.com,Dallas,TX
Company 1225,owner1225@example.com,Dallas,TX
Company 1226,owner1226@example.com,Dallas,TX
Company 1227,owner1227@example.com,Dallas,TX
Company 1228,owner1228@example.com,Dallas,TX
Company 1229,owner1229@example.com,Dallas,TX
Company 1230,owner1230@example.com,Dallas,TX
Company 1231,owner1231@example.com,Dallas,TX
Company 1232,owner1232@example.com,Dallas,TX
Company 1233,owner1233@example.com,Dallas,TX
Company 1234,owner1234@example.com,Dallas,TX
Company 1235,owner1235@example.com,Dallas,TX
Company 1236,owner1236@example.com,Dallas,TX
Company 1237,owner1237@example.com,Dallas,TX
Company 1238,owner1238@example.com,Dallas,TX
Company 1239,owner1239@example.com,Dallas,TX
Company 1240,owner1240@example.com,Dallas,TX
Company 1241,owner1241@example.com,Dallas,TX
Company 1242,owner1242@example.com,Dallas,TX
Company 1243,owner1243@example.com,Dallas,TX
Company 1244,owner1244@example.com,Dallas,TX
Company 1245,owner1245@example.com,Dallas,TX
Company 1246,owner1246@example.com,Dallas,TX
Company 1247,owner1247@example.com,Dallas,TX
Company 1248,owner1248@example.com,Dallas,TX
Company 1249,owner1249@example.com,Dallas,TX
Company 1250,owner1250@example.com,Dallas,TX
Company 1251,owner1251@example.com,Dallas,TX
Company 1252,owner1252@example.com,Dallas,TX
Company 1253,owner1253@example.com,Dallas,TX
Company 1254,owner1254@example.com,Dallas,TX
Company 1255,owner1255@example.com,Dallas,TX
Company 1256,owner1256@example.com,Dallas,TX
Company 1257,owner1257@example.com,Dallas,TX
Company 1258,owner1258@example.com,Dallas,TX
Company 1259,owner1259@example.com,Dallas,TX
Company 1260,owner1260@example.com,Dallas,TX
Company 1261,owner1261@example.com,Dallas,TX
Company 1262,owner1262@example.com,Dallas,TX
Company 1263,owner1263@example.com,Dallas,TX
Company 1264,owner1264@example.com,Dallas,TX
Company 1265,owner1265@example.com,Dallas,TX
Company 1266,owner1266@example.com,Dallas,TX
Company 1267,owner1267@example.com,Dallas,TX
Company 1268,owner1268@example.com,Dallas,TX
Company 1269,owner1269@example.com,Dallas,TX
Company 1270,owner1270@example.com,Dallas,TX
Company 1271,owner1271@example.com,Dallas,TX
Company 1272,owner1272@example.com,Dallas,TX
Company 1273,owner1273@example.com,Dallas,TX
Company 1274,owner1274@example.com,Dallas,TX
Company 1275,owner1275@example.com,Dallas,TX
Company 1276,owner1276@example.com,Dallas,TX
Company 1277,owner1277@example.com,Dallas,TX
Company 1278,owner1278@example.com,Dallas,TX
Company 1279,owner1279@example.com,Dallas,TX
Company 1280,owner1280@example.com,Dallas,TX
Company 1281,owner1281@example.com,Dallas,TX
Company 1282,owner1282@example.com,Dallas,TX
Company 1283,owner1283@example.com,Dallas,TX
Company 1284,owner1284@example.com,Dallas,TX
Company 1285,owner1285@example.com,Dallas,TX
Company 1286,owner1286@example.com,Dallas,TX
Company 1287,owner1287@example.com,Dallas,TX
Company 1288,owner1288@example.com,Dallas,TX
Company 1289,owner1289@example.com,Dallas,TX
Company 1290,owner1290@example.com,Dallas,TX
Company 1291,owner1291@example.com,Dallas,TX
Company 1292,owner1292@example.com,Dallas,TX
Company 1293,owner1293@example.com,Dallas,TX
Company 1294,owner1294@example.com,Dallas,TX
Company 1295,owner1295@example.com,Dallas,TX
Company 1296,owner1296@example.com,Dallas,TX
Company 1297,owner1297@example.com,Dallas,TX
Company 1298,owner1298@example.com,Dallas,TX
Company 1299,owner1299@example.com,Dallas,TX
Company 1300,owner1300@example.com,Dallas,TX
Company 1301,owner1301@example.com,Dallas,TX
Company 1302,owner1302@example.com,Dallas,TX
Company 1303,owner1303@example.com,Dallas,TX
Company 1304,owner1304@example.com,Dallas,TX
Company 1305,owner1305@example.com,Dallas,TX
Company 1306,owner1306@example.com,Dallas,TX
Company 1307,owner1307@example.com,Dallas,TX
Company 1308,owner1308@example.com,Dallas,TX
Company 1309,owner1309@example.com,Dallas,TX
Company 1310,owner1310@example.com,Dallas,TX
Company 1311,owner1311@example.com,Dallas,TX
Company 1312,owner1312@example.com,Dallas,TX
Company 1313,owner1313@example.com,Dallas,TX
Company 1314,owner1314@example.com,Dallas,TX
Company 1315,owner1315@example.com,Dallas,TX
Company 1316,owner1316@example.com,Dallas,TX
Company 1317,owner1317@example.com,Dallas,TX
Company 1318,owner1318@example.com,Dallas,TX
Company 1319,owner1319@example.com,Dallas,TX
Company 1320,owner1320@example.com,Dallas,TX
Company 1321,owner1321@example.com,Dallas,TX
Company 1322,owner1322@example.com,Dallas,TX
Company 1323,owner1323@example.com,Dallas,TX
Company 1324,owner1324@example.com,Dallas,TX
Company 1325,owner1325@example.com,Dallas,TX
Company 1326,owner1326@example.com,Dallas,TX
Company 1327,owner1327@example.com,Dallas,TX
Company 1328,owner1328@example.com,Dallas,TX
Company 1329,owner1329@example.com,Dallas,TX
Company 1330,owner1330@example.com,Dallas,TX
Company 1331,owner1331@example.com,Dallas,TX
Company 1332,owner1332@example.com,Dallas,TX
Company 1333,owner1333@example.com,Dallas,TX
Company 1334,owner1334@example.com,Dallas,TX
Company 1335,owner1335@example.com,Dallas,TX
Company 1336,owner1336@example.com,Dallas,TX
Company 1337,owner1337@example.com,Dallas,TX
Company 1338,owner1338@example.com,Dallas,TX
Company 1339,owner1339@example.com,Dallas,TX
Company 1340,owner1340@example.com,Dallas,TX
Company 1341,owner1341@example.com,Dallas,TX
Company 1342,owner1342@example.com,Dallas,TX
Company 1343,owner1343@example.com,Dallas,TX
Company 1344,owner1344@example.com,Dallas,TX
Company 1345,owner1345@example.com,Dallas,TX
Company 1346,owner1346@example.com,Dallas,TX
Company 1347,owner1347@example.com,Dallas,TX
Company 1348,owner1348@example.com,Dallas,TX
Company 1349,owner1349@example.com,Dallas,TX
Company 1350,owner1350@example.com,Dallas,TX
Company 1351,owner1351@example.com,Dallas,TX
Company 1352,owner1352@example.com,Dallas,TX
Company 1353,owner1353@example.com,Dallas,TX
Company 1354,owner1354@example.com,Dallas,TX
Company 1355,owner1355@example.com,Dallas,TX
Company 1356,owner1356@example.com,Dallas,TX
Company 1357,owner1357@example.com,Dallas,TX
Company 1358,owner1358@example.com,Dallas,TX
Company 1359,owner1359@example.com,Dallas,TX
Company 1360,owner1360@example.com,Dallas,TX
Company 1361,owner1361@example.com,Dallas,TX
Company 1362,owner1362@example.com,Dallas,TX
Company 1363,owner1363@example.com,Dallas,TX
Company 1364,owner1364@example.com,Dallas,TX
Company 1365,owner1365@example.com,Dallas,TX
Company 1366,owner1366@example.com,Dallas,TX
Company 1367,owner1367@example.com,Dallas,TX
Company 1368,owner1368@example.com,Dallas,TX
Company 1369,owner1369@example.com,Dallas,TX
Company 1370,owner1370@example.com,Dallas,TX
Company 1371,owner1371@example.com,Dallas,TX
Company 1372,owner1372@example.com,Dallas,TX
Company 1373,owner1373@example.com,Dallas,TX
Company 1374,owner1374@example.com,Dallas,TX
Company 1375,owner1375@example.com,Dallas,TX
Company 1376,owner1376@example.com,Dallas,TX
Company 1377,owner1377@example.com,Dallas,TX
Company 1378,owner1378@example.com,Dallas,TX
Company 1379,owner1379@example.com,Dallas,TX
Company 1380,owner1380@example.com,Dallas,TX
Company 1381,owner1381@example.com,Dallas,TX
Company 1382,owner1382@example.com,Dallas,TX
Company 1383,owner1383@example.com,Dallas,TX
Company 1384,owner1384@example.com,Dallas,TX
Company 1385,owner1385@example.com,Dallas,TX
Company 1386,owner1386@example.com,Dallas,TX
Company 1387,owner1387@example.com,Dallas,TX
Company 1388,owner1388@example.com,Dallas,TX
Company 1389,owner1389@example.com,Dallas,TX
Company 1390,owner1390@example.com,Dallas,TX
Company 1391,owner1391@example.com,Dallas,TX
Company 1392,owner1392@example.com,Dallas,TX
Company 1393,owner1393@example.com,Dallas,TX
Company 1394,owner1394@example.com,Dallas,TX
Company 1395,owner1395@example.com,Dallas,TX
Company 1396,owner1396@example.com,Dallas,TX
Company 1397,owner1397@example.com,Dallas,TX
Company 1398,owner1398@example.com,Dallas,TX
Company 1399,owner1399@example.com,Dallas,TX
Company 1400,owner1400@example.com,Dallas,TX
Company 1401,owner1401@example.com,Dallas,TX
Company 1402,owner1402@example.com,Dallas,TX
Company 1403,owner1403@example.com,Dallas,TX
Company 1404,owner1404@example.com,Dallas,TX
Company 1405,owner1405@example.com,Dallas,TX
Company 1406,owner1406@example.com,Dallas,TX
Company 1407,owner1407@example.com,Dallas,TX
Company 1408,owner1408@example.com,Dallas,TX
Company 1409,owner1409@example.com,Dallas,TX
Company 1410,owner1410@example.com,Dallas,TX
Company 1411,owner1411@example.com,Dallas,TX
Company 1412,owner1412@example.com,Dallas,TX
Company 1413,owner1413@example.com,Dallas,TX
Company 1414,owner1414@example.com,Dallas,TX
Company 1415,owner1415@example.com,Dallas,TX
Company 1416,owner1416@example.com,Dallas,TX
Company 1417,owner1417@example.com,Dallas,TX
Company 1418,owner1418@example.com,Dallas,TX
Company 1419,owner1419@example.com,Dallas,TX
Company 1420,owner1420@example.com,Dallas,TX
Company 1421,owner1421@example.com,Dallas,TX
Company 1422,owner1422@example.com,Dallas,TX
Company 1423,owner1423@example.com,Dallas,TX
Company 1424,owner1424@example.com,Dallas,TX
Company 1425,owner1425@example.com,Dallas,TX
Company 1426,owner1426@example.com,Dallas,TX
Company 1427,owner1427@example.com,Dallas,TX
Company 1428,owner1428@example.com,Dallas,TX
Company 1429,owner1429@example.com,Dallas,TX
Company 1430,owner1430@example.com,Dallas,TX
Company 1431,owner1431@example.com,Dallas,TX
Company 1432,owner1432@example.com,Dallas,TX
Company 1433,owner1433@example.com,Dallas,TX
Company 1434,owner1434@example.com,Dallas,TX
Company 1435,owner1435@example.com,Dallas,TX
Company 1436,owner1436@example.com,Dallas,TX
Company 1437,owner1437@example.com,Dallas,TX
Company 1438,owner1438@example.com,Dallas,TX
Company 1439,owner1439@example.com,Dallas,TX
Company 1440,owner1440@example.com,Dallas,TX
Company 1441,owner1441@example.com,Dallas,TX
Company 1442,owner1442@example.com,Dallas,TX
Company 1443,owner1443@example.com,Dallas,TX
Company 1444,owner1444@example.com,Dallas,TX
Company 1445,owner1445@example.com,Dallas,TX
Company 1446,owner1446@example.com,Dallas,TX
Company 1447,owner1447@example.com,Dallas,TX
Company 1448,owner1448@example.com,Dallas,TX
Company 1449,owner1449@example.com,Dallas,TX
Company 1450,owner1450@example.com,Dallas,TX
Company 1451,owner1451@example.com,Dallas,TX
Company 1452,owner1452@example.com,Dallas,TX
Company 1453,owner1453@example.com,Dallas,TX
Company 1454,owner1454@example.com,Dallas,TX
Company 1455,owner1455@example.com,Dallas,TX
Company 1456,owner1456@example.com,Dallas,TX
Company 1457,owner1457@example.com,Dallas,TX
Company 1458,owner1458@example.com,Dallas,TX
Company 1459,owner1459@example.com,Dallas,TX
Company 1460,owner1460@example.com,Dallas,TX
Company 1461,owner1461@example.com,Dallas,TX
Company 1462,owner1462@example.com,Dallas,TX
Company 1463,owner1463@example.com,Dallas,TX
Company 1464,owner1464@example.com,Dallas,TX
Company 1465,owner1465@example.com,Dallas,TX
Company 1466,owner1466@example.com,Dallas,TX
Company 1467,owner1467@example.com,Dallas,TX
Company 1468,owner1468@example.com,Dallas,TX
Company 1469,owner1469@example.com,Dallas,TX
Company 1470,owner1470@example.com,Dallas,TX
Company 1471,owner1471@example.com,Dallas,TX
Company 1472,owner1472@example.com,Dallas,TX
Company 1473,owner1473@example.com,Dallas,TX
Company 1474,owner1474@example.com,Dallas,TX
Company 1475,owner1475@example.com,Dallas,TX
Company 1476,owner1476@example.com,Dallas,TX
Company 1477,owner1477@example.com,Dallas,TX
Company 1478,owner1478@example.com,Dallas,TX
Company 1479,owner1479@example.com,Dallas,TX
Company 1480,owner1480@example.com,Dallas,TX
Company 1481,owner1481@example.com,Dallas,TX
Company 1482,owner1482@example.com,Dallas,TX
Company 1483,owner1483@example.com,Dallas,TX
Company 1484,owner1484@example.com,Dallas,TX
Company 1485,owner1485@example.com,Dallas,TX
Company 1486,owner1486@example.com,Dallas,TX
Company 1487,owner1487@example.com,Dallas,TX
Company 1488,owner1488@example.com,Dallas,TX
Company 1489,owner1489@example.com,Dallas,TX
Company 1490,owner1490@example.com,Dallas,TX
Company 1491,owner1491@example.com,Dallas,TX
Company 1492,owner1492@example.com,Dallas,TX
Company 1493,owner1493@example.com,Dallas,TX
Company 1494,owner1494@example.com,Dallas,TX
Company 1495,owner1495@example.com,Dallas,TX
Company 1496,owner1496@example.com,Dallas,TX
Company 1497,owner1497@example.com,Dallas,TX
Company 1498,owner1498@example.com,Dallas,TX
Company 1499,owner1499@example.com,Dallas,TX
Company 1500,owner1500@example.com,Dallas,TX
Company 1501,owner1501@example.com,Dallas,TX
Company 1502,owner1502@example.com,Dallas,TX
Company 1503,owner1503@example.com,Dallas,TX
Company 1504,owner1504@example.com,Dallas,TX
Company 1505,owner1505@example.com,Dallas,TX
Company 1506,owner1506@example.com,Dallas,TX
Company 1507,owner1507@example.com,Dallas,TX
Company 1508,owner1508@example.com,Dallas,TX
Company 1509,owner1509@example.com,Dallas,TX
Company 1510,owner1510@example.com,Dallas,TX
Company 1511,owner1511@example.com,Dallas,TX
Company 1512,owner1512@example.com,Dallas,TX
Company 1513,owner1513@example.com,Dallas,TX
Company 1514,owner1514@example.com,Dallas,TX
Company 1515,owner1515@example.com,Dallas,TX
Company 1516,owner1516@example.com,Dallas,TX
Company 1517,owner1517@example.com,Dallas,TX
Company 1518,owner1518@example.com,Dallas,TX
Company 1519,owner1519@example.com,Dallas,TX
Company 1520,owner1520@example.com,Dallas,TX
Company 1521,owner1521@example.com,Dallas,TX
Company 1522,owner1522@example.com,Dallas,TX
Company 1523,owner1523@example.com,Dallas,TX
Company 1524,owner1524@example.com,Dallas,TX
Company 1525,owner1525@example.com,Dallas,TX
Company 1526,owner1526@example.com,Dallas,TX
Company 1527,owner1527@example.com,Dallas,TX
Company 1528,owner1528@example.com,Dallas,TX
Company 1529,owner1529@example.com,Dallas,TX
Company 1530,owner1530@example.com,Dallas,TX
Company 1531,owner1531@example.com,Dallas,TX
Company 1532,owner1532@example.com,Dallas,TX
Company 1533,owner1533@example.com,Dallas,TX
Company 1534,owner1534@example.com,Dallas,TX
Company 1535,owner1535@example.com,Dallas,TX
Company 1536,owner1536@example.com,Dallas,TX
Company 1537,owner1537@example.com,Dallas,TX
Company 1538,owner1538@example.com,Dallas,TX
Company 1539,owner1539@example.com,Dallas,TX
Company 1540,owner1540@example.com,Dallas,TX
Company 1541,owner1541@example.com,Dallas,TX
Company 1542,owner1542@example.com,Dallas,TX
Company 1543,owner1543@example.com,Dallas,TX
Company 1544,owner1544@example.com,Dallas,TX
Company 1545,owner1545@example.com,Dallas,TX
Company 1546,owner1546@example.com,Dallas,TX
Company 1547,owner1547@example.com,Dallas,TX
Company 1548,owner1548@example.com,Dallas,TX
Company 1549,owner1549@example.com,Dallas,TX
Company 1550,owner1550@example.com,Dallas,TX
Company 1551,owner1551@example.com,Dallas,TX
Company 1552,owner1552@example.com,Dallas,TX
Company 1553,owner1553@example.com,Dallas,TX
Company 1554,owner1554@example.com,Dallas,TX
Company 1555,owner1555@example.com,Dallas,TX
Company 1556,owner1556@example.com,Dallas,TX
Company 1557,owner1557@example.com,Dallas,TX
Company 1558,owner1558@example.com,Dallas,TX
Company 1559,owner1559@example.com,Dallas,TX
Company 1560,owner1560@example.com,Dallas,TX
Company 1561,owner1561@example.com,Dallas,TX
Company 1562,owner1562@example.com,Dallas,TX
Company 1563,owner1563@example.com,Dallas,TX
Company 1564,owner1564@example.com,Dallas,TX
Company 1565,owner1565@example.com,Dallas,TX
Company 1566,owner1566@example.com,Dallas,TX
Company 1567,owner1567@example.com,Dallas,TX
Company 1568,owner1568@example.com,Dallas,TX
Company 1569,owner1569@example.com,Dallas,TX
Company 1570,owner1570@example.com,Dallas,TX
Company 1571,owner1571@example.com,Dallas,TX
Company 1572,owner1572@example.com,Dallas,TX
Company 1573,owner1573@example.com,Dallas,TX
Company 1574,owner1574@example.com,Dallas,TX
Company 1575,owner1575@example.com,Dallas,TX
Company 1576,owner1576@example.com,Dallas,TX
Company 1577,owner1577@example.com,Dallas,TX
Company 1578,owner1578@example.com,Dallas,TX
Company 1579,owner1579@example.com,Dallas,TX
Company 1580,owner1580@example.com,Dallas,TX
Company 1581,owner1581@example.com,Dallas,TX
Company 1582,owner1582@example.com,Dallas,TX
Company 1583,owner1583@example.com,Dallas,TX
Company 1584,owner1584@example.com,Dallas,TX
Company 1585,owner1585@example.com,Dallas,TX
Company 1586,owner1586@example.com,Dallas,TX
Company 1587,owner1587@example.com,Dallas,TX
Company 1588,owner1588@example.com,Dallas,TX
Company 1589,owner1589@example.com,Dallas,TX
Company 1590,owner1590@example.com,Dallas,TX
Company 1591,owner1591@example.com,Dallas,TX
Company 1592,owner1592@example.com,Dallas,TX
Company 1593,owner1593@example.com,Dallas,TX
Company 1594,owner1594@example.com,Dallas,TX
Company 1595,owner1595@example.com,Dallas,TX
Company 1596,owner1596@example.com,Dallas,TX
Company 1597,owner1597@example.com,Dallas,TX
Company 1598,owner1598@example.com,Dallas,TX
Company 1599,owner1599@example.com,Dallas,TX
Company 1600,owner1600@example.com,Dallas,TX
Company 1601,owner1601@example.com,Dallas,TX
Company 1602,owner1602@example.com,Dallas,TX
Company 1603,owner1603@example.com,Dallas,TX
Company 1604,owner1604@example.com,Dallas,TX
Company 1605,owner1605@example.com,Dallas,TX
Company 1606,owner1606@example.com,Dallas,TX
Company 1607,owner1607@example.com,Dallas,TX
Company 1608,owner1608@example.com,Dallas,TX
Company 1609,owner1609@example.com,Dallas,TX
Company 1610,owner1610@example.com,Dallas,TX
Company 1611,owner1611@example.com,Dallas,TX
Company 1612,owner1612@example.com,Dallas,TX
Company 1613,owner1613@example.com,Dallas,TX
Company 1614,owner1614@example.com,Dallas,TX
Company 1615,owner1615@example.com,Dallas,TX
Company 1616,owner1616@example.com,Dallas,TX
Company 1617,owner1617@example.com,Dallas,TX
Company 1618,owner1618@example.com,Dallas,TX
Company 1619,owner1619@example.com,Dallas,TX
Company 1620,owner1620@example.com,Dallas,TX
Company 1621,owner1621@example.com,Dallas,TX
Company 1622,owner1622@example.com,Dallas,TX
Company 1623,owner1623@example.com,Dallas,TX
Company 1624,owner1624@example.com,Dallas,TX
Company 1625,owner1625@example.com,Dallas,TX
Company 1626,owner1626@example.com,Dallas,TX
Company 1627,owner1627@example.com,Dallas,TX
Company 1628,owner1628@example.com,Dallas,TX
Company 1629,owner1629@example.com,Dallas,TX
Company 1630,owner1630@example.com,Dallas,TX
Company 1631,owner1631@example.com,Dallas,TX
Company 1632,owner1632@example.com,Dallas,TX
Company 1633,owner1633@example.com,Dallas,TX
Company 1634,owner1634@example.com,Dallas,TX
Company 1635,owner1635@example.com,Dallas,TX
Company 1636,owner1636@example.com,Dallas,TX
Company 1637,owner1637@example.com,Dallas,TX
Company 1638,owner1638@example.com,Dallas,TX
Company 1639,owner1639@example.com,Dallas,TX
Company 1640,owner1640@example.com,Dallas,TX
Company 1641,owner1641@example.com,Dallas,TX
Company 1642,owner1642@example.com,Dallas,TX
Company 1643,owner1643@example.com,Dallas,TX
Company 1644,owner1644@example.com,Dallas,TX
Company 1645,owner1645@example.com,Dallas,TX
Company 1646,owner1646@example.com,Dallas,TX
Company 1647,owner1647@example.com,Dallas,TX
Company 1648,owner1648@example.com,Dallas,TX
Company 1649,owner1649@example.com,Dallas,TX
Company 1650,owner1650@example.com,Dallas,TX
Company 1651,owner1651@example.com,Dallas,TX
Company 1652,owner1652@example.com,Dallas,TX
Company 1653,owner1653@example.com,Dallas,TX
Company 1654,owner1654@example.com,Dallas,TX
Company 1655,owner1655@example.com,Dallas,TX
Company 1656,owner1656@example.com,Dallas,TX
Company 1657,owner1657@example.com,Dallas,TX
Company 1658,owner1658@example.com,Dallas,TX
Company 1659,owner1659@example.com,Dallas,TX
Company 1660,owner1660@example.com,Dallas,TX
Company 1661,owner1661@example.com,Dallas,TX
Company 1662,owner1662@example.com,Dallas,TX
Company 1663,owner1663@example.com,Dallas,TX
Company 1664,owner1664@example.com,Dallas,TX
Company 1665,owner1665@example.com,Dallas,TX
Company 1666,owner1666@example.com,Dallas,TX
Company 1667,owner1667@example.com,Dallas,TX
Company 1668,owner1668@example.com,Dallas,TX
Company 1669,owner1669@example.com,Dallas,TX
Company 1670,owner1670@example.com,Dallas,TX
Company 1671,owner1671@example.com,Dallas,TX
Company 1672,owner1672@example.com,Dallas,TX
Company 1673,owner1673@example.com,Dallas,TX
Company 1674,owner1674@example.com,Dallas,TX
Company 1675,owner1675@example.com,Dallas,TX
Company 1676,owner1676@example.com,Dallas,TX
Company 1677,owner1677@example.com,Dallas,TX
Company 1678,owner1678@example.com,Dallas,TX
Company 1679,owner1679@example.com,Dallas,TX
Company 1680,owner1680@example.com,Dallas,TX
Company 1681,owner1681@example.com,Dallas,TX
Company 1682,owner1682@example.com,Dallas,TX
Company 1683,owner1683@example.com,Dallas,TX
Company 1684,owner1684@example.com,Dallas,TX
Company 1685,owner1685@example.com,Dallas,TX
Company 1686,owner1686@example.com,Dallas,TX
Company 1687,owner1687@example.com,Dallas,TX
Company 1688,owner1688@example.com,Dallas,TX
Company 1689,owner1689@example.com,Dallas,TX
Company 1690,owner1690@example.com,Dallas,TX
Company 1691,owner1691@example.com,Dallas,TX
Company 1692,owner1692@example.com,Dallas,TX
Company 1693,owner1693@example.com,Dallas,TX
Company 1694,owner1694@example.com,Dallas,TX
Company 1695,owner1695@example.com,Dallas,TX
Company 1696,owner1696@example.com,Dallas,TX
Company 1697,owner1697@example.com,Dallas,TX
Company 1698,owner1698@example.com,Dallas,TX
Company 1699,owner1699@example.com,Dallas,TX
Company 1700,owner1700@example.com,Dallas,TX
Company 1701,owner1701@example.com,Dallas,TX
Company 1702,owner1702@example.com,Dallas,TX
Company 1703,owner1703@example.com,Dallas,TX
Company 1704,owner1704@example.com,Dallas,TX
Company 1705,owner1705@example.com,Dallas,TX
Company 1706,owner1706@example.com,Dallas,TX
Company 1707,owner1707@example.com,Dallas,TX
Company 1708,owner1708@example.com,Dallas,TX
Company 1709,owner1709@example.com,Dallas,TX
Company 1710,owner1710@example.com,Dallas,TX
Company 1711,owner1711@example.com,Dallas,TX
Company 1712,owner1712@example.com,Dallas,TX
Company 1713,owner1713@example.com,Dallas,TX
Company 1714,owner1714@example.com,Dallas,TX
Company 1715,owner1715@example.com,Dallas,TX
Company 1716,owner1716@example.com,Dallas,TX
Company 1717,owner1717@example.com,Dallas,TX
Company 1718,owner1718@example.com,Dallas,TX
Company 1719,owner1719@example.com,Dallas,TX
Company 1720,owner1720@example.com,Dallas,TX
Company 1721,owner1721@example.com,Dallas,TX
Company 1722,owner1722@example.com,Dallas,TX
Company 1723,owner1723@example.com,Dallas,TX
Company 1724,owner1724@example.com,Dallas,TX
Company 1725,owner1725@example.com,Dallas,TX
Company 1726,owner1726@example.com,Dallas,TX
Company 1727,owner1727@example.com,Dallas,TX
Company 1728,owner1728@example.com,Dallas,TX
Company 1729,owner1729@example.com,Dallas,TX
Company 1730,owner1730@example.com,Dallas,TX
Company 1731,owner1731@example.com,Dallas,TX
Company 1732,owner1732@example.com,Dallas,TX
Company 1733,owner1733@example.com,Dallas,TX
Company 1734,owner1734@example.com,Dallas,TX
Company 1735,owner1735@example.com,Dallas,TX
Company 1736,owner1736@example.com,Dallas,TX
Company 1737,owner1737@example.com,Dallas,TX
Company 1738,owner1738@example.com,Dallas,TX
Company 1739,owner1739@example.com,Dallas,TX
Company 1740,owner1740@example.com,Dallas,TX
Company 1741,owner1741@example.com,Dallas,TX
Company 1742,owner1742@example.com,Dallas,TX
Company 1743,owner1743@example.com,Dallas,TX
Company 1744,owner1744@example.com,Dallas,TX
Company 1745,owner1745@example.com,Dallas,TX
Company 1746,owner1746@example.com,Dallas,TX
Company 1747,owner1747@example.com,Dallas,TX
Company 1748,owner1748@example.com,Dallas,TX
Company 1749,owner1749@example.com,Dallas,TX
Company 1750,owner1750@example.com,Dallas,TX
Company 1751,owner1751@example.com,Dallas,TX
Company 1752,owner1752@example.com,Dallas,TX
Company 1753,owner1753@example.com,Dallas,TX
Company 1754,owner1754@example.com,Dallas,TX
Company 1755,owner1755@example.com,Dallas,TX
Company 1756,owner1756@example.com,Dallas,TX
Company 1757,owner1757@example.com,Dallas,TX
Company 1758,owner1758@example.com,Dallas,TX
Company 1759,owner1759@example.com,Dallas,TX
Company 1760,owner1760@example.com,Dallas,TX
Company 1761,owner1761@example.com,Dallas,TX
Company 1762,owner1762@example.com,Dallas,TX
Company 1763,owner1763@example.com,Dallas,TX
Company 1764,owner1764@example.com,Dallas,TX
Company 1765,owner1765@example.com,Dallas,TX
Company 1766,owner1766@example.com,Dallas,TX
Company 1767,owner1767@example.com,Dallas,TX
Company 1768,owner1768@example.com,Dallas,TX
Company 1769,owner1769@example.com,Dallas,TX
Company 1770,owner1770@example.com,Dallas,TX
Company 1771,owner1771@example.com,Dallas,TX
Company 1772,owner1772@example.com,Dallas,TX
Company 1773,owner1773@example.com,Dallas,TX
Company 1774,owner1774@example.com,Dallas,TX
Company 1775,owner1775@example.com,Dallas,TX
Company 1776,owner1776@example.com,Dallas,TX
Company 1777,owner1777@example.com,Dallas,TX
Company 1778,owner1778@example.com,Dallas,TX
Company 1779,owner1779@example.com,Dallas,TX
Company 1780,owner1780@example.com,Dallas,TX
Company 1781,owner1781@example.com,Dallas,TX
Company 1782,owner1782@example.com,Dallas,TX
Company 1783,owner1783@example.com,Dallas,TX
Company 1784,owner1784@example.com,Dallas,TX
Company 1785,owner1785@example.com,Dallas,TX
Company 1786,owner1786@example.com,Dallas,TX
Company 1787,owner1787@example.com,Dallas,TX
Company 1788,owner1788@example.com,Dallas,TX
Company 1789,owner1789@example.com,Dallas,TX
Company 1790,owner1790@example.com,Dallas,TX
Company 1791,owner1791@example.com,Dallas,TX
Company 1792,owner1792@example.com,Dallas,TX
Company 1793,owner1793@example.com,Dallas,TX
Company 1794,owner1794@example.com,Dallas,TX
Company 1795,owner1795@example.com,Dallas,TX
Company 1796,owner1796@example.com,Dallas,TX
Company 1797,owner1797@example.com,Dallas,TX
Company 1798,owner1798@example.com,Dallas,TX
Company 1799,owner1799@example.com,Dallas,TX
Company 1800,owner1800@example.com,Dallas,TX
Company 1801,owner1801@example.com,Dallas,TX
Company 1802,owner1802@example.com,Dallas,TX
Company 1803,owner1803@example.com,Dallas,TX
Company 1804,owner1804@example.com,Dallas,TX
Company 1805,owner1805@example.com,Dallas,TX
Company 1806,owner1806@example.com,Dallas,TX
Company 1807,owner1807@example.com,Dallas,TX
Company 1808,owner1808@example.com,Dallas,TX
Company 1809,owner1809@example.com,Dallas,TX
Company 1810,owner1810@example.com,Dallas,TX
Company 1811,owner1811@example.com,Dallas,TX
Company 1812,owner1812@example.com,Dallas,TX
Company 1813,owner1813@example.com,Dallas,TX
Company 1814,owner1814@example.com,Dallas,TX
Company 1815,owner1815@example.com,Dallas,TX
Company 1816,owner1816@example.com,Dallas,TX
Company 1817,owner1817@example.com,Dallas,TX
Company 1818,owner1818@example.com,Dallas,TX
Company 1819,owner1819@example.com,Dallas,TX
Company 1820,owner1820@example.com,Dallas,TX
Company 1821,owner1821@example.com,Dallas,TX
Company 1822,owner1822@example.com,Dallas,TX
Company 1823,owner1823@example.com,Dallas,TX
Company 1824,owner1824@example.com,Dallas,TX
Company 1825,owner1825@example.com,Dallas,TX
Company 1826,owner1826@example.com,Dallas,TX
Company 1827,owner1827@example.com,Dallas,TX
Company 1828,owner1828@example.com,Dallas,TX
Company 1829,owner1829@example.com,Dallas,TX
Company 1830,owner1830@example.com,Dallas,TX
Company 1831,owner1831@example.com,Dallas,TX
Company 1832,owner1832@example.com,Dallas,TX
Company 1833,owner1833@example.com,Dallas,TX
Company 1834,owner1834@example.com,Dallas,TX
Company 1835,owner1835@example.com,Dallas,TX
Company 1836,owner1836@example.com,Dallas,TX
Company 1837,owner1837@example.com,Dallas,TX
Company 1838,owner1838@example.com,Dallas,TX
Company 1839,owner1839@example.com,Dallas,TX
Company 1840,owner1840@example.com,Dallas,TX
Company 1841,owner1841@example.com,Dallas,TX
Company 1842,owner1842@example.com,Dallas,TX
Company 1843,owner1843@example.com,Dallas,TX
Company 1844,owner1844@example.com,Dallas,TX
Company 1845,owner1845@example.com,Dallas,TX
Company 1846,owner1846@example.com,Dallas,TX
Company 1847,owner1847@example.com,Dallas,TX
Company 1848,owner1848@example.com,Dallas,TX
Company 1849,owner1849@example.com,Dallas,TX
Company 1850,owner1850@example.com,Dallas,TX
Company 1851,owner1851@example.com,Dallas,TX
Company 1852,owner1852@example.com,Dallas,TX
Company 1853,owner1853@example.com,Dallas,TX
Company 1854,owner1854@example.com,Dallas,TX
Company 1855,owner1855@example.com,Dallas,TX
Company 1856,owner1856@example.com,Dallas,TX
Company 1857,owner1857@example.com,Dallas,TX
Company 1858,owner1858@example.com,Dallas,TX
Company 1859,owner1859@example.com,Dallas,TX
Company 1860,owner1860@example.com,Dallas,TX
Company 1861,owner1861@example.com,Dallas,TX
Company 1862,owner1862@example.com,Dallas,TX
Company 1863,owner1863@example.com,Dallas,TX
Company 1864,owner1864@example.com,Dallas,TX
Company 1865,owner1865@example.com,Dallas,TX
Company 1866,owner1866@example.com,Dallas,TX
Company 1867,owner1867@example.com,Dallas,TX
Company 1868,owner1868@example.com,Dallas,TX
Company 1869,owner1869@example.com,Dallas,TX
Company 1870,owner1870@example.com,Dallas,TX
Company 1871,owner1871@example.com,Dallas,TX
Company 1872,owner1872@example.com,Dallas,TX
Company 1873,owner1873@example.com,Dallas,TX
Company 1874,owner1874@example.com,Dallas,TX
Company 1875,owner1875@example.com,Dallas,TX
Company 1876,owner1876@example.com,Dallas,TX
Company 1877,owner1877@example.com,Dallas,TX
Company 1878,owner1878@example.com,Dallas,TX
Company 1879,owner1879@example.com,Dallas,TX
Company 1880,owner1880@example.com,Dallas,TX
Company 1881,owner1881@example.com,Dallas,TX
Company 1882,owner1882@example.com,Dallas,TX
Company 1883,owner1883@example.com,Dallas,TX
Company 1884,owner1884@example.com,Dallas,TX
Company 1885,owner1885@example.com,Dallas,TX
Company 1886,owner1886@example.com,Dallas,TX
Company 1887,owner1887@example.com,Dallas,TX
Company 1888,owner1888@example.com,Dallas,TX
Company 1889,owner1889@example.com,Dallas,TX
Company 1890,owner1890@example.com,Dallas,TX
Company 1891,owner1891@example.com,Dallas,TX
Company 1892,owner1892@example.com,Dallas,TX
Company 1893,owner1893@example.com,Dallas,TX
Company 1894,owner1894@example.com,Dallas,TX
Company 1895,owner1895@example.com,Dallas,TX
Company 1896,owner1896@example.com,Dallas,TX
Company 1897,owner1897@example.com,Dallas,TX
Company 1898,owner1898@example.com,Dallas,TX
Company 1899,owner1899@example.com,Dallas,TX
Company 1900,owner1900@example.com,Dallas,TX
Company 1901,owner1901@example.com,Dallas,TX
Company 1902,owner1902@example.com,Dallas,TX
Company 1903,owner1903@example.com,Dallas,TX
Company 1904,owner1904@example.com,Dallas,TX
Company 1905,owner1905@example.com,Dallas,TX
Company 1906,owner1906@example.com,Dallas,TX
Company 1907,owner1907@example.com,Dallas,TX
Company 1908,owner1908@example.com,Dallas,TX
Company 1909,owner1909@example.com,Dallas,TX
Company 1910,owner1910@example.com,Dallas,TX
Company 1911,owner1911@example.com,Dallas,TX
Company 1912,owner1912@example.com,Dallas,TX
Company 1913,owner1913@example.com,Dallas,TX
Company 1914,owner1914@example.com,Dallas,TX
Company 1915,owner1915@example.com,Dallas,TX
Company 1916,owner1916@example.com,Dallas,TX
Company 1917,owner1917@example.com,Dallas,TX
Company 1918,owner1918@example.com,Dallas,TX
Company 1919,owner1919@example.com,Dallas,TX
Company 1920,owner1920@example.com,Dallas,TX
Company 1921,owner1921@example.com,Dallas,TX
Company 1922,owner1922@example.com,Dallas,TX
Company 1923,owner1923@example.com,Dallas,TX
Company 1924,owner1924@example.com,Dallas,TX
Company 1925,owner1925@example.com,Dallas,TX
Company 1926,owner1926@example.com,Dallas,TX
Company 1927,owner1927@example.com,Dallas,TX
Company 1928,owner1928@example.com,Dallas,TX
Company 1929,owner1929@example.com,Dallas,TX
Company 1930,owner1930@example.com,Dallas,TX
Company 1931,owner1931@example.com,Dallas,TX
Company 1932,owner1932@example.com,Dallas,TX
Company 1933,owner1933@example.com,Dallas,TX
Company 1934,owner1934@example.com,Dallas,TX
Company 1935,owner1935@example.com,Dallas,TX
Company 1936,owner1936@example.com,Dallas,TX
Company 1937,owner1937@example.com,Dallas,TX
Company 1938,owner1938@example.com,Dallas,TX
Company 1939,owner1939@example.com,Dallas,TX
Company 1940,owner1940@example.com,Dallas,TX
Company 1941,owner1941@example.com,Dallas,TX
Company 1942,owner1942@example.com,Dallas,TX
Company 1943,owner1943@example.com,Dallas,TX
Company 1944,owner1944@example.com,Dallas,TX
Company 1945,owner1945@example.com,Dallas,TX
Company 1946,owner1946@example.com,Dallas,TX
Company 1947,owner1947@example.com,Dallas,TX
Company 1948,owner1948@example.com,Dallas,TX
Company 1949,owner1949@example.com,Dallas,TX
Company 1950,owner1950@example.com,Dallas,TX
Company 1951,owner1951@example.com,Dallas,TX
Company 1952,owner1952@example.com,Dallas,TX
Company 1953,owner1953@example.com,Dallas,TX
Company 1954,owner1954@example.com,Dallas,TX
Company 1955,owner1955@example.com,Dallas,TX
Company 1956,owner1956@example.com,Dallas,TX
Company 1957,owner1957@example.com,Dallas,TX
Company 1958,owner1958@example.com,Dallas,TX
Company 1959,owner1959@example.com,Dallas,TX
Company 1960,owner1960@example.com,Dallas,TX
Company 1961,owner1961@example.com,Dallas,TX
Company 1962,owner1962@example.com,Dallas,TX
Company 1963,owner1963@example.com,Dallas,TX
Company 1964,owner1964@example.com,Dallas,TX
Company 1965,owner1965@example.com,Dallas,TX
Company 1966,owner1966@example.com,Dallas,TX
Company 1967,owner1967@example.com,Dallas,TX
Company 1968,owner1968@example.com,Dallas,TX
Company 1969,owner1969@example.com,Dallas,TX
Company 1970,owner1970@example.com,Dallas,TX
Company 1971,owner1971@example.com,Dallas,TX
Company 1972,owner1972@example.com,Dallas,TX
Company 1973,owner1973@example.com,Dallas,TX
Company 1974,owner1974@example.com,Dallas,TX
Company 1975,owner1975@example.com,Dallas,TX
Company 1976,owner1976@example.com,Dallas,TX
Company 1977,owner1977@example.com,Dallas,TX
Company 1978,owner1978@example.com,Dallas,TX
Company 1979,owner1979@example.com,Dallas,TX
Company 1980,owner1980@example.com,Dallas,TX
Company 1981,owner1981@example.com,Dallas,TX
Company 1982,owner1982@example.com,Dallas,TX
Company 1983,owner1983@example.com,Dallas,TX
Company 1984,owner1984@example.com,Dallas,TX
Company 1985,owner1985@example.com,Dallas,TX
Company 1986,owner1986@example.com,Dallas,TX
Company 1987,owner1987@example.com,Dallas,TX
Company 1988,owner1988@example.com,Dallas,TX
Company 1989,owner1989@example.com,Dallas,TX
Company 1990,owner1990@example.com,Dallas,TX
Company 1991,owner1991@example.com,Dallas,TX
Company 1992,owner1992@example.com,Dallas,TX
Company 1993,owner1993@example.com,Dallas,TX
Company 1994,owner1994@example.com,Dallas,TX
Company 1995,owner1995@example.com,Dallas,TX
Company 1996,owner1996@example.com,Dallas,TX
Company 1997,owner1997@example.com,Dallas,TX
Company 1998,owner1998@example.com,Dallas,TX
Company 1999,owner1999@example.com,Dallas,TX
Company 2000,owner2000@example.com,Dallas,TX
Company 2001,owner2001@example.com,Dallas,TX
Company 2002,owner2002@example.com,Dallas,TX
Company 2003,owner2003@example.com,Dallas,TX
Company 2004,owner2004@example.com,Dallas,TX
Company 2005,owner2005@example.com,Dallas,TX
Company 2006,owner2006@example.com,Dallas,TX
Company 2007,owner2007@example.com,Dallas,TX
Company 2008,owner2008@example.com,Dallas,TX
Company 2009,owner2009@example.com,Dallas,TX
Company 2010,owner2010@example.com,Dallas,TX
Company 2011,owner2011@example.com,Dallas,TX
Company 2012,owner2012@example.com,Dallas,TX
Company 2013,owner2013@example.com,Dallas,TX
Company 2014,owner2014@example.com,Dallas,TX
Company 2015,owner2015@example.com,Dallas,TX
Company 2016,owner2016@example.com,Dallas,TX
Company 2017,owner2017@example.com,Dallas,TX
Company 2018,owner2018@example.com,Dallas,TX
Company 2019,owner2019@example.com,Dallas,TX
Company 2020,owner2020@example.com,Dallas,TX
Company 2021,owner2021@example.com,Dallas,TX
Company 2022,owner2022@example.com,Dallas,TX
Company 2023,owner2023@example.com,Dallas,TX
Company 2024,owner2024@example.com,Dallas,TX
Company 2025,owner2025@example.com,Dallas,TX
Company 2026,owner2026@example.com,Dallas,TX
Company 2027,owner2027@example.com,Dallas,TX
Company 2028,owner2028@example.com,Dallas,TX
Company 2029,owner2029@example.com,Dallas,TX
Company 2030,owner2030@example.com,Dallas,TX
Company 2031,owner2031@example.com,Dallas,TX
Company 2032,owner2032@example.com,Dallas,TX
Company 2033,owner2033@example.com,Dallas,TX
Company 2034,owner2034@example.com,Dallas,TX
Company 2035,owner2035@example.com,Dallas,TX
Company 2036,owner2036@example.com,Dallas,TX
Company 2037,owner2037@example.com,Dallas,TX
Company 2038,owner2038@example.com,Dallas,TX
Company 2039,owner2039@example.com,Dallas,TX
Company 2040,owner2040@example.com,Dallas,TX
Company 2041,owner2041@example.com,Dallas,TX
Company 2042,owner2042@example.com,Dallas,TX
Company 2043,owner2043@example.com,Dallas,TX
Company 2044,owner2044@example.com,Dallas,TX
Company 2045,owner2045@example.com,Dallas,TX
Company 2046,owner2046@example.com,Dallas,TX
Company 2047,owner2047@example.com,Dallas,TX
Company 2048,owner2048@example.com,Dallas,TX
Company 2049,owner2049@example.com,Dallas,TX
Company 2050,owner2050@example.com,Dallas,TX
Company 2051,owner2051@example.com,Dallas,TX
Company 2052,owner2052@example.com,Dallas,TX
Company 2053,owner2053@example.com,Dallas,TX
Company 2054,owner2054@example.com,Dallas,TX
Company 2055,owner2055@example.com,Dallas,TX
Company 2056,owner2056@example.com,Dallas,TX
Company 2057,owner2057@example.com,Dallas,TX
Company 2058,owner2058@example.com,Dallas,TX
Company 2059,owner2059@example.com,Dallas,TX
Company 2060,owner2060@example.com,Dallas,TX
Company 2061,owner2061@example.com,Dallas,TX
Company 2062,owner2062@example.com,Dallas,TX
Company 2063,owner2063@example.com,Dallas,TX
Company 2064,owner2064@example.com,Dallas,TX
Company 2065,owner2065@example.com,Dallas,TX
Company 2066,owner2066@example.com,Dallas,TX
Company 2067,owner2067@example.com,Dallas,TX
Company 2068,owner2068@example.com,Dallas,TX
Company 2069,owner2069@example.com,Dallas,TX
Company 2070,owner2070@example.com,Dallas,TX
Company 2071,owner2071@example.com,Dallas,TX
Company 2072,owner2072@example.com,Dallas,TX
Company 2073,owner2073@example.com,Dallas,TX
Company 2074,owner2074@example.com,Dallas,TX
Company 2075,owner2075@example.com,Dallas,TX
Company 2076,owner2076@example.com,Dallas,TX
Company 2077,owner2077@example.com,Dallas,TX
Company 2078,owner2078@example.com,Dallas,TX
Company 2079,owner2079@example.com,Dallas,TX
Company 2080,owner2080@example.com,Dallas,TX
Company 2081,owner2081@example.com,Dallas,TX
Company 2082,owner2082@example.com,Dallas,TX
Company 2083,owner2083@example.com,Dallas,TX
Company 2084,owner2084@example.com,Dallas,TX
Company 2085,owner2085@example.com,Dallas,TX
Company 2086,owner2086@example.com,Dallas,TX
Company 2087,owner2087@example.com,Dallas,TX
Company 2088,owner2088@example.com,Dallas,TX
Company 2089,owner2089@example.com,Dallas,TX
Company 2090,owner2090@example.com,Dallas,TX
Company 2091,owner2091@example.com,Dallas,TX
Company 2092,owner2092@example.com,Dallas,TX
Company 2093,owner2093@example.com,Dallas,TX
Company 2094,owner2094@example.com,Dallas,TX
Company 2095,owner2095@example.com,Dallas,TX
Company 2096,owner2096@example.com,Dallas,TX
Company 2097,owner2097@example.com,Dallas,TX
Company 2098,owner2098@example.com,Dallas,TX
Company 2099,owner2099@example.com,Dallas,TX
Company 2100,owner2100@example.com,Dallas,TX
Company 2101,owner2101@example.com,Dallas,TX
Company 2102,owner2102@example.com,Dallas,TX
Company 2103,owner2103@example.com,Dallas,TX
Company 2104,owner2104@example.com,Dallas,TX
Company 2105,owner2105@example.com,Dallas,TX
Company 2106,owner2106@example.com,Dallas,TX
Company 2107,owner2107@example.com,Dallas,TX
Company 2108,owner2108@example.com,Dallas,TX
Company 2109,owner2109@example.com,Dallas,TX
Company 2110,owner2110@example.com,Dallas,TX
Company 2111,owner2111@example.com,Dallas,TX
Company 2112,owner2112@example.com,Dallas,TX
Company 2113,owner2113@example.com,Dallas,TX
Company 2114,owner2114@example.com,Dallas,TX
Company 2115,owner2115@example.com,Dallas,TX
Company 2116,owner2116@example.com,Dallas,TX
Company 2117,owner2117@example.com,Dallas,TX
Company 2118,owner2118@example.com,Dallas,TX
Company 2119,owner2119@example.com,Dallas,TX
Company 2120,owner2120@example.com,Dallas,TX
Company 2121,owner2121@example.com,Dallas,TX
Company 2122,owner2122@example.com,Dallas,TX
Company 2123,owner2123@example.com,Dallas,TX
Company 2124,owner2124@example.com,Dallas,TX
Company 2125,owner2125@example.com,Dallas,TX
Company 2126,owner2126@example.com,Dallas,TX
Company 2127,owner2127@example.com,Dallas,TX
Company 2128,owner2128@example.com,Dallas,TX
Company 2129,owner2129@example.com,Dallas,TX
Company 2130,owner2130@example.com,Dallas,TX
Company 2131,owner2131@example.com,Dallas,TX
Company 2132,owner2132@example.com,Dallas,TX
Company 2133,owner2133@example.com,Dallas,TX
Company 2134,owner2134@example.com,Dallas,TX
Company 2135,owner2135@example.com,Dallas,TX
Company 2136,owner2136@example.com,Dallas,TX
Company 2137,owner2137@example.com,Dallas,TX
Company 2138,owner2138@example.com,Dallas,TX
Company 2139,owner2139@example.com,Dallas,TX
Company 2140,owner2140@example.com,Dallas,TX
Company 2141,owner2141@example.com,Dallas,TX
Company 2142,owner2142@example.com,Dallas,TX
Company 2143,owner2143@example.com,Dallas,TX
Company 2144,owner2144@example.com,Dallas,TX
Company 2145,owner2145@example.com,Dallas,TX
Company 2146,owner2146@example.com,Dallas,TX
Company 2147,owner2147@example.com,Dallas,TX
Company 2148,owner2148@example.com,Dallas,TX
Company 2149,owner2149@example.com,Dallas,TX
Company 2150,owner2150@example.com,Dallas,TX
Company 2151,owner2151@example.com,Dallas,TX
Company 2152,owner2152@example.com,Dallas,TX
Company 2153,owner2153@example.com,Dallas,TX
Company 2154,owner2154@example.com,Dallas,TX
Company 2155,owner2155@example.com,Dallas,TX
Company 2156,owner2156@example.com,Dallas,TX
Company 2157,owner2157@example.com,Dallas,TX
Company 2158,owner2158@example.com,Dallas,TX
Company 2159,owner2159@example.com,Dallas,TX
Company 2160,owner2160@example.com,Dallas,TX
Company 2161,owner2161@example.com,Dallas,TX
Company 2162,owner2162@example.com,Dallas,TX
Company 2163,owner2163@example.com,Dallas,TX
Company 2164,owner2164@example.com,Dallas,TX
Company 2165,owner2165@example.com,Dallas,TX
Company 2166,owner2166@example.com,Dallas,TX
Company 2167,owner2167@example.com,Dallas,TX
Company 2168,owner2168@example.com,Dallas,TX
Company 2169,owner2169@example.com,Dallas,TX
Company 2170,owner2170@example.com,Dallas,TX
Company 2171,owner2171@example.com,Dallas,TX
Company 2172,owner2172@example.com,Dallas,TX
Company 2173,owner2173@example.com,Dallas,TX
Company 2174,owner2174@example.com,Dallas,TX
Company 2175,owner2175@example.com,Dallas,TX
Company 2176,owner2176@example.com,Dallas,TX
Company 2177,owner2177@example.com,Dallas,TX
Company 2178,owner2178@example.com,Dallas,TX
Company 2179,owner2179@example.com,Dallas,TX
Company 2180,owner2180@example.com,Dallas,TX
Company 2181,owner2181@example.com,Dallas,TX
Company 2182,owner2182@example.com,Dallas,TX
Company 2183,owner2183@example.com,Dallas,TX
Company 2184,owner2184@example.com,Dallas,TX
Company 2185,owner2185@example.com,Dallas,TX
Company 2186,owner2186@example.com,Dallas,TX
Company 2187,owner2187@example.com,Dallas,TX
Company 2188,owner2188@example.com,Dallas,TX
Company 2189,owner2189@example.com,Dallas,TX
Company 2190,owner2190@example.com,Dallas,TX
Company 2191,owner2191@example.com,Dallas,TX
Company 2192,owner2192@example.com,Dallas,TX
Company 2193,owner2193@example.com,Dallas,TX
Company 2194,owner2194@example.com,Dallas,TX
Company 2195,owner2195@example.com,Dallas,TX
Company 2196,owner2196@example.com,Dallas,TX
Company 2197,owner2197@example.com,Dallas,TX
Company 2198,owner2198@example.com,Dallas,TX
Company 2199,owner2199@example.com,Dallas,TX
Company 2200,owner2200@example.com,Dallas,TX
Company 2201,owner2201@example.com,Dallas,TX
Company 2202,owner2202@example.com,Dallas,TX
Company 2203,owner2203@example.com,Dallas,TX
Company 2204,owner2204@example.com,Dallas,TX
Company 2205,owner2205@example.com,Dallas,TX
Company 2206,owner2206@example.com,Dallas,TX
Company 2207,owner2207@example.com,Dallas,TX
Company 2208,owner2208@example.com,Dallas,TX
Company 2209,owner2209@example.com,Dallas,TX
Company 2210,owner2210@example.com,Dallas,TX
Company 2211,owner2211@example.com,Dallas,TX
Company 2212,owner2212@example.com,Dallas,TX
Company 2213,owner2213@example.com,Dallas,TX
Company 2214,owner2214@example.com,Dallas,TX
Company 2215,owner2215@example.com,Dallas,TX
Company 2216,owner2216@example.com,Dallas,TX
Company 2217,owner2217@example.com,Dallas,TX
Company 2218,owner2218@example.com,Dallas,TX
Company 2219,owner2219@example.com,Dallas,TX
Company 2220,owner2220@example.com,Dallas,TX
Company 2221,owner2221@example.com,Dallas,TX
Company 2222,owner2222@example.com,Dallas,TX
Company 2223,owner2223@example.com,Dallas,TX
Company 2224,owner2224@example.com,Dallas,TX
Company 2225,owner2225@example.com,Dallas,TX
Company 2226,owner2226@example.com,Dallas,TX
Company 2227,owner2227@example.com,Dallas,TX
Company 2228,owner2228@example.com,Dallas,TX
Company 2229,owner2229@example.com,Dallas,TX
Company 2230,owner2230@example.com,Dallas,TX
Company 2231,owner2231@example.com,Dallas,TX
Company 2232,owner2232@example.com,Dallas,TX
Company 2233,owner2233@example.com,Dallas,TX
Company 2234,owner2234@example.com,Dallas,TX
Company 2235,owner2235@example.com,Dallas,TX
Company 2236,owner2236@example.com,Dallas,TX
Company 2237,owner2237@example.com,Dallas,TX
Company 2238,owner2238@example.com,Dallas,TX
Company 2239,owner2239@example.com,Dallas,TX
Company 2240,owner2240@example.com,Dallas,TX
Company 2241,owner2241@example.com,Dallas,TX
Company 2242,owner2242@example.com,Dallas,TX
Company 2243,owner2243@example.com,Dallas,TX
Company 2244,owner2244@example.com,Dallas,TX
Company 2245,owner2245@example.com,Dallas,TX
Company 2246,owner2246@example.com,Dallas,TX
Company 2247,owner2247@example.com,Dallas,TX
Company 2248,owner2248@example.com,Dallas,TX
Company 2249,owner2249@example.com,Dallas,TX
Company 2250,owner2250@example.com,Dallas,TX
Company 2251,owner2251@example.com,Dallas,TX
Company 2252,owner2252@example.com,Dallas,TX
Company 2253,owner2253@example.com,Dallas,TX
Company 2254,owner2254@example.com,Dallas,TX
Company 2255,owner2255@example.com,Dallas,TX
Company 2256,owner2256@example.com,Dallas,TX
Company 2257,owner2257@example.com,Dallas,TX
Company 2258,owner2258@example.com,Dallas,TX
Company 2259,owner2259@example.com,Dallas,TX
Company 2260,owner2260@example.com,Dallas,TX
Company 2261,owner2261@example.com,Dallas,TX
Company 2262,owner2262@example.com,Dallas,TX
Company 2263,owner2263@example.com,Dallas,TX
Company 2264,owner2264@example.com,Dallas,TX
Company 2265,owner2265@example.com,Dallas,TX
Company 2266,owner2266@example.com,Dallas,TX
Company 2267,owner2267@example.com,Dallas,TX
Company 2268,owner2268@example.com,Dallas,TX
Company 2269,owner2269@example.com,Dallas,TX
Company 2270,owner2270@example.com,Dallas,TX
Company 2271,owner2271@example.com,Dallas,TX
Company 2272,owner2272@example.com,Dallas,TX
Company 2273,owner2273@example.com,Dallas,TX
Company 2274,owner2274@example.com,Dallas,TX
Company 2275,owner2275@example.com,Dallas,TX
Company 2276,owner2276@example.com,Dallas,TX
Company 2277,owner2277@example.com,Dallas,TX
Company 2278,owner2278@example.com,Dallas,TX
Company 2279,owner2279@example.com,Dallas,TX
Company 2280,owner2280@example.com,Dallas,TX
Company 2281,owner2281@example.com,Dallas,TX
Company 2282,owner2282@example.com,Dallas,TX
Company 2283,owner2283@example.com,Dallas,TX
Company 2284,owner2284@example.com,Dallas,TX
Company 2285,owner2285@example.com,Dallas,TX
Company 2286,owner2286@example.com,Dallas,TX
Company 2287,owner2287@example.com,Dallas,TX
Company 2288,owner2288@example.com,Dallas,TX
Company 2289,owner2289@example.com,Dallas,TX
Company 2290,owner2290@example.com,Dallas,TX
Company 2291,owner2291@example.com,Dallas,TX
Company 2292,owner2292@example.com,Dallas,TX
Company 2293,owner2293@example.com,Dallas,TX
Company 2294,owner2294@example.com,Dallas,TX
Company 2295,owner2295@example.com,Dallas,TX
Company 2296,owner2296@example.com,Dallas,TX
Company 2297,owner2297@example.com,Dallas,TX
Company 2298,owner2298@example.com,Dallas,TX
Company 2299,owner2299@example.com,Dallas,TX
Company 2300,owner2300@example.com,Dallas,TX
Company 2301,owner2301@example.com,Dallas,TX
Company 2302,owner2302@example.com,Dallas,TX
Company 2303,owner2303@example.com,Dallas,TX
Company 2304,owner2304@example.com,Dallas,TX
Company 2305,owner2305@example.com,Dallas,TX
Company 2306,owner2306@example.com,Dallas,TX
Company 2307,owner2307@example.com,Dallas,TX
Company 2308,owner2308@example.com,Dallas,TX
Company 2309,owner2309@example.com,Dallas,TX
Company 2310,owner2310@example.com,Dallas,TX
Company 2311,owner2311@example.com,Dallas,TX
Company 2312,owner2312@example.com,Dallas,TX
Company 2313,owner2313@example.com,Dallas,TX
Company 2314,owner2314@example.com,Dallas,TX
Company 2315,owner2315@example.com,Dallas,TX
Company 2316,owner2316@example.com,Dallas,TX
Company 2317,owner2317@example.com,Dallas,TX
Company 2318,owner2318@example.com,Dallas,TX
Company 2319,owner2319@example.com,Dallas,TX
Company 2320,owner2320@example.com,Dallas,TX
Company 2321,owner2321@example.com,Dallas,TX
Company 2322,owner2322@example.com,Dallas,TX
Company 2323,owner2323@example.com,Dallas,TX
Company 2324,owner2324@example.com,Dallas,TX
Company 2325,owner2325@example.com,Dallas,TX
Company 2326,owner2326@example.com,Dallas,TX
Company 2327,owner2327@example.com,Dallas,TX
Company 2328,owner2328@example.com,Dallas,TX
Company 2329,owner2329@example.com,Dallas,TX
Company 2330,owner2330@example.com,Dallas,TX
Company 2331,owner2331@example.com,Dallas,TX
Company 2332,owner2332@example.com,Dallas,TX
Company 2333,owner2333@example.com,Dallas,TX
Company 2334,owner2334@example.com,Dallas,TX
Company 2335,owner2335@example.com,Dallas,TX
Company 2336,owner2336@example.com,Dallas,TX
Company 2337,owner2337@example.com,Dallas,TX
Company 2338,owner2338@example.com,Dallas,TX
Company 2339,owner2339@example.com,Dallas,TX
Company 2340,owner2340@example.com,Dallas,TX
Company 2341,owner2341@example.com,Dallas,TX
Company 2342,owner2342@example.com,Dallas,TX
Company 2343,owner2343@example.com,Dallas,TX
Company 2344,owner2344@example.com,Dallas,TX
Company 2345,owner2345@example.com,Dallas,TX
Company 2346,owner2346@example.com,Dallas,TX
Company 2347,owner2347@example.com,Dallas,TX
Company 2348,owner2348@example.com,Dallas,TX
Company 2349,owner2349@example.com,Dallas,TX
Company 2350,owner2350@example.com,Dallas,TX
Company 2351,owner2351@example.com,Dallas,TX
Company 2352,owner2352@example.com,Dallas,TX
Company 2353,owner2353@example.com,Dallas,TX
Company 2354,owner2354@example.com,Dallas,TX
Company 2355,owner2355@example.com,Dallas,TX
Company 2356,owner2356@example.com,Dallas,TX
Company 2357,owner2357@example.com,Dallas,TX
Company 2358,owner2358@example.com,Dallas,TX
Company 2359,owner2359@example.com,Dallas,TX
Company 2360,owner2360@example.com,Dallas,TX
Company 2361,owner2361@example.com,Dallas,TX
Company 2362,owner2362@example.com,Dallas,TX
Company 2363,owner2363@example.com,Dallas,TX
Company 2364,owner2364@example.com,Dallas,TX
Company 2365,owner2365@example.com,Dallas,TX
Company 2366,owner2366@example.com,Dallas,TX
Company 2367,owner2367@example.com,Dallas,TX
Company 2368,owner2368@example.com,Dallas,TX
Company 2369,owner2369@example.com,Dallas,TX
Company 2370,owner2370@example.com,Dallas,TX
Company 2371,owner2371@example.com,Dallas,TX
Company 2372,owner2372@example.com,Dallas,TX
Company 2373,owner2373@example.com,Dallas,TX
Company 2374,owner2374@example.com,Dallas,TX
Company 2375,owner2375@example.com,Dallas,TX
Company 2376,owner2376@example.com,Dallas,TX
Company 2377,owner2377@example.com,Dallas,TX
Company 2378,owner2378@example.com,Dallas,TX
Company 2379,owner2379@example.com,Dallas,TX
Company 2380,owner2380@example.com,Dallas,TX
Company 2381,owner2381@example.com,Dallas,TX
Company 2382,owner2382@example.com,Dallas,TX
Company 2383,owner2383@example.com,Dallas,TX
Company 2384,owner2384@example.com,Dallas,TX
Company 2385,owner2385@example.com,Dallas,TX
Company 2386,owner2386@example.com,Dallas,TX
Company 2387,owner2387@example.com,Dallas,TX
Company 2388,owner2388@example.com,Dallas,TX
Company 2389,owner2389@example.com,Dallas,TX
Company 2390,owner2390@example.com,Dallas,TX
Company 2391,owner2391@example.com,Dallas,TX
Company 2392,owner2392@example.com,Dallas,TX
Company 2393,owner2393@example.com,Dallas,TX
Company 2394,owner2394@example.com,Dallas,TX
Company 2395,owner2395@example.com,Dallas,TX
Company 2396,owner2396@example.com,Dallas,TX
Company 2397,owner2397@example.com,Dallas,TX
Company 2398,owner2398@example.com,Dallas,TX
Company 2399,owner2399@example.com,Dallas,TX
Company 2400,owner2400@example.com,Dallas,TX
Company 2401,owner2401@example.com,Dallas,TX
Company 2402,owner2402@example.com,Dallas,TX
Company 2403,owner2403@example.com,Dallas,TX
Company 2404,owner2404@example.com,Dallas,TX
Company 2405,owner2405@example.com,Dallas,TX
Company 2406,owner2406@example.com,Dallas,TX
Company 2407,owner2407@example.com,Dallas,TX
Company 2408,owner2408@example.com,Dallas,TX
Company 2409,owner2409@example.com,Dallas,TX
Company 2410,owner2410@example.com,Dallas,TX
Company 2411,owner2411@example.com,Dallas,TX
Company 2412,owner2412@example.com,Dallas,TX
Company 2413,owner2413@example.com,Dallas,TX
Company 2414,owner2414@example.com,Dallas,TX
Company 2415,owner2415@example.com,Dallas,TX
Company 2416,owner2416@example.com,Dallas,TX
Company 2417,owner2417@example.com,Dallas,TX
Company 2418,owner2418@example.com,Dallas,TX
Company 2419,owner2419@example.com,Dallas,TX
Company 2420,owner2420@example.com,Dallas,TX
Company 2421,owner2421@example.com,Dallas,TX
Company 2422,owner2422@example.com,Dallas,TX
Company 2423,owner2423@example.com,Dallas,TX
Company 2424,owner2424@example.com,Dallas,TX
Company 2425,owner2425@example.com,Dallas,TX
Company 2426,owner2426@example.com,Dallas,TX
Company 2427,owner2427@example.com,Dallas,TX
Company 2428,owner2428@example.com,Dallas,TX
Company 2429,owner2429@example.com,Dallas,TX
Company 2430,owner2430@example.com,Dallas,TX
Company 2431,owner2431@example.com,Dallas,TX
Company 2432,owner2432@example.com,Dallas,TX
Company 2433,owner2433@example.com,Dallas,TX
Company 2434,owner2434@example.com,Dallas,TX
Company 2435,owner2435@example.com,Dallas,TX
Company 2436,owner2436@example.com,Dallas,TX
Company 2437,owner2437@example.com,Dallas,TX
Company 2438,owner2438@example.com,Dallas,TX
Company 2439,owner2439@example.com,Dallas,TX
Company 2440,owner2440@example.com,Dallas,TX
Company 2441,owner2441@example.com,Dallas,TX
Company 2442,owner2442@example.com,Dallas,TX
Company 2443,owner2443@example.com,Dallas,TX
Company 2444,owner2444@example.com,Dallas,TX
Company 2445,owner2445@example.com,Dallas,TX
Company 2446,owner2446@example.com,Dallas,TX
Company 2447,owner2447@example.com,Dallas,TX
Company 2448,owner2448@example.com,Dallas,TX
Company 2449,owner2449@example.com,Dallas,TX
Company 2450,owner2450@example.com,Dallas,TX
Company 2451,owner2451@example.com,Dallas,TX
Company 2452,owner2452@example.com,Dallas,TX
Company 2453,owner2453@example.com,Dallas,TX
Company 2454,owner2454@example.com,Dallas,TX
Company 2455,owner2455@example.com,Dallas,TX
Company 2456,owner2456@example.com,Dallas,TX
Company 2457,owner2457@example.com,Dallas,TX
Company 2458,owner2458@example.com,Dallas,TX
Company 2459,owner2459@example.com,Dallas,TX
Company 2460,owner2460@example.com,Dallas,TX
Company 2461,owner2461@example.com,Dallas,TX
Company 2462,owner2462@example.com,Dallas,TX
Company 2463,owner2463@example.com,Dallas,TX
Company 2464,owner2464@example.com,Dallas,TX
Company 2465,owner2465@example.com,Dallas,TX
Company 2466,owner2466@example.com,Dallas,TX
Company 2467,owner2467@example.com,Dallas,TX
Company 2468,owner2468@example.com,Dallas,TX
Company 2469,owner2469@example.com,Dallas,TX
Company 2470,owner2470@example.com,Dallas,TX
Company 2471,owner2471@example.com,Dallas,TX
Company 2472,owner2472@example.com,Dallas,TX
Company 2473,owner2473@example.com,Dallas,TX
Company 2474,owner2474@example.com,Dallas,TX
Company 2475,owner2475@example.com,Dallas,TX
Company 2476,owner2476@example.com,Dallas,TX
Company 2477,owner2477@example.com,Dallas,TX
Company 2478,owner2478@example.com,Dallas,TX
Company 2479,owner2479@example.com,Dallas,TX
Company 2480,owner2480@example.com,Dallas,TX
Company 2481,owner2481@example.com,Dallas,TX
Company 2482,owner2482@example.com,Dallas,TX
Company 2483,owner2483@example.com,Dallas,TX
Company 2484,owner2484@example.com,Dallas,TX
Company 2485,owner2485@example.com,Dallas,TX
Company 2486,owner2486@example.com,Dallas,TX
Company 2487,owner2487@example.com,Dallas,TX
Company 2488,owner2488@example.com,Dallas,TX
Company 2489,owner2489@example.com,Dallas,TX
Company 2490,owner2490@example.com,Dallas,TX
Company 2491,owner2491@example.com,Dallas,TX
Company 2492,owner2492@example.com,Dallas,TX
Company 2493,owner2493@example.com,Dallas,TX
Company 2494,owner2494@example.com,Dallas,TX
Company 2495,owner2495@example.com,Dallas,TX
Company 2496,owner2496@example.com,Dallas,TX
Company 2497,owner2497@example.com,Dallas,TX
Company 2498,owner2498@example.com,Dallas,TX
Company 2499,owner2499@example.com,Dallas,TX
