Business Name,  Contact Person ,First Name,Corporate Email,Website URL,Phone,Phone Type,Street Address,Zip Code,State,City,Number of Employees,Internal Ref
Brown Auto Repair 0,Robert Garcia,Maria,owner0@brownautorepair0.com,www.brownautorepair0.com/?utm_source=google,(232) 555-0000,Mobile,,70000,Illinois,CHICAGO,,REF-0
Davis Accountants 1,Michael Smith,Robert,owner1@davisaccountants1.com,www.davisaccountants1.com/?utm_source=google,(548) 555-0001,Landline,,70001,GE,Atlanta,,REF-1
Patel HVAC Services 2,Michael Smith,Priya,owner2@patelhvacservices2.com,www.patelhvacservices2.com/?utm_source=google,(587) 555-0002,Mobile,102 Main St,70002,TE,DALLAS,1-10,REF-2
Nguyen Auto Repair 3,Maria Nguyen,Maria,owner3@nguyenautorepair3.com,www.nguyenautorepair3.com/?utm_source=google,(664) 555-0003,,103 Main St,70003,Illinois,chicago,11-50,REF-3
Garcia Restaurants 4,Robert Nguyen,Robert,owner4@garciarestaurants4.com,www.garciarestaurants4.com/?utm_source=google,(476) 555-0004,,104 Main St,70004,Colorado,DENVER,11-50,REF-4
Smith Auto Detailing 5,David Brown,Maria,owner5@smithautodetailing5.com,www.smithautodetailing5.com/?utm_source=google,(780) 555-0005,,105 Main St,70005,GE,atlanta,51-200,REF-5
Johnson Chiropractors 6,Michael Davis,David,owner6@johnsonchiropractors6.com,www.johnsonchiropractors6.com/?utm_source=google,(341) 555-0006,,106 Main St,70006,Colorado,Denver,1-10,REF-6
Garcia Chiropractors 7,Priya Brown,James,owner7@garciachiropractors7.com,www.garciachiropractors7.com/?utm_source=google,(317) 555-0007,,107 Main St,70007,WA,SEATTLE,11-50,REF-7
Davis Auto Repair 8,James Brown,Robert,owner8@,www.davisautorepair8.com/?utm_source=google,(308) 555-0008,,,70008,Colorado,Denver,11-50,REF-8
Patel Chiropractors 9,Maria Patel,Michael,owner9@patelchiropractors9.com,www.patelchiropractors9.com/?utm_source=google,(446) 555-0009,,109 Main St,70009,Illinois,CHICAGO,51-200,REF-9
Johnson Auto Repair 10,Robert Brown,David,owner10@johnsonautorepair10.com,www.johnsonautorepair10.com/?utm_source=google,(752) 555-0010,,110 Main St,70010,AR,phoenix,11-50,REF-10
Garcia Real Estate Agents 11,Maria Patel,James,owner11@garciarealestateagents11.com,www.garciarealestateagents11.com/?utm_source=google,(435) 555-0011,,,70011,Massachusetts,BOSTON,,REF-11
Smith Restaurants 12,Maria Nguyen,Michael,owner12@smithrestaurants12.com,www.smithrestaurants12.com/?utm_source=google,(419) 555-0012,,,70012,TE,Dallas,51-200,REF-12
Garcia HVAC Services 13,David Patel,David,,www.garciahvacservices13.com/?utm_source=google,(946) 555-0013,Mobile,113 Main St,70013,Georgia,Atlanta,51-200,REF-13
Nguyen Plumbing 14,Priya Johnson,David,owner14@nguyenplumbing14.com,,(673) 555-0014,Mobile,114 Main St,70014,Texas,dallas,,REF-14
Garcia Auto Detailing 15,Linda Johnson,David,owner15@garciaautodetailing15.com,www.garciaautodetailing15.com/?utm_source=google,(418) 555-0015,Landline,115 Main St,70015,Illinois,chicago,,REF-15
Kim HVAC Services 16,Priya Johnson,Linda,owner16@kimhvacservices16.com,www.kimhvacservices16.com/?utm_source=google,(259) 555-0016,,116 Main St,70016,Colorado,DENVER,11-50,REF-16
Kim Auto Detailing 17,Robert Smith,Maria,owner17@kimautodetailing17.com,www.kimautodetailing17.com/?utm_source=google,(270) 555-0017,,,70017,Illinois,chicago,,REF-17
Smith Gyms 18,David Patel,Michael,owner18@smithgyms18.com,www.smithgyms18.com/?utm_source=google,(933) 555-0018,Landline,,70018,GE,Atlanta,11-50,REF-18
Garcia Real Estate Agents 19,Maria Garcia,Linda,,www.garciarealestateagents19.com/?utm_source=google,(335) 555-0019,Landline,119 Main St,70019,Florida,miami,11-50,REF-19
Brown Chiropractors 20,James Brown,Maria,owner20@brownchiropractors20.com,www.brownchiropractors20.com/?utm_source=google,(337) 555-0020,Landline,,70020,Massachusetts,BOSTON,1-10,REF-20
Nguyen Salons 21,Linda Brown,Priya,owner21@nguyensalons21.com,www.nguyensalons21.com/?utm_source=google,(252) 555-0021,Mobile,121 Main St,70021,CO,Denver,,REF-21
Brown Plumbing 22,Priya Davis,James,owner22@,,(907) 555-0022,Mobile,122 Main St,70022,AR,PHOENIX,1-10,REF-22
Smith HVAC Services 23,James Patel,Linda,owner23@smithhvacservices23.com,www.smithhvacservices23.com/?utm_source=google,(882) 555-0023,Mobile,123 Main St,70023,AR,PHOENIX,1-10,REF-23
Johnson Restaurants 24,James Johnson,Ana,owner24@johnsonrestaurants24.com,www.johnsonrestaurants24.com/?utm_source=google,(621) 555-0024,,124 Main St,70024,Arizona,phoenix,1-10,REF-24
Smith Auto Repair 25,Linda Nguyen,Priya,owner25@smithautorepair25.com,www.smithautorepair25.com/?utm_source=google,(433) 555-0025,Mobile,,70025,Washington,seattle,11-50,REF-25
Brown Salons 26,David Patel,James,owner26@brownsalons26.com,,(467) 555-0026,Mobile,126 Main St,70026,TE,Dallas,,REF-26
Patel Gyms 27,Ana Davis,Maria,owner27@patelgyms27.com,www.patelgyms27.com/?utm_source=google,(790) 555-0027,Mobile,,70027,WA,Seattle,1-10,REF-27
Garcia Plumbing 28,Ana Patel,Maria,owner28@garciaplumbing28.com,www.garciaplumbing28.com/?utm_source=google,(507) 555-0028,,128 Main St,70028,WA,seattle,51-200,REF-28
Nguyen Salons 29,David Johnson,Michael,owner29@nguyensalons29.com,www.nguyensalons29.com/?utm_source=google,(200) 555-0029,Landline,,70029,AR,PHOENIX,11-50,REF-29
Kim Real Estate Agents 30,Priya Johnson,Maria,owner30@kimrealestateagents30.com,www.kimrealestateagents30.com/?utm_source=google,(879) 555-0030,,130 Main St,70030,Massachusetts,Boston,11-50,REF-30
Johnson Restaurants 31,Linda Kim,Maria,,www.johnsonrestaurants31.com/?utm_source=google,(844) 555-0031,,,70031,GE,atlanta,51-200,REF-31
Smith Restaurants 32,Maria Davis,Linda,owner32@smithrestaurants32.com,,(912) 555-0032,,132 Main St,70032,Arizona,Phoenix,51-200,REF-32
Patel Chiropractors 33,Priya Davis,Priya,owner33@patelchiropractors33.com,www.patelchiropractors33.com/?utm_source=google,(961) 555-0033,Landline,133 Main St,70033,Massachusetts,BOSTON,11-50,REF-33
Nguyen Accountants 34,Maria Brown,Linda,owner34@nguyenaccountants34.com,www.nguyenaccountants34.com/?utm_source=google,(527) 555-0034,,,70034,Massachusetts,Boston,51-200,REF-34
Garcia Chiropractors 35,Ana Kim,David,owner35@garciachiropractors35.com,,(630) 555-0035,Landline,135 Main St,70035,Georgia,ATLANTA,51-200,REF-35
Patel Real Estate Agents 36,David Davis,Linda,owner36@patelrealestateagents36.com,www.patelrealestateagents36.com/?utm_source=google,(479) 555-0036,Landline,136 Main St,70036,IL,chicago,51-200,REF-36
Johnson Chiropractors 37,James Davis,James,owner37@johnsonchiropractors37.com,,(638) 555-0037,Mobile,137 Main St,70037,Massachusetts,Boston,11-50,REF-37
Nguyen HVAC Services 38,Ana Davis,Michael,owner38@nguyenhvacservices38.com,www.nguyenhvacservices38.com/?utm_source=google,(631) 555-0038,Landline,138 Main St,70038,FL,Miami,,REF-38
Garcia Plumbing 39,James Smith,Linda,owner39@garciaplumbing39.com,,(220) 555-0039,,,70039,Georgia,atlanta,,REF-39
Kim Gyms 40,Ana Johnson,Maria,owner40@kimgyms40.com,www.kimgyms40.com/?utm_source=google,(367) 555-0040,Landline,,70040,Georgia,atlanta,51-200,REF-40
Garcia HVAC Services 41,Linda Garcia,Michael,owner41@garciahvacservices41.com,www.garciahvacservices41.com/?utm_source=google,(814) 555-0041,Mobile,141 Main St,70041,Georgia,atlanta,51-200,REF-41
Patel Plumbing 42,David Kim,Maria,,www.patelplumbing42.com/?utm_source=google,(570) 555-0042,,142 Main St,70042,TE,DALLAS,1-10,REF-42
Brown HVAC Services 43,Priya Kim,David,owner43@brownhvacservices43.com,www.brownhvacservices43.com/?utm_source=google,(806) 555-0043,Landline,143 Main St,70043,Arizona,Phoenix,11-50,REF-43
Kim Real Estate Agents 44,David Patel,James,owner44@kimrealestateagents44.com,www.kimrealestateagents44.com/?utm_source=google,(532) 555-0044,Mobile,144 Main St,70044,GE,atlanta,11-50,REF-44
Smith Salons 45,Linda Garcia,Linda,owner45@smithsalons45.com,www.smithsalons45.com/?utm_source=google,(700) 555-0045,,145 Main St,70045,CO,DENVER,51-200,REF-45
Garcia Real Estate Agents 46,David Nguyen,Michael,owner46@garciarealestateagents46.com,www.garciarealestateagents46.com/?utm_source=google,(577) 555-0046,Landline,146 Main St,70046,IL,chicago,11-50,REF-46
Brown Plumbing 47,Linda Garcia,Linda,owner47@brownplumbing47.com,www.brownplumbing47.com/?utm_source=google,(960) 555-0047,,147 Main St,70047,Massachusetts,Boston,1-10,REF-47
Brown Real Estate Agents 48,Linda Brown,Linda,owner48@brownrealestateagents48.com,www.brownrealestateagents48.com/?utm_source=google,(509) 555-0048,Mobile,148 Main St,70048,Colorado,denver,,REF-48
Johnson Auto Detailing 49,Priya Garcia,James,owner49@johnsonautodetailing49.com,www.johnsonautodetailing49.com/?utm_source=google,(680) 555-0049,Landline,149 Main St,70049,Colorado,Denver,11-50,REF-49
Garcia Real Estate Agents 50,Maria Smith,Robert,owner50@garciarealestateagents50.com,,(776) 555-0050,Landline,,70050,Texas,Dallas,51-200,REF-50
Davis Gyms 51,Priya Brown,David,owner51@davisgyms51.com,www.davisgyms51.com/?utm_source=google,(835) 555-0051,Mobile,151 Main St,70051,Georgia,Atlanta,1-10,REF-51
Johnson Salons 52,Maria Johnson,James,owner52@johnsonsalons52.com,www.johnsonsalons52.com/?utm_source=google,(905) 555-0052,,152 Main St,70052,Texas,Dallas,11-50,REF-52
Garcia Salons 53,Michael Nguyen,David,owner53@garciasalons53.com,,(430) 555-0053,,,70053,MA,Boston,,REF-53
Brown Auto Detailing 54,Michael Kim,Maria,owner54@brownautodetailing54.com,www.brownautodetailing54.com/?utm_source=google,(511) 555-0054,,154 Main St,70054,AR,PHOENIX,51-200,REF-54
Smith Real Estate Agents 55,Ana Brown,James,owner55@smithrealestateagents55.com,,(890) 555-0055,,155 Main St,70055,Texas,DALLAS,11-50,REF-55
Johnson Gyms 56,Priya Brown,Robert,owner56@johnsongyms56.com,www.johnsongyms56.com/?utm_source=google,(646) 555-0056,,156 Main St,70056,Illinois,chicago,11-50,REF-56
Patel HVAC Services 57,Robert Patel,David,owner57@patelhvacservices57.com,www.patelhvacservices57.com/?utm_source=google,(495) 555-0057,,157 Main St,70057,Florida,miami,,REF-57
Patel Plumbing 58,David Smith,Priya,,www.patelplumbing58.com/?utm_source=google,(392) 555-0058,,158 Main St,70058,CO,DENVER,51-200,REF-58
Brown Auto Detailing 59,Michael Kim,Priya,owner59@brownautodetailing59.com,,(845) 555-0059,,159 Main St,70059,Georgia,atlanta,,REF-59
Garcia Accountants 60,Maria Kim,Maria,owner60@garciaaccountants60.com,www.garciaaccountants60.com/?utm_source=google,(357) 555-0060,Landline,160 Main St,70060,WA,SEATTLE,11-50,REF-60
Kim HVAC Services 61,Robert Davis,Linda,owner61@kimhvacservices61.com,www.kimhvacservices61.com/?utm_source=google,(720) 555-0061,,161 Main St,70061,Massachusetts,boston,51-200,REF-61
Smith Plumbing 62,Michael Kim,Robert,owner62@smithplumbing62.com,www.smithplumbing62.com/?utm_source=google,(695) 555-0062,Landline,162 Main St,70062,CO,denver,11-50,REF-62
Davis Restaurants 63,David Smith,Ana,owner63@davisrestaurants63.com,www.davisrestaurants63.com/?utm_source=google,(922) 555-0063,Landline,163 Main St,70063,Georgia,atlanta,,REF-63
Garcia Chiropractors 64,Priya Garcia,Priya,owner64@garciachiropractors64.com,,(347) 555-0064,Landline,164 Main St,70064,Florida,Miami,51-200,REF-64
Davis Salons 65,Ana Davis,Ana,owner65@davissalons65.com,www.davissalons65.com/?utm_source=google,(977) 555-0065,Landline,165 Main St,70065,Florida,MIAMI,,REF-65
Nguyen Restaurants 66,David Garcia,Maria,owner66@nguyenrestaurants66.com,www.nguyenrestaurants66.com/?utm_source=google,(910) 555-0066,Landline,166 Main St,70066,Colorado,denver,,REF-66
Patel Salons 67,Linda Davis,Robert,owner67@patelsalons67.com,,(280) 555-0067,,167 Main St,70067,Florida,miami,1-10,REF-67
Brown Restaurants 68,James Kim,Michael,owner68@brownrestaurants68.com,www.brownrestaurants68.com/?utm_source=google,(361) 555-0068,Mobile,168 Main St,70068,MA,BOSTON,11-50,REF-68
Kim HVAC Services 69,Linda Davis,Priya,owner69@kimhvacservices69.com,,(590) 555-0069,,169 Main St,70069,CO,DENVER,11-50,REF-69
Brown Auto Detailing 70,James Kim,Michael,,www.brownautodetailing70.com/?utm_source=google,(435) 555-0070,,170 Main St,70070,Washington,SEATTLE,1-10,REF-70
Johnson Gyms 71,James Brown,Priya,owner71@johnsongyms71.com,,(573) 555-0071,,,70071,CO,denver,51-200,REF-71
Johnson Chiropractors 72,Ana Brown,Robert,owner72@johnsonchiropractors72.com,www.johnsonchiropractors72.com/?utm_source=google,(693) 555-0072,Landline,172 Main St,70072,GE,Atlanta,51-200,REF-72
Nguyen Auto Repair 73,David Patel,Maria,owner73@nguyenautorepair73.com,www.nguyenautorepair73.com/?utm_source=google,(214) 555-0073,Landline,173 Main St,70073,AR,phoenix,11-50,REF-73
Patel Gyms 74,Linda Kim,James,,www.patelgyms74.com/?utm_source=google,(774) 555-0074,Landline,174 Main St,70074,Washington,SEATTLE,,REF-74
Davis Real Estate Agents 75,James Smith,Michael,,www.davisrealestateagents75.com/?utm_source=google,(318) 555-0075,Mobile,,70075,Colorado,denver,51-200,REF-75
Johnson Plumbing 76,Maria Kim,David,owner76@johnsonplumbing76.com,www.johnsonplumbing76.com/?utm_source=google,(486) 555-0076,Mobile,176 Main St,70076,Washington,seattle,51-200,REF-76
Garcia Restaurants 77,Ana Patel,James,owner77@garciarestaurants77.com,www.garciarestaurants77.com/?utm_source=google,(394) 555-0077,Mobile,177 Main St,70077,FL,Miami,1-10,REF-77
Smith Gyms 78,Linda Johnson,Linda,owner78@smithgyms78.com,,(983) 555-0078,,,70078,Illinois,Chicago,11-50,REF-78
Brown Chiropractors 79,Robert Johnson,Michael,owner79@brownchiropractors79.com,www.brownchiropractors79.com/?utm_source=google,(312) 555-0079,,179 Main St,70079,Illinois,Chicago,11-50,REF-79
Smith Restaurants 80,James Johnson,David,owner80@,www.smithrestaurants80.com/?utm_source=google,(963) 555-0080,Mobile,180 Main St,70080,FL,MIAMI,,REF-80
Smith Real Estate Agents 81,Michael Kim,James,owner81@smithrealestateagents81.com,,(690) 555-0081,Landline,181 Main St,70081,Georgia,atlanta,51-200,REF-81
Patel Auto Repair 82,Maria Johnson,Michael,owner82@patelautorepair82.com,www.patelautorepair82.com/?utm_source=google,(799) 555-0082,,182 Main St,70082,TE,DALLAS,11-50,REF-82
Garcia Real Estate Agents 83,Maria Nguyen,David,owner83@garciarealestateagents83.com,www.garciarealestateagents83.com/?utm_source=google,(433) 555-0083,Landline,183 Main St,70083,WA,seattle,51-200,REF-83
Davis Auto Repair 84,Michael Patel,Robert,owner84@davisautorepair84.com,www.davisautorepair84.com/?utm_source=google,(685) 555-0084,Mobile,,70084,Florida,Miami,51-200,REF-84
Johnson Auto Repair 85,Ana Garcia,David,owner85@johnsonautorepair85.com,www.johnsonautorepair85.com/?utm_source=google,(881) 555-0085,Landline,185 Main St,70085,Florida,miami,11-50,REF-85
Nguyen Plumbing 86,Priya Nguyen,Maria,owner86@,www.nguyenplumbing86.com/?utm_source=google,(769) 555-0086,Landline,,70086,TE,DALLAS,1-10,REF-86
Brown HVAC Services 87,Michael Brown,Ana,,www.brownhvacservices87.com/?utm_source=google,(385) 555-0087,Mobile,187 Main St,70087,IL,Chicago,1-10,REF-87
Nguyen Auto Detailing 88,Priya Patel,Robert,owner88@nguyenautodetailing88.com,www.nguyenautodetailing88.com/?utm_source=google,(938) 555-0088,Landline,188 Main St,70088,Texas,Dallas,1-10,REF-88
Garcia Chiropractors 89,David Kim,Priya,owner89@garciachiropractors89.com,www.garciachiropractors89.com/?utm_source=google,(420) 555-0089,,,70089,IL,Chicago,11-50,REF-89
Brown Gyms 90,David Smith,James,,www.browngyms90.com/?utm_source=google,(416) 555-0090,Mobile,190 Main St,70090,MA,boston,,REF-90
Davis Auto Detailing 91,David Nguyen,Ana,owner91@,,(959) 555-0091,Mobile,191 Main St,70091,MA,Boston,11-50,REF-91
Davis Gyms 92,David Brown,Maria,owner92@davisgyms92.com,www.davisgyms92.com/?utm_source=google,(532) 555-0092,Mobile,192 Main St,70092,WA,SEATTLE,11-50,REF-92
Garcia Auto Repair 93,David Garcia,David,owner93@garciaautorepair93.com,www.garciaautorepair93.com/?utm_source=google,(963) 555-0093,Landline,,70093,Washington,Seattle,,REF-93
Patel Accountants 94,Robert Nguyen,Maria,owner94@patelaccountants94.com,,(402) 555-0094,Mobile,194 Main St,70094,Georgia,Atlanta,51-200,REF-94
Patel Real Estate Agents 95,Ana Johnson,Priya,owner95@patelrealestateagents95.com,,(652) 555-0095,,195 Main St,70095,MA,BOSTON,,REF-95
Brown Plumbing 96,James Smith,Ana,owner96@brownplumbing96.com,www.brownplumbing96.com/?utm_source=google,(278) 555-0096,,196 Main St,70096,Texas,DALLAS,51-200,REF-96
Kim Real Estate Agents 97,Linda Patel,Priya,owner97@kimrealestateagents97.com,www.kimrealestateagents97.com/?utm_source=google,(263) 555-0097,Landline,,70097,IL,CHICAGO,,REF-97
Smith Accountants 98,Priya Kim,Robert,owner98@smithaccountants98.com,www.smithaccountants98.com/?utm_source=google,(489) 555-0098,Landline,198 Main St,70098,AR,PHOENIX,,REF-98
Patel Plumbing 99,David Brown,Michael,,www.patelplumbing99.com/?utm_source=google,(872) 555-0099,,199 Main St,70099,TE,Dallas,1-10,REF-99
Davis Plumbing 100,Maria Brown,David,owner100@,www.davisplumbing100.com/?utm_source=google,(536) 555-0100,Mobile,200 Main St,70100,Colorado,DENVER,51-200,REF-100
Smith Accountants 101,Robert Nguyen,Ana,owner101@smithaccountants101.com,www.smithaccountants101.com/?utm_source=google,(697) 555-0101,Mobile,,70101,Florida,Miami,,REF-101
Smith Salons 102,Robert Davis,Robert,owner102@smithsalons102.com,,(909) 555-0102,,202 Main St,70102,Texas,DALLAS,51-200,REF-102
Patel Auto Detailing 103,Linda Kim,Michael,owner103@patelautodetailing103.com,www.patelautodetailing103.com/?utm_source=google,(659) 555-0103,Mobile,203 Main St,70103,WA,seattle,1-10,REF-103
Kim Plumbing 104,David Davis,Robert,owner104@kimplumbing104.com,www.kimplumbing104.com/?utm_source=google,(819) 555-0104,Mobile,204 Main St,70104,Massachusetts,BOSTON,51-200,REF-104
Garcia Plumbing 105,Robert Brown,Priya,owner105@garciaplumbing105.com,www.garciaplumbing105.com/?utm_source=google,(350) 555-0105,Landline,,70105,Texas,dallas,11-50,REF-105
Smith Auto Detailing 106,Ana Nguyen,David,owner106@smithautodetailing106.com,www.smithautodetailing106.com/?utm_source=google,(583) 555-0106,Mobile,,70106,Washington,SEATTLE,11-50,REF-106
Smith Chiropractors 107,Priya Johnson,Priya,owner107@smithchiropractors107.com,www.smithchiropractors107.com/?utm_source=google,(205) 555-0107,Mobile,,70107,Arizona,Phoenix,51-200,REF-107
Nguyen Auto Repair 108,James Nguyen,David,owner108@nguyenautorepair108.com,www.nguyenautorepair108.com/?utm_source=google,(837) 555-0108,Landline,,70108,CO,DENVER,,REF-108
Johnson Accountants 109,James Patel,Linda,owner109@johnsonaccountants109.com,www.johnsonaccountants109.com/?utm_source=google,(391) 555-0109,,209 Main St,70109,GE,Atlanta,,REF-109
Smith HVAC Services 110,Ana Brown,James,owner110@smithhvacservices110.com,www.smithhvacservices110.com/?utm_source=google,(269) 555-0110,Landline,,70110,Massachusetts,BOSTON,11-50,REF-110
Patel Chiropractors 111,Robert Kim,Priya,owner111@patelchiropractors111.com,www.patelchiropractors111.com/?utm_source=google,(338) 555-0111,Mobile,211 Main St,70111,IL,Chicago,11-50,REF-111
Nguyen Restaurants 112,Ana Brown,David,owner112@nguyenrestaurants112.com,www.nguyenrestaurants112.com/?utm_source=google,(756) 555-0112,Landline,,70112,Illinois,chicago,11-50,REF-112
Brown Auto Detailing 113,Ana Davis,David,owner113@,www.brownautodetailing113.com/?utm_source=google,(595) 555-0113,Landline,213 Main St,70113,FL,MIAMI,51-200,REF-113
Garcia Plumbing 114,Maria Davis,Robert,owner114@garciaplumbing114.com,www.garciaplumbing114.com/?utm_source=google,(528) 555-0114,Mobile,,70114,CO,denver,51-200,REF-114
Johnson Gyms 115,Ana Kim,James,owner115@johnsongyms115.com,www.johnsongyms115.com/?utm_source=google,(561) 555-0115,,215 Main St,70115,WA,SEATTLE,,REF-115
Patel Auto Repair 116,Robert Smith,Robert,owner116@patelautorepair116.com,www.patelautorepair116.com/?utm_source=google,(894) 555-0116,Landline,,70116,Washington,Seattle,11-50,REF-116
Smith Plumbing 117,Priya Patel,Ana,owner117@smithplumbing117.com,www.smithplumbing117.com/?utm_source=google,(278) 555-0117,,,70117,WA,seattle,11-50,REF-117
Garcia Salons 118,Robert Kim,David,,www.garciasalons118.com/?utm_source=google,(320) 555-0118,Landline,218 Main St,70118,GE,Atlanta,11-50,REF-118
Garcia Real Estate Agents 119,Maria Kim,Robert,owner119@,www.garciarealestateagents119.com/?utm_source=google,(655) 555-0119,Mobile,219 Main St,70119,GE,ATLANTA,11-50,REF-119
Brown Auto Repair 120,Robert Patel,Linda,owner120@brownautorepair120.com,,(405) 555-0120,Mobile,,70120,CO,Denver,11-50,REF-120
Kim Accountants 121,Robert Garcia,Maria,owner121@kimaccountants121.com,www.kimaccountants121.com/?utm_source=google,(934) 555-0121,,221 Main St,70121,FL,miami,,REF-121
Garcia Chiropractors 122,Ana Johnson,Robert,owner122@garciachiropractors122.com,www.garciachiropractors122.com/?utm_source=google,(332) 555-0122,Landline,222 Main St,70122,Florida,Miami,1-10,REF-122
Johnson Salons 123,Linda Patel,Michael,owner123@johnsonsalons123.com,www.johnsonsalons123.com/?utm_source=google,(456) 555-0123,Mobile,223 Main St,70123,AR,Phoenix,11-50,REF-123
Johnson Gyms 124,Robert Johnson,Ana,owner124@johnsongyms124.com,www.johnsongyms124.com/?utm_source=google,(777) 555-0124,Mobile,224 Main St,70124,Texas,Dallas,,REF-124
Nguyen Gyms 125,David Smith,Priya,owner125@nguyengyms125.com,www.nguyengyms125.com/?utm_source=google,(758) 555-0125,Landline,225 Main St,70125,CO,denver,1-10,REF-125
Kim HVAC Services 126,James Johnson,Priya,,www.kimhvacservices126.com/?utm_source=google,(675) 555-0126,Mobile,226 Main St,70126,Colorado,denver,11-50,REF-126
Johnson Plumbing 127,Maria Patel,Linda,owner127@johnsonplumbing127.com,www.johnsonplumbing127.com/?utm_source=google,(473) 555-0127,Landline,,70127,Washington,Seattle,11-50,REF-127
Nguyen HVAC Services 128,Robert Patel,Ana,owner128@nguyenhvacservices128.com,,(363) 555-0128,Landline,228 Main St,70128,WA,seattle,11-50,REF-128
Garcia Real Estate Agents 129,Priya Nguyen,Linda,owner129@garciarealestateagents129.com,www.garciarealestateagents129.com/?utm_source=google,(249) 555-0129,Mobile,,70129,IL,chicago,,REF-129
Johnson Auto Repair 130,Ana Davis,Ana,owner130@johnsonautorepair130.com,,(252) 555-0130,,230 Main St,70130,WA,SEATTLE,11-50,REF-130
Kim Auto Repair 131,Michael Garcia,Robert,owner131@kimautorepair131.com,www.kimautorepair131.com/?utm_source=google,(603) 555-0131,Landline,231 Main St,70131,WA,SEATTLE,11-50,REF-131
Davis Chiropractors 132,James Smith,Robert,owner132@davischiropractors132.com,www.davischiropractors132.com/?utm_source=google,(685) 555-0132,,232 Main St,70132,Georgia,atlanta,11-50,REF-132
Brown Chiropractors 133,Priya Brown,Priya,owner133@brownchiropractors133.com,www.brownchiropractors133.com/?utm_source=google,(577) 555-0133,Landline,233 Main St,70133,WA,SEATTLE,11-50,REF-133
Brown Auto Detailing 134,Linda Smith,Priya,owner134@brownautodetailing134.com,,(844) 555-0134,,234 Main St,70134,MA,Boston,1-10,REF-134
Nguyen Auto Detailing 135,Ana Davis,Robert,,www.nguyenautodetailing135.com/?utm_source=google,(408) 555-0135,Landline,235 Main St,70135,TE,DALLAS,,REF-135
Patel Chiropractors 136,Priya Davis,Ana,owner136@patelchiropractors136.com,www.patelchiropractors136.com/?utm_source=google,(670) 555-0136,,236 Main St,70136,GE,ATLANTA,11-50,REF-136
Nguyen Gyms 137,Michael Brown,Linda,owner137@nguyengyms137.com,www.nguyengyms137.com/?utm_source=google,(504) 555-0137,Landline,237 Main St,70137,MA,boston,51-200,REF-137
Brown Plumbing 138,David Davis,Ana,owner138@,www.brownplumbing138.com/?utm_source=google,(349) 555-0138,Landline,,70138,Colorado,denver,51-200,REF-138
Nguyen Salons 139,Michael Brown,Robert,owner139@nguyensalons139.com,,(958) 555-0139,,,70139,Massachusetts,BOSTON,1-10,REF-139
Garcia Restaurants 140,Priya Garcia,Robert,owner140@garciarestaurants140.com,,(763) 555-0140,Mobile,240 Main St,70140,IL,chicago,1-10,REF-140
Brown Salons 141,Maria Nguyen,James,owner141@brownsalons141.com,www.brownsalons141.com/?utm_source=google,(379) 555-0141,Landline,241 Main St,70141,Florida,Miami,51-200,REF-141
Brown Real Estate Agents 142,James Brown,Maria,owner142@brownrealestateagents142.com,www.brownrealestateagents142.com/?utm_source=google,(543) 555-0142,Landline,242 Main St,70142,AR,Phoenix,51-200,REF-142
Garcia Salons 143,Priya Brown,Robert,owner143@garciasalons143.com,,(545) 555-0143,Landline,243 Main St,70143,Georgia,Atlanta,51-200,REF-143
Garcia HVAC Services 144,Maria Johnson,Robert,owner144@garciahvacservices144.com,www.garciahvacservices144.com/?utm_source=google,(454) 555-0144,Mobile,,70144,Florida,miami,11-50,REF-144
Smith Plumbing 145,Ana Nguyen,James,owner145@smithplumbing145.com,www.smithplumbing145.com/?utm_source=google,(676) 555-0145,Landline,,70145,CO,DENVER,,REF-145
Nguyen Salons 146,Robert Kim,Robert,owner146@nguyensalons146.com,www.nguyensalons146.com/?utm_source=google,(820) 555-0146,Landline,246 Main St,70146,FL,MIAMI,1-10,REF-146
Kim Restaurants 147,Ana Garcia,Maria,owner147@kimrestaurants147.com,,(760) 555-0147,,,70147,Texas,Dallas,11-50,REF-147
Garcia Accountants 148,Priya Garcia,Priya,owner148@garciaaccountants148.com,www.garciaaccountants148.com/?utm_source=google,(664) 555-0148,Mobile,248 Main St,70148,MA,BOSTON,,REF-148
Brown Accountants 149,David Brown,James,owner149@brownaccountants149.com,www.brownaccountants149.com/?utm_source=google,(792) 555-0149,Mobile,,70149,MA,BOSTON,,REF-149
Garcia Accountants 150,Priya Smith,Michael,owner150@garciaaccountants150.com,www.garciaaccountants150.com/?utm_source=google,(987) 555-0150,Mobile,250 Main St,70150,IL,chicago,51-200,REF-150
Davis Real Estate Agents 151,Robert Patel,Maria,,,(750) 555-0151,Landline,251 Main St,70151,Washington,Seattle,,REF-151
Davis Salons 152,Linda Nguyen,Priya,owner152@davissalons152.com,www.davissalons152.com/?utm_source=google,(482) 555-0152,Mobile,252 Main St,70152,Massachusetts,Boston,51-200,REF-152
Nguyen Gyms 153,Maria Smith,Priya,owner153@nguyengyms153.com,www.nguyengyms153.com/?utm_source=google,(920) 555-0153,Mobile,,70153,Illinois,chicago,51-200,REF-153
Smith Restaurants 154,Michael Nguyen,Ana,owner154@,www.smithrestaurants154.com/?utm_source=google,(888) 555-0154,Landline,,70154,Georgia,ATLANTA,1-10,REF-154
Brown HVAC Services 155,Robert Davis,Priya,,,(552) 555-0155,,255 Main St,70155,CO,DENVER,51-200,REF-155
Brown HVAC Services 156,Priya Nguyen,Linda,owner156@brownhvacservices156.com,www.brownhvacservices156.com/?utm_source=google,(924) 555-0156,Mobile,256 Main St,70156,Arizona,PHOENIX,51-200,REF-156
Davis HVAC Services 157,Linda Patel,Maria,owner157@davishvacservices157.com,www.davishvacservices157.com/?utm_source=google,(579) 555-0157,Mobile,257 Main St,70157,Arizona,Phoenix,11-50,REF-157
Garcia HVAC Services 158,Linda Kim,Linda,owner158@garciahvacservices158.com,www.garciahvacservices158.com/?utm_source=google,(540) 555-0158,Landline,258 Main St,70158,Illinois,Chicago,1-10,REF-158
Nguyen Auto Repair 159,Linda Davis,Linda,owner159@nguyenautorepair159.com,www.nguyenautorepair159.com/?utm_source=google,(489) 555-0159,Landline,259 Main St,70159,MA,boston,11-50,REF-159
Kim Plumbing 160,Priya Patel,Linda,,www.kimplumbing160.com/?utm_source=google,(623) 555-0160,Mobile,260 Main St,70160,Massachusetts,BOSTON,1-10,REF-160
Davis Auto Detailing 161,Linda Patel,Linda,owner161@davisautodetailing161.com,www.davisautodetailing161.com/?utm_source=google,(451) 555-0161,Landline,261 Main St,70161,CO,denver,51-200,REF-161
Johnson Real Estate Agents 162,Ana Johnson,Robert,owner162@johnsonrealestateagents162.com,www.johnsonrealestateagents162.com/?utm_source=google,(700) 555-0162,Mobile,262 Main St,70162,Massachusetts,BOSTON,,REF-162
Smith Auto Repair 163,Linda Garcia,Robert,owner163@smithautorepair163.com,,(717) 555-0163,Landline,263 Main St,70163,IL,CHICAGO,51-200,REF-163
Davis Auto Detailing 164,Michael Brown,James,,www.davisautodetailing164.com/?utm_source=google,(914) 555-0164,,264 Main St,70164,Illinois,Chicago,,REF-164
Nguyen Accountants 165,Michael Patel,Michael,owner165@nguyenaccountants165.com,www.nguyenaccountants165.com/?utm_source=google,(280) 555-0165,Landline,265 Main St,70165,AR,PHOENIX,1-10,REF-165
Garcia Restaurants 166,James Garcia,David,owner166@garciarestaurants166.com,www.garciarestaurants166.com/?utm_source=google,(765) 555-0166,Landline,,70166,Colorado,DENVER,1-10,REF-166
Davis Auto Repair 167,Ana Garcia,James,owner167@davisautorepair167.com,www.davisautorepair167.com/?utm_source=google,(908) 555-0167,,267 Main St,70167,Massachusetts,Boston,11-50,REF-167
Johnson Accountants 168,Ana Smith,Linda,owner168@johnsonaccountants168.com,www.johnsonaccountants168.com/?utm_source=google,(970) 555-0168,,268 Main St,70168,Illinois,chicago,1-10,REF-168
Davis Gyms 169,Ana Davis,Robert,owner169@davisgyms169.com,www.davisgyms169.com/?utm_source=google,(905) 555-0169,,,70169,GE,Atlanta,,REF-169
Garcia HVAC Services 170,David Patel,James,owner170@garciahvacservices170.com,www.garciahvacservices170.com/?utm_source=google,(661) 555-0170,Landline,,70170,GE,atlanta,1-10,REF-170
Garcia Gyms 171,Michael Nguyen,Maria,owner171@garciagyms171.com,,(357) 555-0171,Landline,271 Main St,70171,Washington,SEATTLE,51-200,REF-171
Garcia Plumbing 172,Michael Kim,Ana,,www.garciaplumbing172.com/?utm_source=google,(304) 555-0172,Mobile,,70172,FL,miami,51-200,REF-172
Garcia Auto Repair 173,Maria Patel,David,owner173@garciaautorepair173.com,,(623) 555-0173,Landline,273 Main St,70173,Illinois,CHICAGO,1-10,REF-173
Johnson HVAC Services 174,Michael Kim,Robert,owner174@johnsonhvacservices174.com,,(645) 555-0174,Landline,274 Main St,70174,AR,Phoenix,11-50,REF-174
Kim Salons 175,Linda Kim,Maria,owner175@kimsalons175.com,,(206) 555-0175,Landline,275 Main St,70175,GE,atlanta,51-200,REF-175
Johnson Plumbing 176,Linda Kim,Ana,owner176@johnsonplumbing176.com,,(607) 555-0176,Landline,,70176,WA,SEATTLE,1-10,REF-176
Brown Plumbing 177,David Patel,Maria,owner177@brownplumbing177.com,www.brownplumbing177.com/?utm_source=google,(404) 555-0177,,277 Main St,70177,Washington,SEATTLE,,REF-177
Kim Real Estate Agents 178,Maria Davis,Priya,owner178@kimrealestateagents178.com,,(510) 555-0178,Mobile,,70178,Georgia,ATLANTA,51-200,REF-178
Kim HVAC Services 179,Priya Davis,David,owner179@kimhvacservices179.com,www.kimhvacservices179.com/?utm_source=google,(568) 555-0179,,279 Main St,70179,Texas,Dallas,1-10,REF-179
Smith Plumbing 180,David Patel,David,owner180@smithplumbing180.com,,(300) 555-0180,Landline,,70180,Arizona,phoenix,11-50,REF-180
Johnson HVAC Services 181,James Kim,Maria,owner181@johnsonhvacservices181.com,www.johnsonhvacservices181.com/?utm_source=google,(287) 555-0181,Mobile,281 Main St,70181,Massachusetts,boston,11-50,REF-181
Nguyen Plumbing 182,Ana Kim,Maria,owner182@nguyenplumbing182.com,www.nguyenplumbing182.com/?utm_source=google,(913) 555-0182,Landline,282 Main St,70182,MA,Boston,,REF-182
Garcia Auto Detailing 183,Robert Nguyen,Robert,owner183@garciaautodetailing183.com,www.garciaautodetailing183.com/?utm_source=google,(538) 555-0183,,283 Main St,70183,FL,Miami,51-200,REF-183
Davis Chiropractors 184,Linda Kim,David,owner184@davischiropractors184.com,www.davischiropractors184.com/?utm_source=google,(921) 555-0184,Mobile,,70184,Arizona,PHOENIX,,REF-184
Patel Accountants 185,Priya Garcia,Michael,owner185@patelaccountants185.com,www.patelaccountants185.com/?utm_source=google,(701) 555-0185,,285 Main St,70185,AR,PHOENIX,51-200,REF-185
Garcia Gyms 186,Priya Johnson,Michael,owner186@garciagyms186.com,www.garciagyms186.com/?utm_source=google,(804) 555-0186,Mobile,286 Main St,70186,WA,Seattle,1-10,REF-186
Johnson Salons 187,Robert Davis,David,owner187@johnsonsalons187.com,www.johnsonsalons187.com/?utm_source=google,(788) 555-0187,Landline,287 Main St,70187,TE,DALLAS,1-10,REF-187
Kim Accountants 188,Robert Patel,Priya,owner188@kimaccountants188.com,www.kimaccountants188.com/?utm_source=google,(567) 555-0188,Mobile,288 Main St,70188,Arizona,phoenix,51-200,REF-188
Davis HVAC Services 189,Priya Kim,Robert,owner189@davishvacservices189.com,,(231) 555-0189,Mobile,,70189,MA,Boston,11-50,REF-189
Kim Chiropractors 190,Maria Garcia,Michael,owner190@kimchiropractors190.com,www.kimchiropractors190.com/?utm_source=google,(575) 555-0190,,290 Main St,70190,Massachusetts,BOSTON,51-200,REF-190
Davis Accountants 191,Linda Brown,James,,www.davisaccountants191.com/?utm_source=google,(556) 555-0191,Mobile,291 Main St,70191,Georgia,Atlanta,1-10,REF-191
Davis Gyms 192,Robert Nguyen,Linda,owner192@,www.davisgyms192.com/?utm_source=google,(783) 555-0192,Landline,292 Main St,70192,Florida,miami,11-50,REF-192
Garcia Salons 193,David Smith,Michael,owner193@,www.garciasalons193.com/?utm_source=google,(329) 555-0193,,293 Main St,70193,Colorado,Denver,11-50,REF-193
Kim Restaurants 194,Michael Davis,David,owner194@,www.kimrestaurants194.com/?utm_source=google,(848) 555-0194,Mobile,294 Main St,70194,WA,SEATTLE,11-50,REF-194
Patel Real Estate Agents 195,Maria Kim,Ana,owner195@patelrealestateagents195.com,www.patelrealestateagents195.com/?utm_source=google,(747) 555-0195,Landline,,70195,MA,Boston,51-200,REF-195
Brown Salons 196,Robert Kim,Ana,owner196@brownsalons196.com,www.brownsalons196.com/?utm_source=google,(980) 555-0196,Mobile,,70196,FL,Miami,,REF-196
Kim Chiropractors 197,David Nguyen,Robert,,www.kimchiropractors197.com/?utm_source=google,(509) 555-0197,Mobile,297 Main St,70197,MA,Boston,11-50,REF-197
Patel Salons 198,Robert Smith,David,owner198@patelsalons198.com,www.patelsalons198.com/?utm_source=google,(943) 555-0198,,298 Main St,70198,TE,DALLAS,,REF-198
Nguyen Auto Repair 199,Robert Nguyen,Priya,owner199@nguyenautorepair199.com,,(912) 555-0199,Landline,299 Main St,70199,IL,CHICAGO,1-10,REF-199
Nguyen Real Estate Agents 200,Maria Garcia,Ana,owner200@nguyenrealestateagents200.com,www.nguyenrealestateagents200.com/?utm_source=google,(506) 555-0200,Mobile,300 Main St,70200,Texas,DALLAS,1-10,REF-200
Johnson Auto Repair 201,Linda Johnson,David,owner201@johnsonautorepair201.com,www.johnsonautorepair201.com/?utm_source=google,(653) 555-0201,Mobile,,70201,Illinois,Chicago,,REF-201
Patel Gyms 202,Ana Johnson,Linda,owner202@patelgyms202.com,www.patelgyms202.com/?utm_source=google,(286) 555-0202,Mobile,302 Main St,70202,WA,SEATTLE,,REF-202
Nguyen Salons 203,Michael Smith,Linda,owner203@nguyensalons203.com,www.nguyensalons203.com/?utm_source=google,(315) 555-0203,Mobile,303 Main St,70203,Georgia,ATLANTA,,REF-203
Johnson Plumbing 204,David Patel,Robert,owner204@johnsonplumbing204.com,www.johnsonplumbing204.com/?utm_source=google,(988) 555-0204,Mobile,,70204,Florida,Miami,11-50,REF-204
Smith Restaurants 205,David Brown,David,owner205@smithrestaurants205.com,www.smithrestaurants205.com/?utm_source=google,(611) 555-0205,Mobile,305 Main St,70205,Illinois,chicago,,REF-205
Nguyen Salons 206,Robert Patel,David,owner206@nguyensalons206.com,www.nguyensalons206.com/?utm_source=google,(981) 555-0206,,306 Main St,70206,Texas,dallas,51-200,REF-206
Nguyen Restaurants 207,David Garcia,Priya,,www.nguyenrestaurants207.com/?utm_source=google,(256) 555-0207,Landline,307 Main St,70207,Illinois,Chicago,,REF-207
Johnson Chiropractors 208,Ana Brown,Robert,owner208@johnsonchiropractors208.com,www.johnsonchiropractors208.com/?utm_source=google,(967) 555-0208,Landline,308 Main St,70208,Illinois,Chicago,11-50,REF-208
Garcia HVAC Services 209,Maria Kim,Priya,owner209@garciahvacservices209.com,www.garciahvacservices209.com/?utm_source=google,(256) 555-0209,Landline,309 Main St,70209,Colorado,denver,1-10,REF-209
Garcia Salons 210,James Smith,James,owner210@garciasalons210.com,www.garciasalons210.com/?utm_source=google,(683) 555-0210,Landline,310 Main St,70210,Texas,Dallas,,REF-210
Nguyen Accountants 211,David Patel,Michael,owner211@nguyenaccountants211.com,www.nguyenaccountants211.com/?utm_source=google,(785) 555-0211,Landline,,70211,Washington,Seattle,1-10,REF-211
Davis Accountants 212,Priya Brown,Michael,,www.davisaccountants212.com/?utm_source=google,(766) 555-0212,Landline,,70212,Illinois,chicago,11-50,REF-212
Kim Gyms 213,Priya Nguyen,Linda,owner213@kimgyms213.com,,(619) 555-0213,Mobile,,70213,GE,ATLANTA,,REF-213
Davis Plumbing 214,Michael Garcia,Linda,owner214@davisplumbing214.com,www.davisplumbing214.com/?utm_source=google,(443) 555-0214,Landline,314 Main St,70214,Illinois,Chicago,11-50,REF-214
Nguyen Auto Repair 215,David Patel,Priya,owner215@nguyenautorepair215.com,www.nguyenautorepair215.com/?utm_source=google,(286) 555-0215,,,70215,Illinois,CHICAGO,51-200,REF-215
Davis Auto Repair 216,Robert Nguyen,Michael,owner216@davisautorepair216.com,www.davisautorepair216.com/?utm_source=google,(522) 555-0216,Landline,316 Main St,70216,IL,chicago,51-200,REF-216
Garcia Salons 217,Robert Garcia,Robert,owner217@garciasalons217.com,,(660) 555-0217,Landline,317 Main St,70217,Georgia,ATLANTA,11-50,REF-217
Brown Restaurants 218,Maria Garcia,Robert,owner218@brownrestaurants218.com,www.brownrestaurants218.com/?utm_source=google,(511) 555-0218,,318 Main St,70218,Massachusetts,Boston,11-50,REF-218
Nguyen Chiropractors 219,David Smith,Michael,owner219@nguyenchiropractors219.com,www.nguyenchiropractors219.com/?utm_source=google,(378) 555-0219,Mobile,319 Main St,70219,TE,DALLAS,1-10,REF-219
Garcia Auto Repair 220,Robert Garcia,James,owner220@garciaautorepair220.com,,(427) 555-0220,Mobile,,70220,MA,boston,,REF-220
Garcia Gyms 221,Maria Nguyen,Priya,,www.garciagyms221.com/?utm_source=google,(294) 555-0221,Landline,,70221,CO,Denver,1-10,REF-221
Davis Gyms 222,David Davis,Robert,owner222@davisgyms222.com,www.davisgyms222.com/?utm_source=google,(391) 555-0222,Landline,,70222,Washington,Seattle,1-10,REF-222
Davis Salons 223,Priya Smith,Maria,owner223@davissalons223.com,www.davissalons223.com/?utm_source=google,(340) 555-0223,Landline,,70223,Massachusetts,BOSTON,,REF-223
Kim HVAC Services 224,Priya Patel,Ana,owner224@kimhvacservices224.com,www.kimhvacservices224.com/?utm_source=google,(384) 555-0224,Mobile,324 Main St,70224,Florida,Miami,11-50,REF-224
Patel Auto Detailing 225,Linda Johnson,Maria,owner225@patelautodetailing225.com,www.patelautodetailing225.com/?utm_source=google,(446) 555-0225,Landline,325 Main St,70225,Massachusetts,Boston,51-200,REF-225
Johnson Plumbing 226,Ana Patel,James,owner226@johnsonplumbing226.com,www.johnsonplumbing226.com/?utm_source=google,(560) 555-0226,,326 Main St,70226,Arizona,phoenix,11-50,REF-226
Smith Chiropractors 227,Linda Nguyen,James,,www.smithchiropractors227.com/?utm_source=google,(200) 555-0227,Landline,327 Main St,70227,Massachusetts,Boston,11-50,REF-227
Smith Chiropractors 228,Robert Garcia,Ana,,www.smithchiropractors228.com/?utm_source=google,(582) 555-0228,,328 Main St,70228,FL,MIAMI,,REF-228
Patel Plumbing 229,Robert Davis,Priya,owner229@,www.patelplumbing229.com/?utm_source=google,(378) 555-0229,,329 Main St,70229,CO,Denver,1-10,REF-229
Brown HVAC Services 230,James Davis,James,owner230@,,(525) 555-0230,,,70230,Colorado,denver,1-10,REF-230
Nguyen Plumbing 231,Ana Johnson,Maria,owner231@nguyenplumbing231.com,www.nguyenplumbing231.com/?utm_source=google,(886) 555-0231,,331 Main St,70231,TE,dallas,,REF-231
Nguyen Salons 232,Ana Brown,Maria,owner232@nguyensalons232.com,www.nguyensalons232.com/?utm_source=google,(249) 555-0232,Landline,332 Main St,70232,GE,Atlanta,51-200,REF-232
Patel Real Estate Agents 233,Maria Kim,Linda,owner233@patelrealestateagents233.com,,(275) 555-0233,Mobile,,70233,WA,seattle,,REF-233
Johnson Auto Repair 234,Robert Garcia,Maria,owner234@johnsonautorepair234.com,www.johnsonautorepair234.com/?utm_source=google,(828) 555-0234,Landline,334 Main St,70234,FL,MIAMI,1-10,REF-234
Johnson Gyms 235,Ana Nguyen,Linda,,www.johnsongyms235.com/?utm_source=google,(767) 555-0235,,335 Main St,70235,WA,SEATTLE,11-50,REF-235
Garcia Salons 236,Priya Johnson,James,,www.garciasalons236.com/?utm_source=google,(637) 555-0236,Mobile,,70236,GE,Atlanta,,REF-236
Johnson Auto Detailing 237,Maria Kim,Maria,owner237@johnsonautodetailing237.com,www.johnsonautodetailing237.com/?utm_source=google,(607) 555-0237,Landline,337 Main St,70237,GE,Atlanta,51-200,REF-237
Davis Chiropractors 238,Priya Smith,Michael,owner238@davischiropractors238.com,www.davischiropractors238.com/?utm_source=google,(469) 555-0238,Mobile,338 Main St,70238,Florida,Miami,,REF-238
Davis Auto Repair 239,Linda Smith,David,owner239@davisautorepair239.com,www.davisautorepair239.com/?utm_source=google,(628) 555-0239,,339 Main St,70239,FL,MIAMI,1-10,REF-239
Garcia Real Estate Agents 240,James Johnson,Maria,owner240@garciarealestateagents240.com,www.garciarealestateagents240.com/?utm_source=google,(659) 555-0240,Mobile,340 Main St,70240,Colorado,Denver,1-10,REF-240
Davis Chiropractors 241,David Nguyen,Robert,,www.davischiropractors241.com/?utm_source=google,(464) 555-0241,Landline,341 Main St,70241,Illinois,Chicago,51-200,REF-241
Patel Accountants 242,Priya Smith,David,owner242@patelaccountants242.com,,(353) 555-0242,Mobile,342 Main St,70242,Washington,Seattle,,REF-242
Davis Salons 243,Priya Kim,James,owner243@davissalons243.com,,(612) 555-0243,Mobile,343 Main St,70243,FL,Miami,51-200,REF-243
Smith Plumbing 244,Michael Patel,James,owner244@smithplumbing244.com,www.smithplumbing244.com/?utm_source=google,(510) 555-0244,Landline,,70244,GE,ATLANTA,,REF-244
Brown Restaurants 245,Priya Patel,Michael,owner245@brownrestaurants245.com,www.brownrestaurants245.com/?utm_source=google,(819) 555-0245,,,70245,AR,Phoenix,51-200,REF-245
Smith Real Estate Agents 246,Robert Garcia,Michael,owner246@smithrealestateagents246.com,www.smithrealestateagents246.com/?utm_source=google,(613) 555-0246,Mobile,346 Main St,70246,Florida,Miami,1-10,REF-246
Nguyen Restaurants 247,James Patel,Linda,,www.nguyenrestaurants247.com/?utm_source=google,(675) 555-0247,,347 Main St,70247,Illinois,CHICAGO,,REF-247
Kim Restaurants 248,Robert Kim,Ana,owner248@kimrestaurants248.com,www.kimrestaurants248.com/?utm_source=google,(464) 555-0248,,348 Main St,70248,Florida,miami,,REF-248
Johnson HVAC Services 249,Linda Nguyen,Linda,owner249@johnsonhvacservices249.com,www.johnsonhvacservices249.com/?utm_source=google,(475) 555-0249,,349 Main St,70249,Illinois,CHICAGO,,REF-249
Johnson Real Estate Agents 250,James Nguyen,Michael,owner250@johnsonrealestateagents250.com,www.johnsonrealestateagents250.com/?utm_source=google,(512) 555-0250,,350 Main St,70250,AR,phoenix,51-200,REF-250
Brown Plumbing 251,Michael Davis,Maria,owner251@brownplumbing251.com,,(878) 555-0251,Landline,351 Main St,70251,MA,boston,,REF-251
Patel Real Estate Agents 252,Ana Brown,Michael,owner252@patelrealestateagents252.com,www.patelrealestateagents252.com/?utm_source=google,(867) 555-0252,Landline,,70252,Texas,Dallas,51-200,REF-252
Smith Plumbing 253,Michael Brown,David,owner253@smithplumbing253.com,www.smithplumbing253.com/?utm_source=google,(954) 555-0253,Mobile,353 Main St,70253,Arizona,phoenix,1-10,REF-253
Patel Accountants 254,Robert Johnson,Michael,owner254@patelaccountants254.com,,(331) 555-0254,,,70254,Massachusetts,BOSTON,11-50,REF-254
Patel Auto Repair 255,Michael Davis,Ana,owner255@patelautorepair255.com,www.patelautorepair255.com/?utm_source=google,(799) 555-0255,Landline,355 Main St,70255,Georgia,atlanta,,REF-255
Kim Gyms 256,Maria Davis,Michael,owner256@kimgyms256.com,www.kimgyms256.com/?utm_source=google,(354) 555-0256,Mobile,356 Main St,70256,TE,dallas,51-200,REF-256
Johnson Chiropractors 257,Priya Patel,Robert,owner257@johnsonchiropractors257.com,www.johnsonchiropractors257.com/?utm_source=google,(259) 555-0257,Mobile,357 Main St,70257,Florida,Miami,1-10,REF-257
Johnson Real Estate Agents 258,David Davis,David,owner258@johnsonrealestateagents258.com,www.johnsonrealestateagents258.com/?utm_source=google,(592) 555-0258,Mobile,,70258,Texas,DALLAS,11-50,REF-258
Nguyen Auto Detailing 259,James Nguyen,Linda,,www.nguyenautodetailing259.com/?utm_source=google,(552) 555-0259,Landline,,70259,FL,MIAMI,11-50,REF-259
Smith Chiropractors 260,Michael Kim,Ana,owner260@smithchiropractors260.com,www.smithchiropractors260.com/?utm_source=google,(903) 555-0260,Mobile,360 Main St,70260,TE,dallas,1-10,REF-260
Smith Chiropractors 261,Robert Nguyen,James,owner261@smithchiropractors261.com,www.smithchiropractors261.com/?utm_source=google,(373) 555-0261,Mobile,361 Main St,70261,Washington,seattle,11-50,REF-261
Smith Accountants 262,James Smith,Maria,owner262@smithaccountants262.com,www.smithaccountants262.com/?utm_source=google,(589) 555-0262,Mobile,362 Main St,70262,IL,CHICAGO,1-10,REF-262
Brown Restaurants 263,Maria Brown,Robert,owner263@brownrestaurants263.com,www.brownrestaurants263.com/?utm_source=google,(307) 555-0263,,363 Main St,70263,Illinois,chicago,,REF-263
Nguyen Auto Repair 264,Michael Nguyen,Ana,owner264@nguyenautorepair264.com,www.nguyenautorepair264.com/?utm_source=google,(502) 555-0264,Mobile,,70264,MA,Boston,51-200,REF-264
Smith Plumbing 265,Maria Garcia,Priya,,,(292) 555-0265,,,70265,Georgia,atlanta,1-10,REF-265
Brown Real Estate Agents 266,Maria Johnson,James,owner266@brownrealestateagents266.com,www.brownrealestateagents266.com/?utm_source=google,(568) 555-0266,,366 Main St,70266,Colorado,Denver,,REF-266
Johnson Auto Detailing 267,Priya Brown,Maria,owner267@johnsonautodetailing267.com,www.johnsonautodetailing267.com/?utm_source=google,(550) 555-0267,Mobile,,70267,AR,phoenix,11-50,REF-267
Davis HVAC Services 268,Robert Garcia,Robert,owner268@davishvacservices268.com,www.davishvacservices268.com/?utm_source=google,(260) 555-0268,Mobile,,70268,MA,BOSTON,51-200,REF-268
Patel Chiropractors 269,Robert Kim,Priya,owner269@patelchiropractors269.com,,(621) 555-0269,Landline,,70269,WA,SEATTLE,11-50,REF-269
Patel Auto Detailing 270,Maria Davis,Linda,owner270@patelautodetailing270.com,www.patelautodetailing270.com/?utm_source=google,(879) 555-0270,,370 Main St,70270,Georgia,ATLANTA,,REF-270
Kim Auto Detailing 271,Robert Garcia,Priya,owner271@kimautodetailing271.com,www.kimautodetailing271.com/?utm_source=google,(538) 555-0271,Landline,,70271,Arizona,PHOENIX,51-200,REF-271
Garcia HVAC Services 272,Priya Garcia,Priya,owner272@garciahvacservices272.com,www.garciahvacservices272.com/?utm_source=google,(321) 555-0272,Landline,372 Main St,70272,Georgia,Atlanta,51-200,REF-272
Smith HVAC Services 273,Michael Nguyen,Priya,owner273@smithhvacservices273.com,www.smithhvacservices273.com/?utm_source=google,(572) 555-0273,Mobile,373 Main St,70273,IL,chicago,51-200,REF-273
Garcia Plumbing 274,Linda Smith,Ana,,www.garciaplumbing274.com/?utm_source=google,(848) 555-0274,Landline,374 Main St,70274,MA,BOSTON,,REF-274
Kim Auto Detailing 275,David Garcia,Michael,owner275@,www.kimautodetailing275.com/?utm_source=google,(392) 555-0275,Mobile,375 Main St,70275,AR,Phoenix,51-200,REF-275
Garcia Restaurants 276,James Garcia,Priya,owner276@garciarestaurants276.com,www.garciarestaurants276.com/?utm_source=google,(803) 555-0276,,,70276,FL,Miami,,REF-276
Kim Accountants 277,Robert Johnson,Robert,owner277@kimaccountants277.com,,(873) 555-0277,,377 Main St,70277,WA,SEATTLE,51-200,REF-277
Brown HVAC Services 278,Ana Brown,Priya,owner278@brownhvacservices278.com,www.brownhvacservices278.com/?utm_source=google,(341) 555-0278,Landline,378 Main St,70278,GE,ATLANTA,11-50,REF-278
Nguyen Accountants 279,Michael Patel,Robert,owner279@nguyenaccountants279.com,www.nguyenaccountants279.com/?utm_source=google,(865) 555-0279,Mobile,379 Main St,70279,GE,ATLANTA,,REF-279
Davis Plumbing 280,Michael Davis,James,owner280@davisplumbing280.com,www.davisplumbing280.com/?utm_source=google,(225) 555-0280,Landline,,70280,Massachusetts,Boston,11-50,REF-280
Brown Chiropractors 281,James Brown,Linda,owner281@,www.brownchiropractors281.com/?utm_source=google,(233) 555-0281,Landline,381 Main St,70281,Colorado,DENVER,1-10,REF-281
Nguyen Accountants 282,Michael Smith,David,owner282@nguyenaccountants282.com,www.nguyenaccountants282.com/?utm_source=google,(901) 555-0282,Landline,382 Main St,70282,Washington,Seattle,11-50,REF-282
Nguyen Restaurants 283,Ana Nguyen,Linda,owner283@nguyenrestaurants283.com,www.nguyenrestaurants283.com/?utm_source=google,(381) 555-0283,,,70283,Massachusetts,BOSTON,,REF-283
Davis HVAC Services 284,Michael Johnson,Robert,owner284@davishvacservices284.com,www.davishvacservices284.com/?utm_source=google,(461) 555-0284,Mobile,384 Main St,70284,Illinois,Chicago,1-10,REF-284
Brown Plumbing 285,Ana Garcia,Ana,owner285@brownplumbing285.com,www.brownplumbing285.com/?utm_source=google,(388) 555-0285,,,70285,Illinois,chicago,51-200,REF-285
Nguyen Auto Repair 286,Ana Patel,Ana,owner286@nguyenautorepair286.com,www.nguyenautorepair286.com/?utm_source=google,(970) 555-0286,,386 Main St,70286,Florida,Miami,11-50,REF-286
Nguyen Real Estate Agents 287,Ana Davis,Maria,owner287@nguyenrealestateagents287.com,www.nguyenrealestateagents287.com/?utm_source=google,(753) 555-0287,,,70287,GE,ATLANTA,51-200,REF-287
Brown Real Estate Agents 288,Linda Patel,Maria,owner288@brownrealestateagents288.com,www.brownrealestateagents288.com/?utm_source=google,(371) 555-0288,,388 Main St,70288,Illinois,Chicago,1-10,REF-288
Nguyen HVAC Services 289,David Garcia,Robert,owner289@nguyenhvacservices289.com,,(934) 555-0289,Landline,,70289,Texas,Dallas,1-10,REF-289
Nguyen Salons 290,David Davis,Priya,owner290@nguyensalons290.com,www.nguyensalons290.com/?utm_source=google,(643) 555-0290,Landline,,70290,Texas,DALLAS,,REF-290
Smith Gyms 291,Maria Patel,Maria,owner291@smithgyms291.com,www.smithgyms291.com/?utm_source=google,(902) 555-0291,Landline,391 Main St,70291,TE,dallas,51-200,REF-291
Kim HVAC Services 292,Linda Johnson,David,owner292@,www.kimhvacservices292.com/?utm_source=google,(758) 555-0292,Landline,392 Main St,70292,Illinois,chicago,11-50,REF-292
Garcia Auto Detailing 293,David Garcia,Michael,,www.garciaautodetailing293.com/?utm_source=google,(959) 555-0293,,393 Main St,70293,AR,PHOENIX,1-10,REF-293
Nguyen Chiropractors 294,Michael Nguyen,Maria,owner294@nguyenchiropractors294.com,,(780) 555-0294,Mobile,394 Main St,70294,AR,PHOENIX,,REF-294
Brown Salons 295,Priya Patel,Ana,,,(871) 555-0295,Mobile,,70295,Texas,Dallas,11-50,REF-295
Patel Real Estate Agents 296,Michael Johnson,Ana,owner296@patelrealestateagents296.com,www.patelrealestateagents296.com/?utm_source=google,(638) 555-0296,Mobile,,70296,Massachusetts,Boston,51-200,REF-296
Johnson Salons 297,Ana Kim,Priya,owner297@johnsonsalons297.com,www.johnsonsalons297.com/?utm_source=google,(512) 555-0297,Landline,397 Main St,70297,Florida,MIAMI,,REF-297
Nguyen Salons 298,Maria Garcia,James,owner298@nguyensalons298.com,www.nguyensalons298.com/?utm_source=google,(846) 555-0298,Mobile,398 Main St,70298,AR,PHOENIX,1-10,REF-298
Kim Auto Detailing 299,Robert Patel,David,owner299@kimautodetailing299.com,www.kimautodetailing299.com/?utm_source=google,(803) 555-0299,,399 Main St,70299,Colorado,denver,,REF-299
Smith HVAC Services 300,Robert Johnson,Priya,owner300@smithhvacservices300.com,,(779) 555-0300,,400 Main St,70300,Florida,MIAMI,51-200,REF-300
Nguyen Plumbing 301,Linda Garcia,Michael,owner301@nguyenplumbing301.com,www.nguyenplumbing301.com/?utm_source=google,(243) 555-0301,,,70301,IL,chicago,51-200,REF-301
Smith Real Estate Agents 302,Ana Garcia,Michael,owner302@smithrealestateagents302.com,www.smithrealestateagents302.com/?utm_source=google,(469) 555-0302,,402 Main St,70302,Illinois,chicago,51-200,REF-302
Brown Plumbing 303,Linda Davis,Ana,owner303@brownplumbing303.com,www.brownplumbing303.com/?utm_source=google,(553) 555-0303,Landline,403 Main St,70303,Texas,DALLAS,1-10,REF-303
Nguyen Real Estate Agents 304,Michael Nguyen,Robert,,,(570) 555-0304,,404 Main St,70304,Arizona,PHOENIX,1-10,REF-304
Garcia HVAC Services 305,Priya Kim,Linda,owner305@garciahvacservices305.com,www.garciahvacservices305.com/?utm_source=google,(862) 555-0305,Landline,,70305,Florida,Miami,1-10,REF-305
Johnson Chiropractors 306,Michael Johnson,David,,www.johnsonchiropractors306.com/?utm_source=google,(777) 555-0306,,,70306,IL,Chicago,1-10,REF-306
Kim Real Estate Agents 307,David Johnson,Robert,owner307@,www.kimrealestateagents307.com/?utm_source=google,(723) 555-0307,Landline,,70307,MA,boston,,REF-307
Davis Restaurants 308,James Nguyen,David,owner308@,www.davisrestaurants308.com/?utm_source=google,(820) 555-0308,Mobile,,70308,Washington,SEATTLE,,REF-308
Johnson Auto Repair 309,James Davis,David,owner309@johnsonautorepair309.com,www.johnsonautorepair309.com/?utm_source=google,(244) 555-0309,,409 Main St,70309,Massachusetts,boston,51-200,REF-309
Davis Plumbing 310,Priya Nguyen,Maria,owner310@,www.davisplumbing310.com/?utm_source=google,(756) 555-0310,Landline,,70310,Texas,DALLAS,,REF-310
Smith Gyms 311,Linda Patel,David,owner311@smithgyms311.com,www.smithgyms311.com/?utm_source=google,(358) 555-0311,Landline,411 Main St,70311,TE,dallas,51-200,REF-311
Brown Gyms 312,David Nguyen,David,owner312@browngyms312.com,www.browngyms312.com/?utm_source=google,(770) 555-0312,Landline,,70312,FL,miami,11-50,REF-312
Davis Gyms 313,Maria Nguyen,Priya,owner313@davisgyms313.com,www.davisgyms313.com/?utm_source=google,(365) 555-0313,Mobile,,70313,FL,miami,,REF-313
Smith Chiropractors 314,Robert Kim,David,owner314@smithchiropractors314.com,,(469) 555-0314,Mobile,414 Main St,70314,Washington,SEATTLE,51-200,REF-314
Smith HVAC Services 315,Robert Kim,Priya,owner315@smithhvacservices315.com,,(872) 555-0315,,,70315,Colorado,DENVER,1-10,REF-315
Smith Gyms 316,James Johnson,Maria,owner316@smithgyms316.com,www.smithgyms316.com/?utm_source=google,(609) 555-0316,Landline,416 Main St,70316,AR,PHOENIX,1-10,REF-316
Garcia Accountants 317,Michael Patel,Ana,owner317@garciaaccountants317.com,www.garciaaccountants317.com/?utm_source=google,(483) 555-0317,Mobile,417 Main St,70317,Illinois,chicago,51-200,REF-317
Brown Gyms 318,Maria Garcia,Michael,owner318@,www.browngyms318.com/?utm_source=google,(319) 555-0318,,418 Main St,70318,IL,CHICAGO,51-200,REF-318
Nguyen HVAC Services 319,Priya Kim,James,owner319@nguyenhvacservices319.com,www.nguyenhvacservices319.com/?utm_source=google,(464) 555-0319,Mobile,419 Main St,70319,Massachusetts,BOSTON,1-10,REF-319
Patel Plumbing 320,James Brown,Linda,owner320@patelplumbing320.com,www.patelplumbing320.com/?utm_source=google,(608) 555-0320,,420 Main St,70320,WA,Seattle,1-10,REF-320
Patel Real Estate Agents 321,Michael Johnson,Linda,owner321@patelrealestateagents321.com,www.patelrealestateagents321.com/?utm_source=google,(404) 555-0321,Mobile,421 Main St,70321,FL,Miami,1-10,REF-321
Patel Restaurants 322,Maria Garcia,Maria,owner322@,www.patelrestaurants322.com/?utm_source=google,(879) 555-0322,Landline,422 Main St,70322,Georgia,atlanta,11-50,REF-322
Kim Gyms 323,Michael Kim,Robert,owner323@kimgyms323.com,www.kimgyms323.com/?utm_source=google,(723) 555-0323,Landline,423 Main St,70323,Florida,Miami,51-200,REF-323
Patel Real Estate Agents 324,Robert Kim,Maria,owner324@patelrealestateagents324.com,www.patelrealestateagents324.com/?utm_source=google,(671) 555-0324,Landline,424 Main St,70324,Illinois,CHICAGO,1-10,REF-324
Patel HVAC Services 325,Michael Johnson,Michael,owner325@patelhvacservices325.com,www.patelhvacservices325.com/?utm_source=google,(682) 555-0325,,425 Main St,70325,Texas,dallas,51-200,REF-325
Patel Restaurants 326,David Brown,Priya,owner326@patelrestaurants326.com,,(334) 555-0326,,426 Main St,70326,Washington,SEATTLE,11-50,REF-326
Davis Restaurants 327,Robert Kim,James,owner327@davisrestaurants327.com,,(711) 555-0327,Mobile,427 Main St,70327,WA,seattle,11-50,REF-327
Davis Salons 328,Robert Smith,Linda,,www.davissalons328.com/?utm_source=google,(687) 555-0328,,,70328,IL,chicago,11-50,REF-328
Patel Plumbing 329,Maria Patel,Linda,,www.patelplumbing329.com/?utm_source=google,(865) 555-0329,,429 Main St,70329,CO,denver,11-50,REF-329
Kim Accountants 330,David Brown,Priya,owner330@kimaccountants330.com,www.kimaccountants330.com/?utm_source=google,(348) 555-0330,Mobile,430 Main St,70330,MA,boston,51-200,REF-330
Johnson Auto Repair 331,Ana Patel,Michael,owner331@johnsonautorepair331.com,www.johnsonautorepair331.com/?utm_source=google,(819) 555-0331,,431 Main St,70331,TE,dallas,51-200,REF-331
Johnson HVAC Services 332,Robert Nguyen,Michael,owner332@johnsonhvacservices332.com,www.johnsonhvacservices332.com/?utm_source=google,(917) 555-0332,,,70332,Arizona,phoenix,,REF-332
Kim Auto Repair 333,James Davis,Maria,owner333@kimautorepair333.com,,(832) 555-0333,Mobile,,70333,TE,dallas,1-10,REF-333
Kim Restaurants 334,Robert Johnson,James,owner334@kimrestaurants334.com,,(565) 555-0334,Landline,434 Main St,70334,CO,DENVER,11-50,REF-334
Johnson Accountants 335,Robert Kim,David,owner335@johnsonaccountants335.com,www.johnsonaccountants335.com/?utm_source=google,(854) 555-0335,,435 Main St,70335,MA,boston,1-10,REF-335
Brown Auto Repair 336,Michael Johnson,Michael,owner336@brownautorepair336.com,,(735) 555-0336,Mobile,436 Main St,70336,MA,BOSTON,,REF-336
Brown Real Estate Agents 337,David Brown,Linda,,www.brownrealestateagents337.com/?utm_source=google,(761) 555-0337,Landline,,70337,MA,boston,1-10,REF-337
Davis Chiropractors 338,Maria Davis,Linda,owner338@davischiropractors338.com,www.davischiropractors338.com/?utm_source=google,(827) 555-0338,,438 Main St,70338,WA,SEATTLE,11-50,REF-338
Garcia HVAC Services 339,Michael Garcia,Priya,owner339@garciahvacservices339.com,www.garciahvacservices339.com/?utm_source=google,(478) 555-0339,,439 Main St,70339,Georgia,atlanta,,REF-339
Smith Chiropractors 340,Maria Brown,Michael,owner340@smithchiropractors340.com,,(648) 555-0340,,,70340,Illinois,Chicago,,REF-340
Patel Real Estate Agents 341,Priya Patel,Priya,owner341@patelrealestateagents341.com,www.patelrealestateagents341.com/?utm_source=google,(232) 555-0341,Landline,,70341,Georgia,Atlanta,11-50,REF-341
Kim HVAC Services 342,Michael Davis,James,owner342@kimhvacservices342.com,,(986) 555-0342,,,70342,TE,Dallas,,REF-342
Garcia Restaurants 343,Linda Kim,David,owner343@garciarestaurants343.com,www.garciarestaurants343.com/?utm_source=google,(519) 555-0343,Landline,,70343,Massachusetts,BOSTON,,REF-343
Brown Salons 344,James Nguyen,Maria,owner344@brownsalons344.com,www.brownsalons344.com/?utm_source=google,(644) 555-0344,Landline,,70344,MA,BOSTON,,REF-344
Smith HVAC Services 345,Priya Johnson,Ana,owner345@smithhvacservices345.com,www.smithhvacservices345.com/?utm_source=google,(454) 555-0345,Mobile,445 Main St,70345,GE,ATLANTA,,REF-345
Johnson Auto Detailing 346,Maria Johnson,Priya,owner346@johnsonautodetailing346.com,www.johnsonautodetailing346.com/?utm_source=google,(771) 555-0346,,446 Main St,70346,FL,MIAMI,1-10,REF-346
Patel Auto Detailing 347,Michael Smith,Priya,owner347@patelautodetailing347.com,www.patelautodetailing347.com/?utm_source=google,(772) 555-0347,Landline,447 Main St,70347,WA,Seattle,1-10,REF-347
Patel Accountants 348,Michael Johnson,Maria,owner348@patelaccountants348.com,www.patelaccountants348.com/?utm_source=google,(660) 555-0348,Landline,448 Main St,70348,FL,miami,,REF-348
Johnson Accountants 349,Ana Nguyen,Ana,owner349@johnsonaccountants349.com,www.johnsonaccountants349.com/?utm_source=google,(874) 555-0349,,449 Main St,70349,Washington,SEATTLE,51-200,REF-349
Brown Accountants 350,Ana Garcia,Maria,owner350@brownaccountants350.com,www.brownaccountants350.com/?utm_source=google,(268) 555-0350,Mobile,450 Main St,70350,Arizona,Phoenix,,REF-350
Kim Restaurants 351,James Davis,Priya,owner351@kimrestaurants351.com,www.kimrestaurants351.com/?utm_source=google,(918) 555-0351,,,70351,TE,Dallas,,REF-351
Kim Auto Detailing 352,Maria Kim,James,owner352@kimautodetailing352.com,www.kimautodetailing352.com/?utm_source=google,(961) 555-0352,Landline,452 Main St,70352,Georgia,ATLANTA,11-50,REF-352
Garcia Accountants 353,Maria Nguyen,Maria,owner353@garciaaccountants353.com,,(436) 555-0353,,453 Main St,70353,Illinois,CHICAGO,1-10,REF-353
Davis Gyms 354,Ana Kim,David,owner354@davisgyms354.com,www.davisgyms354.com/?utm_source=google,(370) 555-0354,Mobile,454 Main St,70354,AR,PHOENIX,1-10,REF-354
Patel Accountants 355,Ana Patel,David,owner355@patelaccountants355.com,www.patelaccountants355.com/?utm_source=google,(640) 555-0355,,455 Main St,70355,Massachusetts,BOSTON,1-10,REF-355
Patel HVAC Services 356,Priya Davis,James,owner356@patelhvacservices356.com,www.patelhvacservices356.com/?utm_source=google,(491) 555-0356,,,70356,Colorado,denver,,REF-356
Nguyen Salons 357,James Brown,Robert,owner357@nguyensalons357.com,,(671) 555-0357,Landline,,70357,GE,atlanta,1-10,REF-357
Brown Restaurants 358,David Nguyen,Maria,,www.brownrestaurants358.com/?utm_source=google,(694) 555-0358,Mobile,458 Main St,70358,Colorado,DENVER,11-50,REF-358
Garcia Auto Detailing 359,Ana Patel,David,owner359@garciaautodetailing359.com,www.garciaautodetailing359.com/?utm_source=google,(323) 555-0359,Mobile,459 Main St,70359,Washington,SEATTLE,51-200,REF-359
Smith Auto Detailing 360,Robert Patel,Linda,owner360@smithautodetailing360.com,,(889) 555-0360,,460 Main St,70360,CO,DENVER,,REF-360
Brown Restaurants 361,Robert Johnson,Ana,owner361@brownrestaurants361.com,,(785) 555-0361,,,70361,WA,seattle,,REF-361
Johnson HVAC Services 362,Priya Nguyen,Priya,owner362@johnsonhvacservices362.com,www.johnsonhvacservices362.com/?utm_source=google,(785) 555-0362,Mobile,462 Main St,70362,Washington,Seattle,,REF-362
Patel Salons 363,Maria Garcia,David,owner363@patelsalons363.com,www.patelsalons363.com/?utm_source=google,(556) 555-0363,Mobile,463 Main St,70363,Washington,seattle,1-10,REF-363
Johnson Plumbing 364,Linda Nguyen,Ana,owner364@johnsonplumbing364.com,,(945) 555-0364,Mobile,,70364,Massachusetts,Boston,1-10,REF-364
Patel Salons 365,Maria Brown,Priya,owner365@patelsalons365.com,www.patelsalons365.com/?utm_source=google,(539) 555-0365,Mobile,465 Main St,70365,Illinois,Chicago,11-50,REF-365
Johnson Accountants 366,James Davis,James,owner366@johnsonaccountants366.com,www.johnsonaccountants366.com/?utm_source=google,(261) 555-0366,Landline,,70366,MA,Boston,51-200,REF-366
Davis Auto Detailing 367,Ana Garcia,James,owner367@davisautodetailing367.com,www.davisautodetailing367.com/?utm_source=google,(864) 555-0367,Landline,,70367,TE,DALLAS,,REF-367
Garcia Plumbing 368,Priya Smith,James,owner368@garciaplumbing368.com,www.garciaplumbing368.com/?utm_source=google,(742) 555-0368,Landline,468 Main St,70368,MA,BOSTON,1-10,REF-368
Patel Auto Detailing 369,Michael Nguyen,Michael,owner369@patelautodetailing369.com,www.patelautodetailing369.com/?utm_source=google,(840) 555-0369,Landline,469 Main St,70369,Florida,MIAMI,11-50,REF-369
Patel Restaurants 370,Robert Garcia,David,owner370@patelrestaurants370.com,www.patelrestaurants370.com/?utm_source=google,(894) 555-0370,,470 Main St,70370,Arizona,phoenix,1-10,REF-370
Davis Gyms 371,Ana Kim,Robert,owner371@davisgyms371.com,www.davisgyms371.com/?utm_source=google,(341) 555-0371,,471 Main St,70371,Arizona,Phoenix,11-50,REF-371
Davis Accountants 372,Robert Johnson,Ana,owner372@davisaccountants372.com,,(745) 555-0372,,,70372,AR,Phoenix,,REF-372
Davis Plumbing 373,Michael Johnson,Linda,owner373@davisplumbing373.com,,(389) 555-0373,Mobile,473 Main St,70373,WA,SEATTLE,1-10,REF-373
Nguyen Gyms 374,Ana Garcia,Priya,owner374@nguyengyms374.com,,(819) 555-0374,Landline,474 Main St,70374,GE,Atlanta,51-200,REF-374
Johnson Real Estate Agents 375,Linda Smith,David,owner375@,www.johnsonrealestateagents375.com/?utm_source=google,(215) 555-0375,Landline,475 Main St,70375,Massachusetts,BOSTON,1-10,REF-375
Johnson Restaurants 376,Priya Kim,Ana,owner376@johnsonrestaurants376.com,www.johnsonrestaurants376.com/?utm_source=google,(452) 555-0376,Landline,476 Main St,70376,Texas,DALLAS,51-200,REF-376
Smith Plumbing 377,Priya Kim,James,owner377@smithplumbing377.com,www.smithplumbing377.com/?utm_source=google,(451) 555-0377,,477 Main St,70377,Washington,SEATTLE,51-200,REF-377
Nguyen Accountants 378,David Brown,Michael,owner378@nguyenaccountants378.com,www.nguyenaccountants378.com/?utm_source=google,(632) 555-0378,Landline,478 Main St,70378,Illinois,CHICAGO,1-10,REF-378
Garcia Real Estate Agents 379,Maria Johnson,Robert,owner379@garciarealestateagents379.com,www.garciarealestateagents379.com/?utm_source=google,(531) 555-0379,Landline,,70379,MA,BOSTON,1-10,REF-379
Brown Real Estate Agents 380,Robert Garcia,Maria,owner380@brownrealestateagents380.com,,(660) 555-0380,,480 Main St,70380,TE,DALLAS,1-10,REF-380
Smith HVAC Services 381,Ana Johnson,Robert,owner381@smithhvacservices381.com,www.smithhvacservices381.com/?utm_source=google,(383) 555-0381,,,70381,WA,seattle,51-200,REF-381
Garcia Salons 382,Linda Smith,Michael,owner382@garciasalons382.com,,(709) 555-0382,Landline,482 Main St,70382,Arizona,PHOENIX,51-200,REF-382
Kim Restaurants 383,Priya Garcia,James,owner383@kimrestaurants383.com,www.kimrestaurants383.com/?utm_source=google,(760) 555-0383,Landline,483 Main St,70383,Georgia,Atlanta,1-10,REF-383
Patel Chiropractors 384,James Brown,Ana,,www.patelchiropractors384.com/?utm_source=google,(250) 555-0384,Mobile,484 Main St,70384,Illinois,Chicago,11-50,REF-384
Kim Gyms 385,Ana Smith,Maria,owner385@kimgyms385.com,www.kimgyms385.com/?utm_source=google,(530) 555-0385,Landline,485 Main St,70385,Arizona,phoenix,,REF-385
Johnson Salons 386,Michael Patel,David,owner386@,www.johnsonsalons386.com/?utm_source=google,(912) 555-0386,Mobile,486 Main St,70386,Massachusetts,BOSTON,,REF-386
Davis Real Estate Agents 387,Ana Brown,Ana,owner387@davisrealestateagents387.com,www.davisrealestateagents387.com/?utm_source=google,(829) 555-0387,,487 Main St,70387,CO,denver,1-10,REF-387
Brown Gyms 388,James Garcia,James,owner388@browngyms388.com,www.browngyms388.com/?utm_source=google,(320) 555-0388,,488 Main St,70388,GE,atlanta,,REF-388
Nguyen Plumbing 389,Linda Brown,Michael,,www.nguyenplumbing389.com/?utm_source=google,(515) 555-0389,Landline,489 Main St,70389,FL,Miami,,REF-389
Davis Plumbing 390,James Johnson,Linda,owner390@davisplumbing390.com,www.davisplumbing390.com/?utm_source=google,(546) 555-0390,,490 Main St,70390,FL,Miami,1-10,REF-390
Kim Real Estate Agents 391,Ana Kim,David,owner391@kimrealestateagents391.com,www.kimrealestateagents391.com/?utm_source=google,(257) 555-0391,,,70391,AR,PHOENIX,,REF-391
Patel Restaurants 392,Robert Brown,James,,www.patelrestaurants392.com/?utm_source=google,(584) 555-0392,,492 Main St,70392,Florida,MIAMI,51-200,REF-392
Brown Chiropractors 393,Ana Smith,Michael,owner393@brownchiropractors393.com,www.brownchiropractors393.com/?utm_source=google,(708) 555-0393,Mobile,493 Main St,70393,TE,Dallas,11-50,REF-393
Patel Chiropractors 394,Linda Garcia,Priya,owner394@patelchiropractors394.com,www.patelchiropractors394.com/?utm_source=google,(694) 555-0394,,,70394,TE,dallas,11-50,REF-394
Garcia Plumbing 395,Robert Nguyen,James,owner395@garciaplumbing395.com,www.garciaplumbing395.com/?utm_source=google,(930) 555-0395,,,70395,AR,Phoenix,,REF-395
Smith Plumbing 396,Michael Smith,Michael,,www.smithplumbing396.com/?utm_source=google,(414) 555-0396,Landline,,70396,MA,boston,11-50,REF-396
Brown Real Estate Agents 397,Michael Garcia,James,owner397@,www.brownrealestateagents397.com/?utm_source=google,(773) 555-0397,,,70397,TE,DALLAS,11-50,REF-397
Brown Salons 398,Robert Garcia,Michael,owner398@brownsalons398.com,www.brownsalons398.com/?utm_source=google,(546) 555-0398,,498 Main St,70398,Arizona,Phoenix,51-200,REF-398
Davis Auto Detailing 399,David Davis,Robert,,www.davisautodetailing399.com/?utm_source=google,(806) 555-0399,,499 Main St,70399,TE,DALLAS,11-50,REF-399
Nguyen Salons 400,Maria Kim,Robert,owner400@nguyensalons400.com,,(915) 555-0400,Landline,,70400,FL,MIAMI,51-200,REF-400
Nguyen Real Estate Agents 401,Michael Patel,David,owner401@,,(881) 555-0401,Landline,501 Main St,70401,GE,atlanta,51-200,REF-401
Kim Auto Detailing 402,Priya Kim,Robert,,www.kimautodetailing402.com/?utm_source=google,(556) 555-0402,,502 Main St,70402,Texas,dallas,,REF-402
Brown Plumbing 403,David Davis,Linda,owner403@brownplumbing403.com,www.brownplumbing403.com/?utm_source=google,(761) 555-0403,Mobile,503 Main St,70403,TE,Dallas,11-50,REF-403
Davis Restaurants 404,Ana Nguyen,Robert,owner404@davisrestaurants404.com,www.davisrestaurants404.com/?utm_source=google,(279) 555-0404,,504 Main St,70404,WA,Seattle,51-200,REF-404
Kim Plumbing 405,David Garcia,Maria,owner405@,www.kimplumbing405.com/?utm_source=google,(810) 555-0405,Landline,505 Main St,70405,Texas,Dallas,1-10,REF-405
Johnson Chiropractors 406,Priya Brown,David,owner406@johnsonchiropractors406.com,www.johnsonchiropractors406.com/?utm_source=google,(657) 555-0406,Mobile,,70406,IL,chicago,11-50,REF-406
Garcia HVAC Services 407,David Johnson,Michael,owner407@garciahvacservices407.com,,(762) 555-0407,Mobile,,70407,FL,Miami,11-50,REF-407
Davis Auto Detailing 408,David Patel,David,owner408@davisautodetailing408.com,www.davisautodetailing408.com/?utm_source=google,(645) 555-0408,,,70408,Georgia,atlanta,1-10,REF-408
Patel Restaurants 409,Robert Brown,Robert,owner409@patelrestaurants409.com,,(273) 555-0409,,,70409,WA,SEATTLE,51-200,REF-409
Johnson Chiropractors 410,David Kim,David,owner410@johnsonchiropractors410.com,www.johnsonchiropractors410.com/?utm_source=google,(665) 555-0410,,510 Main St,70410,TE,dallas,11-50,REF-410
Davis Restaurants 411,Priya Nguyen,Michael,owner411@davisrestaurants411.com,www.davisrestaurants411.com/?utm_source=google,(759) 555-0411,,511 Main St,70411,Arizona,PHOENIX,51-200,REF-411
Kim Plumbing 412,Maria Johnson,Michael,owner412@kimplumbing412.com,www.kimplumbing412.com/?utm_source=google,(280) 555-0412,,512 Main St,70412,Texas,Dallas,51-200,REF-412
Smith Auto Repair 413,James Kim,Priya,owner413@smithautorepair413.com,www.smithautorepair413.com/?utm_source=google,(680) 555-0413,,513 Main St,70413,CO,denver,11-50,REF-413
Smith Salons 414,Michael Brown,James,owner414@smithsalons414.com,www.smithsalons414.com/?utm_source=google,(792) 555-0414,Mobile,514 Main St,70414,AR,PHOENIX,,REF-414
Garcia Salons 415,Maria Brown,Michael,owner415@,,(487) 555-0415,Landline,515 Main St,70415,Massachusetts,BOSTON,,REF-415
Johnson Gyms 416,Ana Johnson,Michael,owner416@johnsongyms416.com,www.johnsongyms416.com/?utm_source=google,(441) 555-0416,Landline,,70416,Arizona,phoenix,,REF-416
Kim Chiropractors 417,David Davis,Linda,owner417@kimchiropractors417.com,www.kimchiropractors417.com/?utm_source=google,(943) 555-0417,,,70417,AR,Phoenix,11-50,REF-417
Johnson Auto Repair 418,Priya Brown,Priya,owner418@johnsonautorepair418.com,www.johnsonautorepair418.com/?utm_source=google,(970) 555-0418,,,70418,IL,chicago,11-50,REF-418
Smith Chiropractors 419,Priya Davis,Ana,owner419@smithchiropractors419.com,www.smithchiropractors419.com/?utm_source=google,(899) 555-0419,Mobile,,70419,WA,seattle,11-50,REF-419
Brown Plumbing 420,Michael Davis,Priya,owner420@brownplumbing420.com,www.brownplumbing420.com/?utm_source=google,(967) 555-0420,Mobile,520 Main St,70420,Colorado,DENVER,11-50,REF-420
Smith Chiropractors 421,Maria Smith,David,owner421@smithchiropractors421.com,,(306) 555-0421,,521 Main St,70421,Florida,MIAMI,11-50,REF-421
Smith Salons 422,Maria Smith,Linda,,www.smithsalons422.com/?utm_source=google,(853) 555-0422,Mobile,522 Main St,70422,Georgia,Atlanta,1-10,REF-422
Garcia HVAC Services 423,Michael Brown,Priya,owner423@garciahvacservices423.com,www.garciahvacservices423.com/?utm_source=google,(277) 555-0423,,523 Main St,70423,AR,phoenix,11-50,REF-423
Garcia Salons 424,James Davis,David,owner424@garciasalons424.com,www.garciasalons424.com/?utm_source=google,(261) 555-0424,Landline,524 Main St,70424,AR,Phoenix,51-200,REF-424
Nguyen Auto Repair 425,Robert Kim,Maria,owner425@nguyenautorepair425.com,,(987) 555-0425,Landline,,70425,Massachusetts,boston,11-50,REF-425
Garcia Auto Repair 426,Michael Kim,James,,www.garciaautorepair426.com/?utm_source=google,(352) 555-0426,,526 Main St,70426,Illinois,CHICAGO,51-200,REF-426
Patel Salons 427,James Kim,Priya,owner427@patelsalons427.com,www.patelsalons427.com/?utm_source=google,(945) 555-0427,Mobile,527 Main St,70427,Arizona,phoenix,51-200,REF-427
Patel Auto Repair 428,David Smith,Maria,owner428@patelautorepair428.com,www.patelautorepair428.com/?utm_source=google,(548) 555-0428,Mobile,528 Main St,70428,FL,MIAMI,1-10,REF-428
Davis Chiropractors 429,Michael Davis,Maria,owner429@davischiropractors429.com,www.davischiropractors429.com/?utm_source=google,(567) 555-0429,Landline,,70429,IL,CHICAGO,1-10,REF-429
Nguyen Chiropractors 430,Linda Kim,David,,,(753) 555-0430,,530 Main St,70430,IL,Chicago,,REF-430
Patel Plumbing 431,James Davis,Maria,owner431@patelplumbing431.com,www.patelplumbing431.com/?utm_source=google,(869) 555-0431,,531 Main St,70431,Illinois,CHICAGO,1-10,REF-431
Johnson Auto Repair 432,James Kim,James,owner432@johnsonautorepair432.com,www.johnsonautorepair432.com/?utm_source=google,(864) 555-0432,Mobile,,70432,Illinois,chicago,,REF-432
Garcia Real Estate Agents 433,Maria Garcia,Priya,owner433@garciarealestateagents433.com,www.garciarealestateagents433.com/?utm_source=google,(830) 555-0433,Mobile,,70433,Arizona,phoenix,11-50,REF-433
Garcia HVAC Services 434,Robert Patel,Linda,owner434@garciahvacservices434.com,www.garciahvacservices434.com/?utm_source=google,(807) 555-0434,Mobile,534 Main St,70434,Florida,miami,1-10,REF-434
Patel HVAC Services 435,Priya Nguyen,James,owner435@patelhvacservices435.com,,(847) 555-0435,,535 Main St,70435,Arizona,Phoenix,51-200,REF-435
Smith Auto Repair 436,Maria Brown,David,owner436@,www.smithautorepair436.com/?utm_source=google,(687) 555-0436,,,70436,Illinois,CHICAGO,11-50,REF-436
Davis Accountants 437,Robert Smith,Robert,owner437@davisaccountants437.com,www.davisaccountants437.com/?utm_source=google,(826) 555-0437,Mobile,537 Main St,70437,MA,boston,51-200,REF-437
Nguyen Auto Detailing 438,Maria Patel,Linda,,www.nguyenautodetailing438.com/?utm_source=google,(841) 555-0438,,,70438,Georgia,Atlanta,,REF-438
Kim Chiropractors 439,James Smith,Ana,owner439@,www.kimchiropractors439.com/?utm_source=google,(645) 555-0439,Landline,539 Main St,70439,MA,Boston,,REF-439
Johnson Auto Detailing 440,Priya Garcia,Maria,owner440@johnsonautodetailing440.com,www.johnsonautodetailing440.com/?utm_source=google,(938) 555-0440,Landline,540 Main St,70440,AR,phoenix,1-10,REF-440
Garcia Plumbing 441,Maria Nguyen,David,owner441@garciaplumbing441.com,www.garciaplumbing441.com/?utm_source=google,(584) 555-0441,Mobile,,70441,GE,Atlanta,51-200,REF-441
Kim Chiropractors 442,Ana Johnson,Priya,owner442@,www.kimchiropractors442.com/?utm_source=google,(847) 555-0442,Landline,542 Main St,70442,Georgia,atlanta,1-10,REF-442
Brown Auto Detailing 443,Priya Kim,David,owner443@,,(551) 555-0443,Mobile,543 Main St,70443,Illinois,CHICAGO,1-10,REF-443
Garcia Gyms 444,Priya Nguyen,Priya,owner444@garciagyms444.com,www.garciagyms444.com/?utm_source=google,(485) 555-0444,Mobile,544 Main St,70444,Georgia,Atlanta,11-50,REF-444
Johnson HVAC Services 445,James Davis,James,owner445@johnsonhvacservices445.com,,(681) 555-0445,,545 Main St,70445,Georgia,atlanta,51-200,REF-445
Kim Real Estate Agents 446,Maria Smith,David,owner446@kimrealestateagents446.com,www.kimrealestateagents446.com/?utm_source=google,(335) 555-0446,Landline,,70446,Texas,Dallas,51-200,REF-446
Kim Salons 447,James Kim,Priya,owner447@kimsalons447.com,www.kimsalons447.com/?utm_source=google,(920) 555-0447,Landline,,70447,AR,PHOENIX,51-200,REF-447
Davis Auto Detailing 448,Ana Smith,Michael,owner448@davisautodetailing448.com,www.davisautodetailing448.com/?utm_source=google,(476) 555-0448,,548 Main St,70448,Texas,DALLAS,,REF-448
Smith Gyms 449,Ana Smith,Maria,owner449@smithgyms449.com,www.smithgyms449.com/?utm_source=google,(676) 555-0449,,,70449,FL,Miami,,REF-449
Johnson Accountants 450,Linda Garcia,Priya,owner450@johnsonaccountants450.com,www.johnsonaccountants450.com/?utm_source=google,(970) 555-0450,,550 Main St,70450,Georgia,ATLANTA,1-10,REF-450
Brown Plumbing 451,David Brown,James,owner451@brownplumbing451.com,,(553) 555-0451,Landline,551 Main St,70451,Florida,miami,11-50,REF-451
Garcia Real Estate Agents 452,Priya Garcia,Maria,owner452@garciarealestateagents452.com,www.garciarealestateagents452.com/?utm_source=google,(383) 555-0452,Landline,552 Main St,70452,Florida,Miami,1-10,REF-452
Johnson Salons 453,Linda Smith,Michael,owner453@johnsonsalons453.com,www.johnsonsalons453.com/?utm_source=google,(898) 555-0453,,553 Main St,70453,TE,dallas,51-200,REF-453
Brown Real Estate Agents 454,James Nguyen,Ana,owner454@brownrealestateagents454.com,www.brownrealestateagents454.com/?utm_source=google,(551) 555-0454,,554 Main St,70454,IL,chicago,51-200,REF-454
Johnson Real Estate Agents 455,Michael Johnson,Michael,owner455@johnsonrealestateagents455.com,www.johnsonrealestateagents455.com/?utm_source=google,(580) 555-0455,Landline,555 Main St,70455,Colorado,Denver,11-50,REF-455
Johnson Salons 456,Robert Brown,Robert,owner456@johnsonsalons456.com,www.johnsonsalons456.com/?utm_source=google,(925) 555-0456,,556 Main St,70456,Massachusetts,Boston,1-10,REF-456
Patel Auto Repair 457,Priya Brown,Ana,owner457@patelautorepair457.com,,(775) 555-0457,,,70457,IL,chicago,1-10,REF-457
Johnson Plumbing 458,Maria Smith,David,owner458@johnsonplumbing458.com,www.johnsonplumbing458.com/?utm_source=google,(986) 555-0458,Mobile,558 Main St,70458,MA,Boston,,REF-458
Brown Accountants 459,Michael Johnson,Priya,owner459@brownaccountants459.com,www.brownaccountants459.com/?utm_source=google,(315) 555-0459,,559 Main St,70459,Florida,Miami,,REF-459
Davis Salons 460,Linda Kim,Ana,owner460@davissalons460.com,,(256) 555-0460,,560 Main St,70460,Illinois,chicago,1-10,REF-460
Kim Auto Detailing 461,Maria Davis,Linda,owner461@kimautodetailing461.com,www.kimautodetailing461.com/?utm_source=google,(817) 555-0461,,561 Main St,70461,Texas,DALLAS,11-50,REF-461
Davis HVAC Services 462,Ana Smith,Michael,owner462@davishvacservices462.com,www.davishvacservices462.com/?utm_source=google,(515) 555-0462,Landline,562 Main St,70462,Arizona,Phoenix,51-200,REF-462
Brown HVAC Services 463,David Davis,Robert,owner463@,www.brownhvacservices463.com/?utm_source=google,(812) 555-0463,Mobile,,70463,MA,boston,11-50,REF-463
Garcia Auto Repair 464,Michael Davis,Robert,,www.garciaautorepair464.com/?utm_source=google,(927) 555-0464,,564 Main St,70464,Washington,Seattle,1-10,REF-464
Kim HVAC Services 465,Michael Brown,Priya,,www.kimhvacservices465.com/?utm_source=google,(674) 555-0465,Mobile,,70465,Colorado,Denver,11-50,REF-465
Garcia Salons 466,Michael Davis,Robert,owner466@garciasalons466.com,www.garciasalons466.com/?utm_source=google,(904) 555-0466,,,70466,Massachusetts,boston,51-200,REF-466
Kim Auto Repair 467,Michael Kim,Maria,owner467@kimautorepair467.com,www.kimautorepair467.com/?utm_source=google,(950) 555-0467,,,70467,FL,Miami,,REF-467
Kim Chiropractors 468,Robert Patel,Robert,owner468@kimchiropractors468.com,,(569) 555-0468,Landline,568 Main St,70468,FL,Miami,11-50,REF-468
Nguyen Salons 469,Robert Garcia,Robert,owner469@nguyensalons469.com,www.nguyensalons469.com/?utm_source=google,(523) 555-0469,,569 Main St,70469,TE,DALLAS,11-50,REF-469
Johnson Auto Repair 470,Michael Patel,Priya,,www.johnsonautorepair470.com/?utm_source=google,(366) 555-0470,Mobile,,70470,Florida,Miami,,REF-470
Garcia HVAC Services 471,Robert Smith,Priya,,www.garciahvacservices471.com/?utm_source=google,(907) 555-0471,Landline,,70471,MA,BOSTON,11-50,REF-471
Smith Chiropractors 472,Maria Nguyen,Robert,owner472@smithchiropractors472.com,www.smithchiropractors472.com/?utm_source=google,(345) 555-0472,,,70472,Colorado,Denver,1-10,REF-472
Garcia Auto Repair 473,Priya Davis,James,,,(233) 555-0473,,573 Main St,70473,Washington,seattle,,REF-473
Garcia Salons 474,James Garcia,Maria,owner474@garciasalons474.com,www.garciasalons474.com/?utm_source=google,(410) 555-0474,,574 Main St,70474,Illinois,CHICAGO,11-50,REF-474
Johnson Auto Detailing 475,Michael Patel,Ana,owner475@johnsonautodetailing475.com,,(712) 555-0475,,575 Main St,70475,Texas,Dallas,,REF-475
Nguyen Accountants 476,Robert Smith,Maria,owner476@nguyenaccountants476.com,www.nguyenaccountants476.com/?utm_source=google,(716) 555-0476,,576 Main St,70476,Georgia,atlanta,,REF-476
Davis Chiropractors 477,Linda Davis,Maria,owner477@davischiropractors477.com,www.davischiropractors477.com/?utm_source=google,(521) 555-0477,Mobile,577 Main St,70477,Florida,miami,11-50,REF-477
Garcia Salons 478,Maria Davis,Michael,owner478@garciasalons478.com,www.garciasalons478.com/?utm_source=google,(953) 555-0478,Landline,578 Main St,70478,IL,Chicago,51-200,REF-478
Nguyen Salons 479,Priya Patel,Robert,owner479@nguyensalons479.com,,(890) 555-0479,Landline,579 Main St,70479,WA,seattle,,REF-479
Davis Auto Repair 480,Maria Johnson,Maria,owner480@davisautorepair480.com,www.davisautorepair480.com/?utm_source=google,(403) 555-0480,Landline,,70480,AR,Phoenix,1-10,REF-480
Brown HVAC Services 481,Michael Davis,Ana,owner481@brownhvacservices481.com,www.brownhvacservices481.com/?utm_source=google,(817) 555-0481,Landline,581 Main St,70481,MA,Boston,51-200,REF-481
Brown Auto Repair 482,Linda Johnson,James,owner482@brownautorepair482.com,,(254) 555-0482,Mobile,582 Main St,70482,Texas,Dallas,51-200,REF-482
Johnson Gyms 483,Maria Garcia,Priya,owner483@johnsongyms483.com,www.johnsongyms483.com/?utm_source=google,(406) 555-0483,Landline,583 Main St,70483,FL,MIAMI,11-50,REF-483
Smith Accountants 484,James Davis,Maria,owner484@smithaccountants484.com,www.smithaccountants484.com/?utm_source=google,(522) 555-0484,Landline,584 Main St,70484,Florida,Miami,1-10,REF-484
Johnson Accountants 485,Robert Brown,David,owner485@johnsonaccountants485.com,www.johnsonaccountants485.com/?utm_source=google,(312) 555-0485,,585 Main St,70485,CO,denver,1-10,REF-485
Davis Accountants 486,David Patel,Michael,owner486@davisaccountants486.com,www.davisaccountants486.com/?utm_source=google,(228) 555-0486,,,70486,IL,chicago,,REF-486
Garcia Plumbing 487,Ana Davis,Ana,owner487@garciaplumbing487.com,,(450) 555-0487,Mobile,,70487,WA,SEATTLE,,REF-487
Garcia Auto Repair 488,James Patel,James,owner488@garciaautorepair488.com,www.garciaautorepair488.com/?utm_source=google,(632) 555-0488,,588 Main St,70488,CO,denver,,REF-488
Patel Real Estate Agents 489,David Patel,Maria,owner489@patelrealestateagents489.com,www.patelrealestateagents489.com/?utm_source=google,(302) 555-0489,,589 Main St,70489,IL,chicago,11-50,REF-489
Patel Chiropractors 490,Linda Kim,Maria,owner490@patelchiropractors490.com,www.patelchiropractors490.com/?utm_source=google,(748) 555-0490,Mobile,,70490,Colorado,denver,51-200,REF-490
Garcia Restaurants 491,Michael Garcia,Priya,owner491@garciarestaurants491.com,www.garciarestaurants491.com/?utm_source=google,(555) 555-0491,Mobile,591 Main St,70491,TE,DALLAS,11-50,REF-491
Nguyen HVAC Services 492,Michael Kim,Robert,owner492@nguyenhvacservices492.com,www.nguyenhvacservices492.com/?utm_source=google,(842) 555-0492,,592 Main St,70492,Florida,MIAMI,51-200,REF-492
Brown Restaurants 493,David Smith,Linda,owner493@brownrestaurants493.com,www.brownrestaurants493.com/?utm_source=google,(351) 555-0493,Mobile,,70493,MA,boston,51-200,REF-493
Nguyen Plumbing 494,Michael Brown,Robert,owner494@nguyenplumbing494.com,www.nguyenplumbing494.com/?utm_source=google,(815) 555-0494,Mobile,594 Main St,70494,Texas,Dallas,1-10,REF-494
Brown Auto Detailing 495,David Davis,James,owner495@brownautodetailing495.com,www.brownautodetailing495.com/?utm_source=google,(479) 555-0495,Mobile,,70495,GE,ATLANTA,1-10,REF-495
Smith Auto Detailing 496,Maria Patel,Michael,,www.smithautodetailing496.com/?utm_source=google,(616) 555-0496,Landline,596 Main St,70496,Massachusetts,boston,1-10,REF-496
Garcia Restaurants 497,Michael Kim,Maria,owner497@garciarestaurants497.com,www.garciarestaurants497.com/?utm_source=google,(325) 555-0497,Landline,597 Main St,70497,TE,DALLAS,1-10,REF-497
Johnson HVAC Services 498,Linda Brown,Priya,,www.johnsonhvacservices498.com/?utm_source=google,(803) 555-0498,Mobile,598 Main St,70498,GE,ATLANTA,,REF-498
Kim Plumbing 499,Michael Johnson,Ana,owner499@kimplumbing499.com,www.kimplumbing499.com/?utm_source=google,(576) 555-0499,Landline,,70499,Washington,SEATTLE,,REF-499
Davis Restaurants 500,Ana Garcia,Linda,owner500@davisrestaurants500.com,www.davisrestaurants500.com/?utm_source=google,(597) 555-0500,Mobile,600 Main St,70500,CO,denver,11-50,REF-500
Brown Auto Repair 501,Robert Kim,Ana,owner501@brownautorepair501.com,www.brownautorepair501.com/?utm_source=google,(985) 555-0501,,601 Main St,70501,Georgia,atlanta,,REF-501
Davis Real Estate Agents 502,Ana Davis,Maria,owner502@davisrealestateagents502.com,www.davisrealestateagents502.com/?utm_source=google,(915) 555-0502,Landline,602 Main St,70502,MA,boston,11-50,REF-502
Smith Real Estate Agents 503,Robert Kim,Robert,owner503@smithrealestateagents503.com,,(404) 555-0503,,603 Main St,70503,Illinois,Chicago,1-10,REF-503
Davis Restaurants 504,Ana Kim,Priya,owner504@davisrestaurants504.com,www.davisrestaurants504.com/?utm_source=google,(336) 555-0504,Landline,,70504,AR,phoenix,1-10,REF-504
Patel Auto Repair 505,David Nguyen,James,owner505@patelautorepair505.com,www.patelautorepair505.com/?utm_source=google,(771) 555-0505,,605 Main St,70505,Washington,Seattle,51-200,REF-505
Johnson Restaurants 506,David Brown,Robert,,,(576) 555-0506,Mobile,606 Main St,70506,Colorado,Denver,51-200,REF-506
Garcia Real Estate Agents 507,Linda Nguyen,Michael,owner507@garciarealestateagents507.com,www.garciarealestateagents507.com/?utm_source=google,(706) 555-0507,Landline,,70507,Massachusetts,BOSTON,1-10,REF-507
Davis Salons 508,Robert Smith,Michael,owner508@davissalons508.com,www.davissalons508.com/?utm_source=google,(441) 555-0508,,608 Main St,70508,Georgia,atlanta,51-200,REF-508
Kim Auto Repair 509,Ana Davis,Linda,owner509@,www.kimautorepair509.com/?utm_source=google,(925) 555-0509,Landline,609 Main St,70509,IL,Chicago,,REF-509
Smith Accountants 510,Linda Kim,Ana,owner510@smithaccountants510.com,www.smithaccountants510.com/?utm_source=google,(886) 555-0510,,610 Main St,70510,Illinois,Chicago,11-50,REF-510
Brown Accountants 511,Ana Johnson,James,owner511@brownaccountants511.com,www.brownaccountants511.com/?utm_source=google,(466) 555-0511,Mobile,611 Main St,70511,WA,seattle,1-10,REF-511
Davis Auto Repair 512,Maria Patel,James,owner512@,www.davisautorepair512.com/?utm_source=google,(711) 555-0512,Landline,612 Main St,70512,FL,miami,11-50,REF-512
Patel Gyms 513,Robert Patel,Priya,owner513@patelgyms513.com,www.patelgyms513.com/?utm_source=google,(354) 555-0513,,613 Main St,70513,CO,Denver,1-10,REF-513
Nguyen Chiropractors 514,Priya Brown,Robert,owner514@nguyenchiropractors514.com,www.nguyenchiropractors514.com/?utm_source=google,(646) 555-0514,Mobile,614 Main St,70514,IL,Chicago,51-200,REF-514
Kim Plumbing 515,Robert Garcia,Ana,owner515@kimplumbing515.com,,(490) 555-0515,Mobile,615 Main St,70515,MA,BOSTON,1-10,REF-515
Johnson Gyms 516,Maria Nguyen,Priya,owner516@johnsongyms516.com,www.johnsongyms516.com/?utm_source=google,(536) 555-0516,Mobile,,70516,Illinois,chicago,11-50,REF-516
Patel Gyms 517,Maria Kim,Priya,owner517@,www.patelgyms517.com/?utm_source=google,(475) 555-0517,,617 Main St,70517,TE,Dallas,51-200,REF-517
Nguyen Plumbing 518,Michael Patel,James,owner518@nguyenplumbing518.com,www.nguyenplumbing518.com/?utm_source=google,(760) 555-0518,,618 Main St,70518,AR,phoenix,1-10,REF-518
Garcia Restaurants 519,Linda Johnson,David,,www.garciarestaurants519.com/?utm_source=google,(491) 555-0519,,619 Main St,70519,Washington,Seattle,11-50,REF-519
Brown Real Estate Agents 520,Robert Patel,Maria,owner520@brownrealestateagents520.com,www.brownrealestateagents520.com/?utm_source=google,(724) 555-0520,Mobile,620 Main St,70520,WA,seattle,11-50,REF-520
Garcia Gyms 521,Ana Johnson,David,owner521@garciagyms521.com,www.garciagyms521.com/?utm_source=google,(295) 555-0521,Mobile,621 Main St,70521,WA,SEATTLE,1-10,REF-521
Garcia Chiropractors 522,David Garcia,Priya,owner522@garciachiropractors522.com,www.garciachiropractors522.com/?utm_source=google,(330) 555-0522,,622 Main St,70522,Massachusetts,BOSTON,51-200,REF-522
Garcia Salons 523,Maria Davis,David,owner523@garciasalons523.com,,(876) 555-0523,,623 Main St,70523,IL,chicago,11-50,REF-523
Smith Gyms 524,Priya Johnson,Robert,,www.smithgyms524.com/?utm_source=google,(246) 555-0524,Mobile,624 Main St,70524,TE,dallas,51-200,REF-524
Patel Real Estate Agents 525,Robert Nguyen,Robert,owner525@patelrealestateagents525.com,,(818) 555-0525,Landline,625 Main St,70525,Colorado,denver,,REF-525
Garcia Auto Detailing 526,Priya Kim,David,,www.garciaautodetailing526.com/?utm_source=google,(962) 555-0526,,626 Main St,70526,WA,SEATTLE,11-50,REF-526
Garcia HVAC Services 527,James Nguyen,Maria,owner527@,www.garciahvacservices527.com/?utm_source=google,(912) 555-0527,Mobile,627 Main St,70527,Colorado,denver,1-10,REF-527
Nguyen Restaurants 528,Priya Johnson,Priya,,www.nguyenrestaurants528.com/?utm_source=google,(319) 555-0528,Mobile,628 Main St,70528,WA,seattle,51-200,REF-528
Nguyen Auto Detailing 529,David Smith,Ana,owner529@nguyenautodetailing529.com,,(845) 555-0529,,629 Main St,70529,MA,boston,11-50,REF-529
Davis Auto Detailing 530,Priya Nguyen,James,owner530@davisautodetailing530.com,www.davisautodetailing530.com/?utm_source=google,(632) 555-0530,,630 Main St,70530,Massachusetts,boston,51-200,REF-530
Kim Real Estate Agents 531,Ana Kim,David,owner531@kimrealestateagents531.com,,(494) 555-0531,,,70531,TE,dallas,1-10,REF-531
Patel Accountants 532,Priya Johnson,Michael,owner532@patelaccountants532.com,www.patelaccountants532.com/?utm_source=google,(599) 555-0532,Landline,632 Main St,70532,GE,atlanta,1-10,REF-532
Brown Gyms 533,Maria Kim,Robert,owner533@browngyms533.com,,(360) 555-0533,,633 Main St,70533,GE,atlanta,11-50,REF-533
Smith Restaurants 534,Ana Brown,Ana,owner534@smithrestaurants534.com,www.smithrestaurants534.com/?utm_source=google,(378) 555-0534,,,70534,Georgia,atlanta,51-200,REF-534
Garcia Auto Repair 535,Priya Brown,Ana,owner535@garciaautorepair535.com,www.garciaautorepair535.com/?utm_source=google,(987) 555-0535,Mobile,635 Main St,70535,GE,Atlanta,,REF-535
Kim Auto Detailing 536,Maria Garcia,Maria,owner536@kimautodetailing536.com,www.kimautodetailing536.com/?utm_source=google,(242) 555-0536,,,70536,Massachusetts,Boston,11-50,REF-536
Kim Chiropractors 537,Priya Garcia,Robert,owner537@kimchiropractors537.com,www.kimchiropractors537.com/?utm_source=google,(542) 555-0537,Mobile,,70537,Colorado,denver,51-200,REF-537
Kim Auto Detailing 538,Robert Garcia,Michael,owner538@kimautodetailing538.com,www.kimautodetailing538.com/?utm_source=google,(972) 555-0538,Landline,638 Main St,70538,Georgia,Atlanta,51-200,REF-538
Davis Restaurants 539,David Kim,Ana,owner539@davisrestaurants539.com,www.davisrestaurants539.com/?utm_source=google,(653) 555-0539,Mobile,639 Main St,70539,Arizona,Phoenix,11-50,REF-539
Johnson Plumbing 540,David Smith,Robert,owner540@johnsonplumbing540.com,www.johnsonplumbing540.com/?utm_source=google,(259) 555-0540,,640 Main St,70540,WA,seattle,51-200,REF-540
Patel Accountants 541,James Brown,Robert,owner541@patelaccountants541.com,www.patelaccountants541.com/?utm_source=google,(656) 555-0541,,,70541,CO,DENVER,11-50,REF-541
Brown HVAC Services 542,Ana Davis,Robert,,www.brownhvacservices542.com/?utm_source=google,(753) 555-0542,Landline,,70542,GE,ATLANTA,11-50,REF-542
Smith Chiropractors 543,Michael Nguyen,Michael,owner543@smithchiropractors543.com,www.smithchiropractors543.com/?utm_source=google,(717) 555-0543,Mobile,643 Main St,70543,IL,chicago,11-50,REF-543
Garcia Auto Repair 544,James Kim,Ana,owner544@garciaautorepair544.com,www.garciaautorepair544.com/?utm_source=google,(963) 555-0544,,644 Main St,70544,Illinois,chicago,11-50,REF-544
Davis Salons 545,Linda Garcia,Ana,owner545@davissalons545.com,www.davissalons545.com/?utm_source=google,(397) 555-0545,Landline,645 Main St,70545,Arizona,PHOENIX,51-200,REF-545
Garcia HVAC Services 546,Robert Kim,Linda,,www.garciahvacservices546.com/?utm_source=google,(578) 555-0546,,646 Main St,70546,TE,dallas,51-200,REF-546
Kim HVAC Services 547,David Johnson,Robert,owner547@kimhvacservices547.com,www.kimhvacservices547.com/?utm_source=google,(696) 555-0547,,647 Main St,70547,Massachusetts,BOSTON,1-10,REF-547
Smith Real Estate Agents 548,Ana Garcia,David,owner548@smithrealestateagents548.com,,(578) 555-0548,,,70548,Massachusetts,Boston,11-50,REF-548
Brown Salons 549,James Johnson,Robert,owner549@brownsalons549.com,www.brownsalons549.com/?utm_source=google,(631) 555-0549,Mobile,649 Main St,70549,FL,miami,1-10,REF-549
Smith Chiropractors 550,Ana Garcia,James,owner550@,www.smithchiropractors550.com/?utm_source=google,(786) 555-0550,Landline,650 Main St,70550,MA,boston,51-200,REF-550
Johnson Gyms 551,Priya Kim,Priya,owner551@johnsongyms551.com,,(945) 555-0551,Landline,,70551,AR,phoenix,1-10,REF-551
Smith HVAC Services 552,Priya Brown,Maria,owner552@smithhvacservices552.com,www.smithhvacservices552.com/?utm_source=google,(924) 555-0552,Mobile,652 Main St,70552,FL,MIAMI,,REF-552
Nguyen Accountants 553,James Nguyen,Priya,owner553@nguyenaccountants553.com,www.nguyenaccountants553.com/?utm_source=google,(219) 555-0553,Mobile,653 Main St,70553,Texas,Dallas,11-50,REF-553
Kim Restaurants 554,Ana Davis,James,,www.kimrestaurants554.com/?utm_source=google,(223) 555-0554,Landline,654 Main St,70554,GE,Atlanta,11-50,REF-554
Garcia HVAC Services 555,Maria Johnson,Michael,,,(461) 555-0555,Mobile,,70555,CO,DENVER,1-10,REF-555
Johnson Auto Detailing 556,James Brown,David,,,(345) 555-0556,Landline,656 Main St,70556,FL,miami,,REF-556
Nguyen Auto Detailing 557,Linda Kim,David,owner557@nguyenautodetailing557.com,www.nguyenautodetailing557.com/?utm_source=google,(475) 555-0557,Mobile,657 Main St,70557,GE,Atlanta,51-200,REF-557
Nguyen Auto Detailing 558,James Brown,Maria,owner558@nguyenautodetailing558.com,www.nguyenautodetailing558.com/?utm_source=google,(768) 555-0558,,658 Main St,70558,WA,SEATTLE,51-200,REF-558
Nguyen Real Estate Agents 559,Robert Patel,Robert,owner559@nguyenrealestateagents559.com,www.nguyenrealestateagents559.com/?utm_source=google,(750) 555-0559,Landline,659 Main St,70559,TE,Dallas,,REF-559
Johnson Real Estate Agents 560,Priya Brown,Michael,,www.johnsonrealestateagents560.com/?utm_source=google,(589) 555-0560,Landline,660 Main St,70560,Colorado,DENVER,11-50,REF-560
Garcia Auto Detailing 561,David Garcia,Robert,owner561@garciaautodetailing561.com,www.garciaautodetailing561.com/?utm_source=google,(486) 555-0561,Landline,,70561,AR,PHOENIX,11-50,REF-561
Brown Salons 562,Ana Patel,Linda,owner562@brownsalons562.com,www.brownsalons562.com/?utm_source=google,(813) 555-0562,Landline,,70562,Massachusetts,BOSTON,,REF-562
Smith Gyms 563,Robert Davis,Priya,owner563@smithgyms563.com,www.smithgyms563.com/?utm_source=google,(751) 555-0563,Mobile,663 Main St,70563,Massachusetts,BOSTON,,REF-563
Patel Real Estate Agents 564,David Patel,David,owner564@patelrealestateagents564.com,,(986) 555-0564,,664 Main St,70564,Texas,dallas,11-50,REF-564
Smith Restaurants 565,James Brown,Ana,owner565@smithrestaurants565.com,,(828) 555-0565,,665 Main St,70565,Massachusetts,Boston,51-200,REF-565
Brown Plumbing 566,Linda Smith,Linda,owner566@brownplumbing566.com,www.brownplumbing566.com/?utm_source=google,(853) 555-0566,Landline,,70566,IL,CHICAGO,51-200,REF-566
Johnson Chiropractors 567,Robert Garcia,Robert,,www.johnsonchiropractors567.com/?utm_source=google,(783) 555-0567,Mobile,667 Main St,70567,GE,Atlanta,,REF-567
Kim Accountants 568,David Smith,Ana,,www.kimaccountants568.com/?utm_source=google,(616) 555-0568,Landline,,70568,CO,denver,11-50,REF-568
Nguyen Accountants 569,David Kim,Ana,,,(399) 555-0569,Landline,,70569,Illinois,CHICAGO,1-10,REF-569
Nguyen HVAC Services 570,Ana Brown,Maria,owner570@nguyenhvacservices570.com,www.nguyenhvacservices570.com/?utm_source=google,(299) 555-0570,Mobile,670 Main St,70570,Texas,DALLAS,11-50,REF-570
Garcia Salons 571,Ana Smith,Ana,owner571@garciasalons571.com,www.garciasalons571.com/?utm_source=google,(442) 555-0571,Mobile,671 Main St,70571,GE,Atlanta,51-200,REF-571
Garcia Gyms 572,James Davis,Ana,owner572@garciagyms572.com,www.garciagyms572.com/?utm_source=google,(910) 555-0572,Mobile,672 Main St,70572,Texas,dallas,,REF-572
Garcia Salons 573,James Smith,Michael,,www.garciasalons573.com/?utm_source=google,(611) 555-0573,Mobile,673 Main St,70573,WA,Seattle,,REF-573
Kim Real Estate Agents 574,Maria Patel,James,owner574@kimrealestateagents574.com,www.kimrealestateagents574.com/?utm_source=google,(536) 555-0574,,,70574,Washington,Seattle,,REF-574
Johnson Gyms 575,Michael Patel,David,owner575@johnsongyms575.com,www.johnsongyms575.com/?utm_source=google,(835) 555-0575,Landline,,70575,Georgia,Atlanta,,REF-575
Davis Chiropractors 576,Ana Brown,Robert,owner576@davischiropractors576.com,,(516) 555-0576,,676 Main St,70576,CO,Denver,1-10,REF-576
Smith Auto Detailing 577,Linda Nguyen,Linda,owner577@smithautodetailing577.com,www.smithautodetailing577.com/?utm_source=google,(549) 555-0577,Mobile,677 Main St,70577,GE,ATLANTA,11-50,REF-577
Brown Gyms 578,Robert Garcia,Priya,owner578@browngyms578.com,www.browngyms578.com/?utm_source=google,(243) 555-0578,Landline,,70578,Florida,MIAMI,1-10,REF-578
Nguyen Restaurants 579,Ana Davis,Linda,owner579@nguyenrestaurants579.com,www.nguyenrestaurants579.com/?utm_source=google,(206) 555-0579,Landline,,70579,MA,Boston,,REF-579
Kim Chiropractors 580,Ana Smith,James,owner580@kimchiropractors580.com,,(490) 555-0580,Mobile,,70580,CO,DENVER,1-10,REF-580
Johnson Plumbing 581,Robert Brown,Maria,owner581@johnsonplumbing581.com,,(893) 555-0581,Mobile,681 Main St,70581,Georgia,atlanta,1-10,REF-581
Nguyen Salons 582,Ana Johnson,David,owner582@nguyensalons582.com,www.nguyensalons582.com/?utm_source=google,(266) 555-0582,Mobile,,70582,Massachusetts,Boston,1-10,REF-582
Patel Accountants 583,David Nguyen,James,owner583@patelaccountants583.com,www.patelaccountants583.com/?utm_source=google,(801) 555-0583,Mobile,683 Main St,70583,WA,Seattle,11-50,REF-583
Brown Restaurants 584,Priya Nguyen,Maria,owner584@brownrestaurants584.com,www.brownrestaurants584.com/?utm_source=google,(879) 555-0584,,,70584,IL,CHICAGO,11-50,REF-584
Johnson Real Estate Agents 585,Ana Kim,Priya,owner585@johnsonrealestateagents585.com,www.johnsonrealestateagents585.com/?utm_source=google,(795) 555-0585,Landline,685 Main St,70585,Massachusetts,Boston,1-10,REF-585
Nguyen Restaurants 586,Michael Davis,David,owner586@nguyenrestaurants586.com,www.nguyenrestaurants586.com/?utm_source=google,(583) 555-0586,Landline,686 Main St,70586,Massachusetts,Boston,11-50,REF-586
Nguyen Real Estate Agents 587,Priya Patel,David,owner587@nguyenrealestateagents587.com,www.nguyenrealestateagents587.com/?utm_source=google,(642) 555-0587,Landline,687 Main St,70587,FL,miami,11-50,REF-587
Johnson HVAC Services 588,Michael Garcia,Ana,owner588@johnsonhvacservices588.com,www.johnsonhvacservices588.com/?utm_source=google,(501) 555-0588,,688 Main St,70588,Illinois,chicago,1-10,REF-588
Garcia Auto Repair 589,Linda Patel,Linda,owner589@garciaautorepair589.com,www.garciaautorepair589.com/?utm_source=google,(456) 555-0589,Landline,689 Main St,70589,TE,Dallas,1-10,REF-589
Smith Accountants 590,Michael Patel,David,owner590@smithaccountants590.com,www.smithaccountants590.com/?utm_source=google,(793) 555-0590,,,70590,Colorado,denver,1-10,REF-590
Kim Restaurants 591,Priya Kim,Ana,owner591@kimrestaurants591.com,www.kimrestaurants591.com/?utm_source=google,(520) 555-0591,Mobile,691 Main St,70591,GE,Atlanta,51-200,REF-591
Patel Real Estate Agents 592,Robert Brown,James,owner592@,www.patelrealestateagents592.com/?utm_source=google,(874) 555-0592,Landline,692 Main St,70592,IL,chicago,51-200,REF-592
Patel Accountants 593,James Johnson,Robert,owner593@patelaccountants593.com,www.patelaccountants593.com/?utm_source=google,(538) 555-0593,,693 Main St,70593,CO,denver,1-10,REF-593
Davis HVAC Services 594,Maria Patel,Priya,owner594@davishvacservices594.com,www.davishvacservices594.com/?utm_source=google,(511) 555-0594,Mobile,,70594,Texas,Dallas,51-200,REF-594
Nguyen Auto Detailing 595,David Brown,Linda,,www.nguyenautodetailing595.com/?utm_source=google,(875) 555-0595,,,70595,Arizona,phoenix,,REF-595
Davis Chiropractors 596,Maria Johnson,David,owner596@davischiropractors596.com,www.davischiropractors596.com/?utm_source=google,(270) 555-0596,Landline,696 Main St,70596,Florida,Miami,1-10,REF-596
Kim Salons 597,Michael Nguyen,Priya,owner597@,www.kimsalons597.com/?utm_source=google,(207) 555-0597,Mobile,697 Main St,70597,WA,SEATTLE,1-10,REF-597
Kim Accountants 598,James Garcia,Michael,owner598@kimaccountants598.com,www.kimaccountants598.com/?utm_source=google,(667) 555-0598,Landline,698 Main St,70598,FL,miami,1-10,REF-598
Johnson HVAC Services 599,David Kim,David,owner599@johnsonhvacservices599.com,www.johnsonhvacservices599.com/?utm_source=google,(387) 555-0599,,699 Main St,70599,GE,ATLANTA,,REF-599
Brown Restaurants 600,Michael Garcia,Linda,owner600@brownrestaurants600.com,www.brownrestaurants600.com/?utm_source=google,(621) 555-0600,,,70600,AR,Phoenix,,REF-600
Davis Accountants 601,Michael Nguyen,James,owner601@davisaccountants601.com,www.davisaccountants601.com/?utm_source=google,(274) 555-0601,,701 Main St,70601,FL,miami,11-50,REF-601
Davis HVAC Services 602,Michael Garcia,Robert,,www.davishvacservices602.com/?utm_source=google,(966) 555-0602,Landline,702 Main St,70602,Georgia,Atlanta,1-10,REF-602
Kim Real Estate Agents 603,Robert Johnson,James,owner603@kimrealestateagents603.com,www.kimrealestateagents603.com/?utm_source=google,(381) 555-0603,Landline,,70603,AR,Phoenix,,REF-603
Johnson Auto Detailing 604,Robert Nguyen,James,owner604@johnsonautodetailing604.com,www.johnsonautodetailing604.com/?utm_source=google,(745) 555-0604,Mobile,704 Main St,70604,Colorado,DENVER,,REF-604
Kim HVAC Services 605,James Smith,David,,www.kimhvacservices605.com/?utm_source=google,(455) 555-0605,Landline,705 Main St,70605,Colorado,Denver,,REF-605
Smith HVAC Services 606,Linda Garcia,Linda,owner606@smithhvacservices606.com,www.smithhvacservices606.com/?utm_source=google,(298) 555-0606,,,70606,Illinois,Chicago,51-200,REF-606
Patel Accountants 607,Linda Nguyen,David,owner607@patelaccountants607.com,www.patelaccountants607.com/?utm_source=google,(323) 555-0607,Mobile,,70607,TE,dallas,1-10,REF-607
Patel Auto Detailing 608,Linda Kim,Linda,,,(485) 555-0608,,708 Main St,70608,Washington,Seattle,1-10,REF-608
Kim HVAC Services 609,Maria Johnson,Michael,owner609@kimhvacservices609.com,www.kimhvacservices609.com/?utm_source=google,(814) 555-0609,Landline,709 Main St,70609,CO,DENVER,1-10,REF-609
Patel Plumbing 610,Priya Garcia,Ana,owner610@patelplumbing610.com,,(799) 555-0610,Landline,710 Main St,70610,Arizona,PHOENIX,,REF-610
Garcia Restaurants 611,David Nguyen,Maria,owner611@garciarestaurants611.com,,(583) 555-0611,Landline,,70611,Illinois,chicago,1-10,REF-611
Kim Auto Detailing 612,Ana Johnson,Michael,owner612@kimautodetailing612.com,www.kimautodetailing612.com/?utm_source=google,(978) 555-0612,Mobile,712 Main St,70612,GE,ATLANTA,11-50,REF-612
Patel Auto Detailing 613,Linda Smith,Linda,owner613@patelautodetailing613.com,www.patelautodetailing613.com/?utm_source=google,(912) 555-0613,,,70613,GE,ATLANTA,11-50,REF-613
Smith Chiropractors 614,Priya Garcia,Linda,,,(344) 555-0614,Mobile,,70614,Massachusetts,BOSTON,1-10,REF-614
Davis Restaurants 615,Michael Johnson,Linda,owner615@davisrestaurants615.com,www.davisrestaurants615.com/?utm_source=google,(380) 555-0615,,,70615,TE,DALLAS,51-200,REF-615
Kim Restaurants 616,Ana Davis,David,,,(651) 555-0616,Landline,716 Main St,70616,CO,Denver,51-200,REF-616
Davis Auto Detailing 617,Michael Johnson,Robert,owner617@davisautodetailing617.com,www.davisautodetailing617.com/?utm_source=google,(674) 555-0617,Landline,717 Main St,70617,WA,SEATTLE,51-200,REF-617
Johnson Auto Repair 618,Linda Johnson,Linda,owner618@johnsonautorepair618.com,,(712) 555-0618,,718 Main St,70618,FL,miami,51-200,REF-618
Davis HVAC Services 619,Maria Davis,James,owner619@davishvacservices619.com,www.davishvacservices619.com/?utm_source=google,(327) 555-0619,Landline,719 Main St,70619,Florida,Miami,51-200,REF-619
Kim Salons 620,Ana Smith,David,owner620@kimsalons620.com,www.kimsalons620.com/?utm_source=google,(953) 555-0620,Mobile,,70620,Florida,miami,,REF-620
Kim Chiropractors 621,Robert Brown,Linda,owner621@kimchiropractors621.com,www.kimchiropractors621.com/?utm_source=google,(878) 555-0621,Mobile,,70621,Colorado,DENVER,51-200,REF-621
Nguyen HVAC Services 622,Robert Davis,Michael,owner622@nguyenhvacservices622.com,www.nguyenhvacservices622.com/?utm_source=google,(712) 555-0622,,722 Main St,70622,TE,DALLAS,11-50,REF-622
Garcia HVAC Services 623,Ana Johnson,Michael,owner623@garciahvacservices623.com,www.garciahvacservices623.com/?utm_source=google,(966) 555-0623,Landline,723 Main St,70623,Texas,Dallas,51-200,REF-623
Garcia Auto Detailing 624,David Davis,Michael,owner624@garciaautodetailing624.com,www.garciaautodetailing624.com/?utm_source=google,(374) 555-0624,Mobile,724 Main St,70624,Texas,Dallas,51-200,REF-624
Kim Chiropractors 625,Linda Johnson,Linda,owner625@kimchiropractors625.com,,(387) 555-0625,Mobile,,70625,TE,dallas,,REF-625
Brown Chiropractors 626,Maria Brown,Maria,,www.brownchiropractors626.com/?utm_source=google,(799) 555-0626,Mobile,726 Main St,70626,Texas,Dallas,,REF-626
Smith Salons 627,James Davis,Michael,,www.smithsalons627.com/?utm_source=google,(684) 555-0627,Landline,727 Main St,70627,IL,chicago,11-50,REF-627
Patel Plumbing 628,David Smith,Ana,owner628@patelplumbing628.com,www.patelplumbing628.com/?utm_source=google,(302) 555-0628,Mobile,728 Main St,70628,GE,ATLANTA,1-10,REF-628
Brown Auto Detailing 629,Linda Patel,Priya,owner629@brownautodetailing629.com,www.brownautodetailing629.com/?utm_source=google,(874) 555-0629,Landline,729 Main St,70629,Texas,Dallas,11-50,REF-629
Smith Auto Detailing 630,Ana Kim,Linda,owner630@smithautodetailing630.com,www.smithautodetailing630.com/?utm_source=google,(609) 555-0630,,730 Main St,70630,Florida,miami,51-200,REF-630
Davis Real Estate Agents 631,Linda Johnson,James,owner631@davisrealestateagents631.com,,(289) 555-0631,Landline,731 Main St,70631,TE,Dallas,51-200,REF-631
Nguyen Auto Repair 632,Robert Garcia,Maria,owner632@nguyenautorepair632.com,www.nguyenautorepair632.com/?utm_source=google,(932) 555-0632,Mobile,,70632,MA,boston,11-50,REF-632
Kim Restaurants 633,Maria Johnson,Priya,owner633@kimrestaurants633.com,,(908) 555-0633,Landline,733 Main St,70633,Colorado,DENVER,11-50,REF-633
Davis HVAC Services 634,Linda Brown,Maria,owner634@davishvacservices634.com,www.davishvacservices634.com/?utm_source=google,(314) 555-0634,Mobile,734 Main St,70634,Washington,SEATTLE,,REF-634
Johnson Gyms 635,David Smith,Michael,owner635@johnsongyms635.com,,(748) 555-0635,Mobile,735 Main St,70635,FL,miami,11-50,REF-635
Garcia Chiropractors 636,Priya Patel,Robert,owner636@garciachiropractors636.com,www.garciachiropractors636.com/?utm_source=google,(503) 555-0636,Mobile,736 Main St,70636,GE,Atlanta,11-50,REF-636
Patel Chiropractors 637,Maria Brown,Priya,owner637@patelchiropractors637.com,www.patelchiropractors637.com/?utm_source=google,(420) 555-0637,Landline,,70637,IL,Chicago,11-50,REF-637
Nguyen Chiropractors 638,James Johnson,Priya,owner638@nguyenchiropractors638.com,www.nguyenchiropractors638.com/?utm_source=google,(506) 555-0638,,738 Main St,70638,Georgia,Atlanta,51-200,REF-638
Kim Plumbing 639,David Davis,Maria,owner639@kimplumbing639.com,www.kimplumbing639.com/?utm_source=google,(489) 555-0639,Landline,739 Main St,70639,Washington,SEATTLE,51-200,REF-639
Patel Auto Repair 640,James Brown,Priya,owner640@patelautorepair640.com,www.patelautorepair640.com/?utm_source=google,(791) 555-0640,Mobile,740 Main St,70640,AR,phoenix,1-10,REF-640
Nguyen Restaurants 641,James Patel,Maria,owner641@nguyenrestaurants641.com,www.nguyenrestaurants641.com/?utm_source=google,(351) 555-0641,Landline,741 Main St,70641,GE,ATLANTA,1-10,REF-641
Patel Auto Detailing 642,Robert Smith,Maria,owner642@patelautodetailing642.com,www.patelautodetailing642.com/?utm_source=google,(865) 555-0642,Landline,742 Main St,70642,Texas,DALLAS,51-200,REF-642
Garcia Restaurants 643,Priya Brown,Robert,owner643@garciarestaurants643.com,www.garciarestaurants643.com/?utm_source=google,(584) 555-0643,,743 Main St,70643,Illinois,chicago,51-200,REF-643
Patel Salons 644,Maria Garcia,Maria,,www.patelsalons644.com/?utm_source=google,(884) 555-0644,,,70644,MA,boston,,REF-644
Davis Gyms 645,David Brown,Robert,owner645@davisgyms645.com,,(265) 555-0645,,745 Main St,70645,Arizona,phoenix,,REF-645
Garcia HVAC Services 646,Maria Nguyen,Maria,owner646@garciahvacservices646.com,,(813) 555-0646,,,70646,MA,boston,,REF-646
Nguyen Auto Detailing 647,Maria Brown,James,owner647@nguyenautodetailing647.com,,(327) 555-0647,,,70647,Arizona,phoenix,,REF-647
Smith Restaurants 648,Michael Kim,Robert,owner648@smithrestaurants648.com,www.smithrestaurants648.com/?utm_source=google,(911) 555-0648,Landline,748 Main St,70648,CO,DENVER,1-10,REF-648
Nguyen Auto Repair 649,Robert Brown,Linda,,www.nguyenautorepair649.com/?utm_source=google,(816) 555-0649,,,70649,IL,chicago,1-10,REF-649
Garcia Gyms 650,Michael Davis,Robert,owner650@garciagyms650.com,www.garciagyms650.com/?utm_source=google,(285) 555-0650,Landline,750 Main St,70650,Washington,SEATTLE,1-10,REF-650
Nguyen Auto Repair 651,Robert Davis,Robert,owner651@nguyenautorepair651.com,www.nguyenautorepair651.com/?utm_source=google,(644) 555-0651,Landline,,70651,Colorado,Denver,11-50,REF-651
Davis Auto Repair 652,Maria Patel,Ana,,www.davisautorepair652.com/?utm_source=google,(349) 555-0652,Mobile,,70652,Texas,dallas,1-10,REF-652
Garcia HVAC Services 653,Michael Kim,Maria,owner653@,www.garciahvacservices653.com/?utm_source=google,(917) 555-0653,,753 Main St,70653,TE,DALLAS,,REF-653
Patel Auto Detailing 654,David Johnson,Ana,owner654@patelautodetailing654.com,www.patelautodetailing654.com/?utm_source=google,(894) 555-0654,,754 Main St,70654,AR,phoenix,1-10,REF-654
Johnson Salons 655,Robert Davis,Michael,owner655@johnsonsalons655.com,,(942) 555-0655,,755 Main St,70655,Illinois,CHICAGO,51-200,REF-655
Kim Real Estate Agents 656,Priya Brown,Michael,owner656@kimrealestateagents656.com,www.kimrealestateagents656.com/?utm_source=google,(733) 555-0656,,756 Main St,70656,Arizona,phoenix,,REF-656
Patel Salons 657,Maria Garcia,Linda,owner657@patelsalons657.com,www.patelsalons657.com/?utm_source=google,(369) 555-0657,,,70657,WA,SEATTLE,51-200,REF-657
Johnson Auto Detailing 658,Maria Davis,James,owner658@johnsonautodetailing658.com,www.johnsonautodetailing658.com/?utm_source=google,(963) 555-0658,Mobile,758 Main St,70658,WA,Seattle,,REF-658
Johnson Gyms 659,Linda Johnson,Maria,owner659@johnsongyms659.com,www.johnsongyms659.com/?utm_source=google,(336) 555-0659,,759 Main St,70659,Massachusetts,boston,51-200,REF-659
Patel HVAC Services 660,Ana Nguyen,Maria,owner660@patelhvacservices660.com,www.patelhvacservices660.com/?utm_source=google,(694) 555-0660,Landline,,70660,Arizona,PHOENIX,51-200,REF-660
Smith Restaurants 661,Priya Smith,Ana,owner661@smithrestaurants661.com,,(671) 555-0661,Landline,,70661,Colorado,Denver,11-50,REF-661
Patel Chiropractors 662,David Kim,Linda,,,(726) 555-0662,Mobile,762 Main St,70662,WA,Seattle,1-10,REF-662
Kim Salons 663,Michael Patel,David,owner663@kimsalons663.com,www.kimsalons663.com/?utm_source=google,(749) 555-0663,Landline,,70663,GE,ATLANTA,51-200,REF-663
Patel Chiropractors 664,James Patel,Linda,owner664@patelchiropractors664.com,,(491) 555-0664,Mobile,,70664,AR,PHOENIX,11-50,REF-664
Nguyen Auto Detailing 665,Michael Garcia,David,owner665@nguyenautodetailing665.com,www.nguyenautodetailing665.com/?utm_source=google,(707) 555-0665,,765 Main St,70665,AR,phoenix,51-200,REF-665
Garcia Chiropractors 666,Robert Johnson,Ana,owner666@garciachiropractors666.com,www.garciachiropractors666.com/?utm_source=google,(985) 555-0666,,,70666,TE,dallas,,REF-666
Brown HVAC Services 667,Maria Davis,Linda,owner667@brownhvacservices667.com,www.brownhvacservices667.com/?utm_source=google,(946) 555-0667,,,70667,MA,Boston,11-50,REF-667
Nguyen Restaurants 668,Maria Johnson,Linda,owner668@nguyenrestaurants668.com,www.nguyenrestaurants668.com/?utm_source=google,(805) 555-0668,,768 Main St,70668,Washington,Seattle,1-10,REF-668
Brown HVAC Services 669,Robert Davis,James,owner669@brownhvacservices669.com,www.brownhvacservices669.com/?utm_source=google,(293) 555-0669,Mobile,769 Main St,70669,IL,CHICAGO,1-10,REF-669
Davis Restaurants 670,David Smith,Michael,owner670@davisrestaurants670.com,,(572) 555-0670,Landline,770 Main St,70670,FL,Miami,11-50,REF-670
Smith Auto Detailing 671,Ana Nguyen,Michael,,www.smithautodetailing671.com/?utm_source=google,(821) 555-0671,Mobile,771 Main St,70671,AR,phoenix,11-50,REF-671
Garcia Plumbing 672,James Johnson,Ana,,www.garciaplumbing672.com/?utm_source=google,(570) 555-0672,,772 Main St,70672,CO,Denver,11-50,REF-672
Garcia Restaurants 673,Robert Garcia,James,owner673@garciarestaurants673.com,www.garciarestaurants673.com/?utm_source=google,(870) 555-0673,Mobile,,70673,WA,Seattle,,REF-673
Brown Accountants 674,Linda Johnson,James,owner674@brownaccountants674.com,,(628) 555-0674,,774 Main St,70674,FL,miami,51-200,REF-674
Garcia Auto Repair 675,James Johnson,Michael,owner675@garciaautorepair675.com,www.garciaautorepair675.com/?utm_source=google,(332) 555-0675,Landline,,70675,Washington,SEATTLE,1-10,REF-675
Garcia HVAC Services 676,David Davis,David,owner676@,www.garciahvacservices676.com/?utm_source=google,(411) 555-0676,Mobile,,70676,Massachusetts,BOSTON,,REF-676
Brown Accountants 677,Linda Brown,Michael,owner677@brownaccountants677.com,www.brownaccountants677.com/?utm_source=google,(375) 555-0677,Mobile,,70677,Massachusetts,boston,,REF-677
Johnson Chiropractors 678,James Nguyen,Linda,owner678@johnsonchiropractors678.com,www.johnsonchiropractors678.com/?utm_source=google,(201) 555-0678,,778 Main St,70678,CO,denver,,REF-678
Johnson Accountants 679,Michael Patel,James,owner679@johnsonaccountants679.com,www.johnsonaccountants679.com/?utm_source=google,(210) 555-0679,Landline,,70679,CO,Denver,11-50,REF-679
Davis Auto Detailing 680,Michael Nguyen,Priya,owner680@davisautodetailing680.com,www.davisautodetailing680.com/?utm_source=google,(475) 555-0680,Mobile,780 Main St,70680,TE,Dallas,51-200,REF-680
Patel Restaurants 681,Priya Garcia,Priya,owner681@,,(389) 555-0681,Mobile,,70681,WA,SEATTLE,1-10,REF-681
Brown Salons 682,Robert Davis,Linda,owner682@,,(273) 555-0682,Landline,,70682,IL,Chicago,1-10,REF-682
Davis Auto Detailing 683,Maria Smith,James,owner683@davisautodetailing683.com,,(988) 555-0683,Mobile,,70683,Texas,Dallas,,REF-683
Garcia Accountants 684,Priya Kim,Robert,owner684@garciaaccountants684.com,www.garciaaccountants684.com/?utm_source=google,(690) 555-0684,Mobile,,70684,FL,MIAMI,,REF-684
Garcia Auto Detailing 685,Maria Davis,Robert,owner685@garciaautodetailing685.com,,(429) 555-0685,Mobile,,70685,IL,Chicago,11-50,REF-685
Davis Salons 686,Maria Kim,Robert,owner686@davissalons686.com,www.davissalons686.com/?utm_source=google,(429) 555-0686,Mobile,786 Main St,70686,GE,atlanta,,REF-686
Garcia Gyms 687,Maria Smith,Robert,owner687@garciagyms687.com,,(743) 555-0687,Landline,787 Main St,70687,FL,Miami,11-50,REF-687
Patel Gyms 688,Michael Kim,Ana,owner688@patelgyms688.com,www.patelgyms688.com/?utm_source=google,(928) 555-0688,Mobile,788 Main St,70688,Colorado,DENVER,1-10,REF-688
Davis Plumbing 689,Priya Garcia,Maria,owner689@davisplumbing689.com,www.davisplumbing689.com/?utm_source=google,(944) 555-0689,Landline,,70689,AR,Phoenix,1-10,REF-689
Patel HVAC Services 690,Priya Davis,Ana,owner690@patelhvacservices690.com,,(869) 555-0690,Mobile,790 Main St,70690,FL,MIAMI,51-200,REF-690
Davis Accountants 691,David Nguyen,Maria,,www.davisaccountants691.com/?utm_source=google,(202) 555-0691,Mobile,791 Main St,70691,Georgia,atlanta,51-200,REF-691
Smith Chiropractors 692,Ana Johnson,Michael,owner692@smithchiropractors692.com,www.smithchiropractors692.com/?utm_source=google,(764) 555-0692,Landline,,70692,Texas,Dallas,1-10,REF-692
Davis Auto Repair 693,David Patel,James,owner693@davisautorepair693.com,www.davisautorepair693.com/?utm_source=google,(878) 555-0693,,,70693,Arizona,Phoenix,1-10,REF-693
Garcia Plumbing 694,James Davis,Robert,owner694@garciaplumbing694.com,www.garciaplumbing694.com/?utm_source=google,(681) 555-0694,,,70694,AR,phoenix,51-200,REF-694
Smith Plumbing 695,Robert Smith,James,owner695@smithplumbing695.com,www.smithplumbing695.com/?utm_source=google,(377) 555-0695,,,70695,MA,boston,51-200,REF-695
Brown Accountants 696,David Johnson,Michael,owner696@brownaccountants696.com,www.brownaccountants696.com/?utm_source=google,(734) 555-0696,Landline,796 Main St,70696,Colorado,DENVER,1-10,REF-696
Nguyen HVAC Services 697,Maria Kim,Priya,owner697@nguyenhvacservices697.com,www.nguyenhvacservices697.com/?utm_source=google,(857) 555-0697,Landline,797 Main St,70697,Illinois,Chicago,11-50,REF-697
Brown HVAC Services 698,Maria Patel,Ana,,,(488) 555-0698,Mobile,798 Main St,70698,Georgia,Atlanta,,REF-698
Nguyen Salons 699,James Nguyen,Michael,owner699@nguyensalons699.com,,(783) 555-0699,,,70699,GE,Atlanta,,REF-699
Brown Plumbing 700,Ana Brown,David,,www.brownplumbing700.com/?utm_source=google,(522) 555-0700,Landline,800 Main St,70700,Texas,DALLAS,,REF-700
Garcia Plumbing 701,Robert Smith,David,owner701@garciaplumbing701.com,www.garciaplumbing701.com/?utm_source=google,(238) 555-0701,Landline,,70701,WA,Seattle,,REF-701
Johnson Restaurants 702,Robert Patel,Priya,owner702@johnsonrestaurants702.com,www.johnsonrestaurants702.com/?utm_source=google,(547) 555-0702,Landline,802 Main St,70702,GE,Atlanta,51-200,REF-702
Garcia Restaurants 703,Priya Garcia,James,owner703@garciarestaurants703.com,,(516) 555-0703,,803 Main St,70703,Georgia,atlanta,,REF-703
Johnson Real Estate Agents 704,Robert Garcia,Michael,owner704@johnsonrealestateagents704.com,www.johnsonrealestateagents704.com/?utm_source=google,(561) 555-0704,Mobile,,70704,FL,miami,51-200,REF-704
Johnson Salons 705,Priya Smith,Ana,owner705@johnsonsalons705.com,www.johnsonsalons705.com/?utm_source=google,(610) 555-0705,Landline,805 Main St,70705,Massachusetts,boston,11-50,REF-705
Patel Accountants 706,David Kim,Michael,,www.patelaccountants706.com/?utm_source=google,(898) 555-0706,Mobile,806 Main St,70706,Florida,MIAMI,1-10,REF-706
Johnson Accountants 707,Michael Davis,Robert,owner707@johnsonaccountants707.com,www.johnsonaccountants707.com/?utm_source=google,(274) 555-0707,Mobile,807 Main St,70707,IL,CHICAGO,,REF-707
Kim Plumbing 708,Priya Garcia,Maria,owner708@kimplumbing708.com,,(310) 555-0708,Landline,808 Main St,70708,Massachusetts,boston,11-50,REF-708
Patel Auto Repair 709,Priya Nguyen,Priya,owner709@patelautorepair709.com,,(665) 555-0709,Mobile,809 Main St,70709,FL,Miami,1-10,REF-709
Davis Plumbing 710,Ana Davis,Priya,,www.davisplumbing710.com/?utm_source=google,(416) 555-0710,Mobile,810 Main St,70710,IL,chicago,11-50,REF-710
Johnson Chiropractors 711,David Garcia,Michael,,www.johnsonchiropractors711.com/?utm_source=google,(662) 555-0711,Landline,811 Main St,70711,TE,Dallas,,REF-711
Patel Auto Repair 712,Michael Johnson,Linda,owner712@patelautorepair712.com,www.patelautorepair712.com/?utm_source=google,(629) 555-0712,Landline,812 Main St,70712,Washington,SEATTLE,51-200,REF-712
Smith Plumbing 713,Linda Garcia,Robert,owner713@smithplumbing713.com,www.smithplumbing713.com/?utm_source=google,(951) 555-0713,,813 Main St,70713,WA,Seattle,1-10,REF-713
Kim Real Estate Agents 714,Maria Davis,Michael,owner714@kimrealestateagents714.com,www.kimrealestateagents714.com/?utm_source=google,(203) 555-0714,Landline,814 Main St,70714,Arizona,PHOENIX,51-200,REF-714
Smith Gyms 715,Linda Davis,Robert,owner715@smithgyms715.com,www.smithgyms715.com/?utm_source=google,(421) 555-0715,Landline,,70715,Texas,DALLAS,,REF-715
Smith Plumbing 716,Michael Garcia,Priya,owner716@smithplumbing716.com,www.smithplumbing716.com/?utm_source=google,(666) 555-0716,Landline,816 Main St,70716,FL,MIAMI,51-200,REF-716
Garcia Accountants 717,Priya Davis,Ana,owner717@garciaaccountants717.com,,(809) 555-0717,Mobile,817 Main St,70717,FL,miami,51-200,REF-717
Garcia Salons 718,Maria Garcia,James,owner718@garciasalons718.com,www.garciasalons718.com/?utm_source=google,(621) 555-0718,Mobile,818 Main St,70718,Texas,DALLAS,51-200,REF-718
Brown Accountants 719,Linda Nguyen,Priya,owner719@brownaccountants719.com,www.brownaccountants719.com/?utm_source=google,(317) 555-0719,Mobile,819 Main St,70719,Illinois,chicago,51-200,REF-719
Smith HVAC Services 720,Linda Brown,Michael,owner720@smithhvacservices720.com,www.smithhvacservices720.com/?utm_source=google,(470) 555-0720,Landline,820 Main St,70720,WA,SEATTLE,1-10,REF-720
Smith Auto Detailing 721,Robert Patel,Ana,,www.smithautodetailing721.com/?utm_source=google,(785) 555-0721,Landline,,70721,WA,Seattle,51-200,REF-721
Johnson Auto Detailing 722,David Johnson,David,owner722@johnsonautodetailing722.com,www.johnsonautodetailing722.com/?utm_source=google,(729) 555-0722,Mobile,822 Main St,70722,Washington,SEATTLE,1-10,REF-722
Davis Accountants 723,Michael Johnson,Ana,owner723@davisaccountants723.com,www.davisaccountants723.com/?utm_source=google,(295) 555-0723,Mobile,823 Main St,70723,Texas,Dallas,,REF-723
Smith Gyms 724,Robert Kim,Ana,owner724@smithgyms724.com,,(868) 555-0724,Mobile,,70724,Washington,SEATTLE,51-200,REF-724
Brown Salons 725,Robert Smith,Maria,,,(810) 555-0725,Mobile,,70725,IL,chicago,1-10,REF-725
Kim Auto Repair 726,Linda Davis,Maria,owner726@kimautorepair726.com,www.kimautorepair726.com/?utm_source=google,(222) 555-0726,Landline,,70726,Texas,Dallas,51-200,REF-726
Kim HVAC Services 727,Robert Brown,James,owner727@kimhvacservices727.com,www.kimhvacservices727.com/?utm_source=google,(875) 555-0727,,827 Main St,70727,Florida,Miami,11-50,REF-727
Smith Plumbing 728,Michael Garcia,Linda,owner728@,www.smithplumbing728.com/?utm_source=google,(748) 555-0728,Mobile,828 Main St,70728,Massachusetts,Boston,11-50,REF-728
Smith Auto Repair 729,Linda Garcia,Robert,owner729@smithautorepair729.com,www.smithautorepair729.com/?utm_source=google,(693) 555-0729,Mobile,829 Main St,70729,GE,ATLANTA,11-50,REF-729
Davis Real Estate Agents 730,David Nguyen,Michael,owner730@davisrealestateagents730.com,,(903) 555-0730,,,70730,MA,Boston,11-50,REF-730
Kim Chiropractors 731,Priya Davis,Michael,owner731@kimchiropractors731.com,www.kimchiropractors731.com/?utm_source=google,(837) 555-0731,Mobile,831 Main St,70731,GE,Atlanta,11-50,REF-731
Kim Plumbing 732,James Brown,David,owner732@,www.kimplumbing732.com/?utm_source=google,(860) 555-0732,,832 Main St,70732,Texas,Dallas,1-10,REF-732
Johnson Plumbing 733,Maria Nguyen,Ana,owner733@johnsonplumbing733.com,www.johnsonplumbing733.com/?utm_source=google,(521) 555-0733,Mobile,,70733,Washington,SEATTLE,11-50,REF-733
Patel Restaurants 734,Maria Davis,Michael,owner734@patelrestaurants734.com,www.patelrestaurants734.com/?utm_source=google,(739) 555-0734,Mobile,,70734,MA,BOSTON,,REF-734
Davis Gyms 735,Ana Nguyen,Linda,owner735@davisgyms735.com,,(705) 555-0735,Landline,,70735,WA,seattle,,REF-735
Johnson Auto Repair 736,David Nguyen,James,owner736@johnsonautorepair736.com,www.johnsonautorepair736.com/?utm_source=google,(859) 555-0736,,836 Main St,70736,MA,boston,1-10,REF-736
Smith HVAC Services 737,James Garcia,Priya,owner737@smithhvacservices737.com,,(625) 555-0737,,837 Main St,70737,IL,chicago,51-200,REF-737
Kim Auto Repair 738,David Brown,Priya,owner738@kimautorepair738.com,www.kimautorepair738.com/?utm_source=google,(856) 555-0738,Mobile,838 Main St,70738,Florida,Miami,1-10,REF-738
Johnson Auto Detailing 739,Ana Davis,Linda,,,(395) 555-0739,,839 Main St,70739,IL,CHICAGO,,REF-739
Smith Auto Detailing 740,Michael Garcia,Michael,,www.smithautodetailing740.com/?utm_source=google,(827) 555-0740,Landline,,70740,Colorado,Denver,51-200,REF-740
Patel Auto Repair 741,David Kim,Maria,owner741@patelautorepair741.com,www.patelautorepair741.com/?utm_source=google,(446) 555-0741,,841 Main St,70741,AR,phoenix,11-50,REF-741
Garcia Real Estate Agents 742,Michael Garcia,Ana,owner742@garciarealestateagents742.com,www.garciarealestateagents742.com/?utm_source=google,(448) 555-0742,,842 Main St,70742,Georgia,ATLANTA,,REF-742
Smith Auto Repair 743,Linda Kim,David,owner743@smithautorepair743.com,,(307) 555-0743,Landline,,70743,MA,boston,51-200,REF-743
Johnson Chiropractors 744,Ana Davis,Priya,owner744@johnsonchiropractors744.com,www.johnsonchiropractors744.com/?utm_source=google,(725) 555-0744,Mobile,844 Main St,70744,Texas,Dallas,11-50,REF-744
Brown HVAC Services 745,Maria Johnson,Priya,owner745@brownhvacservices745.com,www.brownhvacservices745.com/?utm_source=google,(962) 555-0745,Mobile,,70745,AR,Phoenix,11-50,REF-745
Kim Auto Detailing 746,Maria Garcia,Ana,owner746@kimautodetailing746.com,www.kimautodetailing746.com/?utm_source=google,(354) 555-0746,Landline,846 Main St,70746,MA,Boston,51-200,REF-746
Garcia Salons 747,David Davis,Linda,,www.garciasalons747.com/?utm_source=google,(612) 555-0747,Mobile,847 Main St,70747,FL,MIAMI,51-200,REF-747
Nguyen Auto Repair 748,Linda Garcia,James,owner748@nguyenautorepair748.com,www.nguyenautorepair748.com/?utm_source=google,(789) 555-0748,Landline,,70748,Illinois,chicago,1-10,REF-748
Davis Gyms 749,Linda Brown,Priya,owner749@davisgyms749.com,www.davisgyms749.com/?utm_source=google,(408) 555-0749,Landline,849 Main St,70749,WA,SEATTLE,,REF-749
Kim Auto Repair 750,Linda Johnson,Ana,owner750@kimautorepair750.com,www.kimautorepair750.com/?utm_source=google,(370) 555-0750,Mobile,850 Main St,70750,AR,Phoenix,,REF-750
Patel Real Estate Agents 751,Michael Garcia,Robert,,www.patelrealestateagents751.com/?utm_source=google,(209) 555-0751,,851 Main St,70751,WA,SEATTLE,,REF-751
Kim Real Estate Agents 752,James Brown,Linda,,www.kimrealestateagents752.com/?utm_source=google,(371) 555-0752,Mobile,852 Main St,70752,Georgia,atlanta,11-50,REF-752
Patel Real Estate Agents 753,Michael Kim,Michael,owner753@patelrealestateagents753.com,www.patelrealestateagents753.com/?utm_source=google,(213) 555-0753,Landline,853 Main St,70753,MA,BOSTON,51-200,REF-753
Smith Auto Repair 754,David Nguyen,Robert,owner754@,www.smithautorepair754.com/?utm_source=google,(231) 555-0754,Mobile,854 Main St,70754,CO,denver,1-10,REF-754
Davis Auto Repair 755,Michael Kim,Robert,owner755@davisautorepair755.com,www.davisautorepair755.com/?utm_source=google,(895) 555-0755,Landline,855 Main St,70755,GE,ATLANTA,51-200,REF-755
Nguyen Salons 756,Ana Garcia,David,,www.nguyensalons756.com/?utm_source=google,(780) 555-0756,Landline,,70756,Colorado,denver,1-10,REF-756
Brown Real Estate Agents 757,Robert Brown,Priya,owner757@brownrealestateagents757.com,www.brownrealestateagents757.com/?utm_source=google,(501) 555-0757,Mobile,857 Main St,70757,Arizona,phoenix,,REF-757
Brown Auto Detailing 758,Ana Smith,James,,www.brownautodetailing758.com/?utm_source=google,(558) 555-0758,Landline,858 Main St,70758,Massachusetts,Boston,11-50,REF-758
Davis Chiropractors 759,Maria Brown,Linda,owner759@davischiropractors759.com,,(563) 555-0759,Mobile,859 Main St,70759,GE,atlanta,51-200,REF-759
Brown Auto Repair 760,Robert Davis,Ana,owner760@brownautorepair760.com,www.brownautorepair760.com/?utm_source=google,(342) 555-0760,,860 Main St,70760,CO,Denver,51-200,REF-760
Brown Accountants 761,Michael Kim,Robert,owner761@brownaccountants761.com,www.brownaccountants761.com/?utm_source=google,(647) 555-0761,Mobile,,70761,GE,ATLANTA,11-50,REF-761
Kim Accountants 762,Priya Davis,David,owner762@kimaccountants762.com,www.kimaccountants762.com/?utm_source=google,(772) 555-0762,Mobile,862 Main St,70762,FL,Miami,1-10,REF-762
Nguyen Gyms 763,Ana Johnson,Michael,owner763@nguyengyms763.com,,(602) 555-0763,Mobile,863 Main St,70763,Colorado,denver,51-200,REF-763
Smith Auto Detailing 764,Maria Patel,Maria,owner764@smithautodetailing764.com,www.smithautodetailing764.com/?utm_source=google,(779) 555-0764,Landline,864 Main St,70764,Texas,Dallas,,REF-764
Kim Restaurants 765,Robert Brown,Michael,owner765@,www.kimrestaurants765.com/?utm_source=google,(206) 555-0765,Landline,865 Main St,70765,Arizona,Phoenix,,REF-765
Garcia Auto Detailing 766,Linda Nguyen,Maria,owner766@garciaautodetailing766.com,www.garciaautodetailing766.com/?utm_source=google,(717) 555-0766,Landline,866 Main St,70766,Arizona,phoenix,51-200,REF-766
Nguyen Real Estate Agents 767,Michael Kim,Maria,owner767@nguyenrealestateagents767.com,www.nguyenrealestateagents767.com/?utm_source=google,(851) 555-0767,Mobile,,70767,Arizona,Phoenix,1-10,REF-767
Brown Real Estate Agents 768,Maria Kim,Ana,owner768@brownrealestateagents768.com,www.brownrealestateagents768.com/?utm_source=google,(600) 555-0768,Landline,868 Main St,70768,Massachusetts,boston,51-200,REF-768
Smith HVAC Services 769,Maria Davis,James,owner769@smithhvacservices769.com,www.smithhvacservices769.com/?utm_source=google,(234) 555-0769,,869 Main St,70769,AR,Phoenix,11-50,REF-769
Kim Chiropractors 770,Robert Patel,Linda,owner770@kimchiropractors770.com,www.kimchiropractors770.com/?utm_source=google,(923) 555-0770,,870 Main St,70770,Massachusetts,Boston,1-10,REF-770
Kim Plumbing 771,Robert Brown,Michael,owner771@kimplumbing771.com,www.kimplumbing771.com/?utm_source=google,(269) 555-0771,,871 Main St,70771,FL,MIAMI,1-10,REF-771
Johnson Gyms 772,Ana Davis,Maria,owner772@johnsongyms772.com,,(950) 555-0772,Mobile,,70772,Colorado,denver,51-200,REF-772
Nguyen Plumbing 773,Robert Davis,David,,www.nguyenplumbing773.com/?utm_source=google,(263) 555-0773,,,70773,Georgia,ATLANTA,,REF-773
Smith Real Estate Agents 774,Ana Garcia,Priya,owner774@smithrealestateagents774.com,www.smithrealestateagents774.com/?utm_source=google,(852) 555-0774,,874 Main St,70774,Florida,miami,51-200,REF-774
Nguyen Real Estate Agents 775,Robert Davis,Linda,owner775@nguyenrealestateagents775.com,,(224) 555-0775,,875 Main St,70775,Colorado,Denver,,REF-775
Patel Chiropractors 776,Maria Patel,Robert,owner776@patelchiropractors776.com,www.patelchiropractors776.com/?utm_source=google,(945) 555-0776,,876 Main St,70776,Illinois,Chicago,51-200,REF-776
Patel Accountants 777,Robert Garcia,Priya,owner777@patelaccountants777.com,www.patelaccountants777.com/?utm_source=google,(585) 555-0777,Mobile,877 Main St,70777,Florida,MIAMI,11-50,REF-777
Kim Auto Repair 778,Ana Smith,Linda,owner778@kimautorepair778.com,www.kimautorepair778.com/?utm_source=google,(496) 555-0778,Landline,878 Main St,70778,TE,Dallas,1-10,REF-778
Nguyen Salons 779,Michael Davis,James,owner779@nguyensalons779.com,www.nguyensalons779.com/?utm_source=google,(313) 555-0779,,879 Main St,70779,TE,DALLAS,,REF-779
Davis Auto Detailing 780,Ana Smith,Robert,owner780@davisautodetailing780.com,www.davisautodetailing780.com/?utm_source=google,(951) 555-0780,Landline,880 Main St,70780,Florida,Miami,51-200,REF-780
Patel Auto Repair 781,David Garcia,Priya,owner781@patelautorepair781.com,www.patelautorepair781.com/?utm_source=google,(477) 555-0781,,,70781,Illinois,chicago,1-10,REF-781
Kim Plumbing 782,Linda Smith,James,owner782@kimplumbing782.com,,(400) 555-0782,,882 Main St,70782,WA,SEATTLE,,REF-782
Smith Accountants 783,David Johnson,David,owner783@smithaccountants783.com,www.smithaccountants783.com/?utm_source=google,(762) 555-0783,Mobile,,70783,Massachusetts,BOSTON,11-50,REF-783
Patel Plumbing 784,James Nguyen,Linda,owner784@patelplumbing784.com,,(210) 555-0784,Mobile,884 Main St,70784,Georgia,Atlanta,1-10,REF-784
Smith Auto Detailing 785,Robert Brown,James,owner785@,www.smithautodetailing785.com/?utm_source=google,(816) 555-0785,,885 Main St,70785,TE,Dallas,51-200,REF-785
Garcia Real Estate Agents 786,Linda Kim,Ana,,www.garciarealestateagents786.com/?utm_source=google,(425) 555-0786,Landline,886 Main St,70786,TE,DALLAS,11-50,REF-786
Patel Restaurants 787,Maria Smith,Ana,owner787@patelrestaurants787.com,www.patelrestaurants787.com/?utm_source=google,(922) 555-0787,,887 Main St,70787,Colorado,Denver,1-10,REF-787
Brown Accountants 788,Linda Garcia,Ana,owner788@brownaccountants788.com,www.brownaccountants788.com/?utm_source=google,(345) 555-0788,Mobile,888 Main St,70788,GE,ATLANTA,51-200,REF-788
Kim Auto Repair 789,Michael Brown,David,owner789@kimautorepair789.com,www.kimautorepair789.com/?utm_source=google,(286) 555-0789,Mobile,,70789,IL,chicago,,REF-789
Kim HVAC Services 790,Linda Davis,Robert,,www.kimhvacservices790.com/?utm_source=google,(745) 555-0790,Mobile,890 Main St,70790,Washington,SEATTLE,11-50,REF-790
Brown Auto Detailing 791,Linda Smith,Ana,owner791@brownautodetailing791.com,www.brownautodetailing791.com/?utm_source=google,(836) 555-0791,Landline,891 Main St,70791,Florida,Miami,51-200,REF-791
Davis Salons 792,Michael Johnson,David,owner792@davissalons792.com,www.davissalons792.com/?utm_source=google,(443) 555-0792,Mobile,892 Main St,70792,MA,BOSTON,11-50,REF-792
Brown Auto Repair 793,David Smith,Michael,owner793@brownautorepair793.com,www.brownautorepair793.com/?utm_source=google,(875) 555-0793,Landline,893 Main St,70793,Georgia,Atlanta,11-50,REF-793
Brown Gyms 794,Priya Kim,James,owner794@browngyms794.com,www.browngyms794.com/?utm_source=google,(677) 555-0794,Mobile,894 Main St,70794,FL,MIAMI,1-10,REF-794
Garcia HVAC Services 795,Ana Garcia,Priya,owner795@garciahvacservices795.com,,(984) 555-0795,Landline,,70795,IL,Chicago,1-10,REF-795
Smith Chiropractors 796,James Johnson,Priya,owner796@smithchiropractors796.com,www.smithchiropractors796.com/?utm_source=google,(242) 555-0796,,896 Main St,70796,Arizona,PHOENIX,11-50,REF-796
Patel Salons 797,James Nguyen,Ana,owner797@patelsalons797.com,,(719) 555-0797,Landline,,70797,Illinois,Chicago,1-10,REF-797
Davis Plumbing 798,David Brown,Robert,,,(821) 555-0798,Landline,898 Main St,70798,FL,MIAMI,11-50,REF-798
Smith Real Estate Agents 799,James Brown,Robert,owner799@,www.smithrealestateagents799.com/?utm_source=google,(226) 555-0799,Mobile,899 Main St,70799,CO,DENVER,11-50,REF-799
Smith Restaurants 800,Robert Davis,Maria,owner800@smithrestaurants800.com,www.smithrestaurants800.com/?utm_source=google,(429) 555-0800,,900 Main St,70800,WA,SEATTLE,,REF-800
Kim Accountants 801,Priya Patel,Michael,owner801@kimaccountants801.com,,(789) 555-0801,Landline,901 Main St,70801,IL,Chicago,11-50,REF-801
Patel Restaurants 802,Maria Nguyen,Priya,owner802@patelrestaurants802.com,www.patelrestaurants802.com/?utm_source=google,(619) 555-0802,Landline,,70802,Massachusetts,boston,51-200,REF-802
Kim Gyms 803,Linda Johnson,Linda,owner803@kimgyms803.com,www.kimgyms803.com/?utm_source=google,(617) 555-0803,,903 Main St,70803,Georgia,ATLANTA,11-50,REF-803
Patel Salons 804,David Davis,Robert,,www.patelsalons804.com/?utm_source=google,(847) 555-0804,Mobile,904 Main St,70804,FL,Miami,1-10,REF-804
Brown Auto Repair 805,Priya Garcia,Robert,owner805@brownautorepair805.com,www.brownautorepair805.com/?utm_source=google,(641) 555-0805,Mobile,905 Main St,70805,Washington,Seattle,51-200,REF-805
Johnson HVAC Services 806,Linda Brown,Maria,owner806@johnsonhvacservices806.com,www.johnsonhvacservices806.com/?utm_source=google,(544) 555-0806,,906 Main St,70806,Florida,MIAMI,,REF-806
Kim Auto Repair 807,Priya Davis,Michael,owner807@kimautorepair807.com,www.kimautorepair807.com/?utm_source=google,(916) 555-0807,Mobile,907 Main St,70807,Florida,Miami,,REF-807
Kim Gyms 808,Priya Johnson,Michael,owner808@kimgyms808.com,www.kimgyms808.com/?utm_source=google,(299) 555-0808,Mobile,,70808,FL,Miami,51-200,REF-808
Davis Salons 809,Robert Johnson,James,owner809@davissalons809.com,www.davissalons809.com/?utm_source=google,(952) 555-0809,,,70809,FL,MIAMI,11-50,REF-809
Brown Auto Repair 810,Michael Brown,Priya,owner810@,www.brownautorepair810.com/?utm_source=google,(373) 555-0810,Landline,910 Main St,70810,FL,MIAMI,,REF-810
Johnson Restaurants 811,Robert Smith,James,,www.johnsonrestaurants811.com/?utm_source=google,(752) 555-0811,,911 Main St,70811,Colorado,denver,,REF-811
Brown Plumbing 812,David Kim,Robert,owner812@brownplumbing812.com,www.brownplumbing812.com/?utm_source=google,(502) 555-0812,Mobile,912 Main St,70812,Georgia,atlanta,51-200,REF-812
Garcia Real Estate Agents 813,Michael Garcia,Ana,owner813@garciarealestateagents813.com,www.garciarealestateagents813.com/?utm_source=google,(962) 555-0813,Mobile,913 Main St,70813,CO,Denver,11-50,REF-813
Garcia Salons 814,Ana Smith,David,owner814@garciasalons814.com,,(922) 555-0814,,914 Main St,70814,Massachusetts,BOSTON,,REF-814
Davis Restaurants 815,Linda Nguyen,Michael,owner815@davisrestaurants815.com,www.davisrestaurants815.com/?utm_source=google,(696) 555-0815,Mobile,915 Main St,70815,AR,Phoenix,1-10,REF-815
Smith Auto Repair 816,Priya Nguyen,Robert,owner816@smithautorepair816.com,,(904) 555-0816,Landline,916 Main St,70816,Georgia,ATLANTA,11-50,REF-816
Brown Real Estate Agents 817,Michael Kim,Priya,owner817@brownrealestateagents817.com,www.brownrealestateagents817.com/?utm_source=google,(601) 555-0817,,917 Main St,70817,AR,phoenix,,REF-817
Brown Restaurants 818,Priya Patel,Linda,owner818@brownrestaurants818.com,www.brownrestaurants818.com/?utm_source=google,(318) 555-0818,Mobile,918 Main St,70818,TE,DALLAS,,REF-818
Johnson Plumbing 819,Priya Kim,David,owner819@johnsonplumbing819.com,www.johnsonplumbing819.com/?utm_source=google,(229) 555-0819,Landline,,70819,Washington,seattle,,REF-819
Brown Accountants 820,David Davis,Priya,owner820@brownaccountants820.com,www.brownaccountants820.com/?utm_source=google,(466) 555-0820,Mobile,,70820,Florida,miami,,REF-820
Davis Salons 821,Robert Nguyen,Maria,owner821@davissalons821.com,www.davissalons821.com/?utm_source=google,(828) 555-0821,,921 Main St,70821,Massachusetts,BOSTON,,REF-821
Patel HVAC Services 822,Maria Smith,Linda,owner822@patelhvacservices822.com,www.patelhvacservices822.com/?utm_source=google,(403) 555-0822,Mobile,922 Main St,70822,TE,DALLAS,1-10,REF-822
Patel Salons 823,Linda Nguyen,James,owner823@patelsalons823.com,,(220) 555-0823,,,70823,AR,phoenix,,REF-823
Brown Chiropractors 824,Linda Smith,Michael,,www.brownchiropractors824.com/?utm_source=google,(586) 555-0824,,924 Main St,70824,CO,Denver,,REF-824
Smith Auto Repair 825,Robert Garcia,David,,,(820) 555-0825,Landline,925 Main St,70825,WA,SEATTLE,,REF-825
Kim Salons 826,Michael Kim,David,owner826@kimsalons826.com,www.kimsalons826.com/?utm_source=google,(295) 555-0826,Mobile,926 Main St,70826,CO,denver,11-50,REF-826
Davis Accountants 827,Priya Davis,Ana,,www.davisaccountants827.com/?utm_source=google,(931) 555-0827,Mobile,927 Main St,70827,Georgia,atlanta,1-10,REF-827
Kim Real Estate Agents 828,Michael Patel,Robert,owner828@kimrealestateagents828.com,www.kimrealestateagents828.com/?utm_source=google,(285) 555-0828,Mobile,928 Main St,70828,Florida,miami,1-10,REF-828
Davis Auto Repair 829,Priya Nguyen,James,owner829@davisautorepair829.com,www.davisautorepair829.com/?utm_source=google,(458) 555-0829,Landline,929 Main St,70829,AR,Phoenix,,REF-829
Smith Plumbing 830,Linda Kim,Priya,owner830@smithplumbing830.com,www.smithplumbing830.com/?utm_source=google,(867) 555-0830,Mobile,930 Main St,70830,WA,SEATTLE,,REF-830
Garcia Auto Repair 831,James Johnson,Maria,owner831@garciaautorepair831.com,,(648) 555-0831,Mobile,,70831,WA,seattle,1-10,REF-831
Johnson Accountants 832,David Davis,James,owner832@johnsonaccountants832.com,www.johnsonaccountants832.com/?utm_source=google,(645) 555-0832,Landline,932 Main St,70832,MA,BOSTON,11-50,REF-832
Johnson Gyms 833,Linda Patel,Michael,owner833@,www.johnsongyms833.com/?utm_source=google,(415) 555-0833,Landline,933 Main St,70833,Florida,Miami,51-200,REF-833
Davis Auto Detailing 834,Priya Garcia,James,owner834@,www.davisautodetailing834.com/?utm_source=google,(392) 555-0834,Mobile,934 Main St,70834,FL,miami,,REF-834
Johnson Auto Detailing 835,Linda Patel,James,,www.johnsonautodetailing835.com/?utm_source=google,(481) 555-0835,Landline,935 Main St,70835,MA,BOSTON,11-50,REF-835
Brown Plumbing 836,Linda Garcia,Robert,owner836@brownplumbing836.com,,(421) 555-0836,Landline,,70836,Washington,Seattle,51-200,REF-836
Kim Plumbing 837,James Nguyen,Linda,owner837@kimplumbing837.com,,(829) 555-0837,Mobile,,70837,CO,Denver,11-50,REF-837
Johnson Auto Repair 838,Priya Davis,Priya,owner838@johnsonautorepair838.com,www.johnsonautorepair838.com/?utm_source=google,(712) 555-0838,Mobile,,70838,IL,chicago,51-200,REF-838
Brown Real Estate Agents 839,Ana Garcia,Linda,owner839@brownrealestateagents839.com,www.brownrealestateagents839.com/?utm_source=google,(848) 555-0839,Landline,939 Main St,70839,FL,MIAMI,51-200,REF-839
Garcia Real Estate Agents 840,David Patel,Robert,owner840@garciarealestateagents840.com,,(574) 555-0840,Landline,940 Main St,70840,CO,DENVER,51-200,REF-840
Davis Restaurants 841,James Nguyen,Priya,owner841@davisrestaurants841.com,www.davisrestaurants841.com/?utm_source=google,(399) 555-0841,Mobile,941 Main St,70841,GE,Atlanta,11-50,REF-841
Brown Salons 842,Michael Kim,David,,,(912) 555-0842,,,70842,Illinois,CHICAGO,,REF-842
Kim Real Estate Agents 843,Maria Smith,Ana,owner843@,,(930) 555-0843,Mobile,943 Main St,70843,Massachusetts,Boston,,REF-843
Smith HVAC Services 844,James Patel,Maria,owner844@smithhvacservices844.com,www.smithhvacservices844.com/?utm_source=google,(484) 555-0844,Mobile,944 Main St,70844,Texas,dallas,11-50,REF-844
Smith Chiropractors 845,David Davis,James,owner845@smithchiropractors845.com,,(979) 555-0845,,,70845,FL,Miami,1-10,REF-845
Brown Real Estate Agents 846,David Johnson,James,owner846@brownrealestateagents846.com,www.brownrealestateagents846.com/?utm_source=google,(774) 555-0846,Landline,,70846,IL,CHICAGO,,REF-846
Garcia Gyms 847,Maria Johnson,Maria,,,(805) 555-0847,,947 Main St,70847,Massachusetts,Boston,1-10,REF-847
Garcia Plumbing 848,Linda Brown,Linda,owner848@garciaplumbing848.com,www.garciaplumbing848.com/?utm_source=google,(955) 555-0848,Mobile,948 Main St,70848,MA,BOSTON,11-50,REF-848
Johnson Chiropractors 849,David Nguyen,Linda,owner849@johnsonchiropractors849.com,www.johnsonchiropractors849.com/?utm_source=google,(404) 555-0849,Mobile,949 Main St,70849,CO,DENVER,51-200,REF-849
Kim Salons 850,Ana Patel,Priya,owner850@kimsalons850.com,www.kimsalons850.com/?utm_source=google,(903) 555-0850,Mobile,,70850,TE,Dallas,1-10,REF-850
Brown HVAC Services 851,Michael Garcia,Linda,owner851@brownhvacservices851.com,www.brownhvacservices851.com/?utm_source=google,(678) 555-0851,Landline,,70851,Florida,MIAMI,1-10,REF-851
Kim Real Estate Agents 852,Ana Davis,James,owner852@kimrealestateagents852.com,www.kimrealestateagents852.com/?utm_source=google,(307) 555-0852,,952 Main St,70852,Arizona,Phoenix,51-200,REF-852
Patel Real Estate Agents 853,Maria Johnson,Ana,owner853@patelrealestateagents853.com,www.patelrealestateagents853.com/?utm_source=google,(678) 555-0853,,,70853,Florida,miami,51-200,REF-853
Davis Gyms 854,Linda Brown,Ana,owner854@davisgyms854.com,www.davisgyms854.com/?utm_source=google,(694) 555-0854,,954 Main St,70854,Washington,Seattle,,REF-854
Brown HVAC Services 855,David Smith,Robert,owner855@brownhvacservices855.com,www.brownhvacservices855.com/?utm_source=google,(507) 555-0855,,955 Main St,70855,Washington,SEATTLE,1-10,REF-855
Smith Chiropractors 856,Michael Johnson,Ana,owner856@smithchiropractors856.com,www.smithchiropractors856.com/?utm_source=google,(369) 555-0856,Landline,,70856,Florida,Miami,1-10,REF-856
Garcia Salons 857,Linda Davis,Maria,owner857@garciasalons857.com,www.garciasalons857.com/?utm_source=google,(357) 555-0857,,957 Main St,70857,CO,Denver,51-200,REF-857
Garcia Chiropractors 858,David Nguyen,Priya,owner858@garciachiropractors858.com,www.garciachiropractors858.com/?utm_source=google,(674) 555-0858,,,70858,Florida,miami,1-10,REF-858
Davis Plumbing 859,Michael Davis,David,owner859@davisplumbing859.com,www.davisplumbing859.com/?utm_source=google,(555) 555-0859,Landline,959 Main St,70859,Arizona,Phoenix,1-10,REF-859
Patel Restaurants 860,James Davis,Maria,owner860@patelrestaurants860.com,www.patelrestaurants860.com/?utm_source=google,(341) 555-0860,Landline,,70860,Florida,miami,51-200,REF-860
Davis Auto Repair 861,David Johnson,Michael,owner861@davisautorepair861.com,www.davisautorepair861.com/?utm_source=google,(891) 555-0861,Landline,,70861,FL,Miami,1-10,REF-861
Kim HVAC Services 862,Ana Garcia,David,owner862@kimhvacservices862.com,www.kimhvacservices862.com/?utm_source=google,(212) 555-0862,Mobile,962 Main St,70862,TE,DALLAS,51-200,REF-862
Davis Auto Detailing 863,James Brown,David,owner863@davisautodetailing863.com,www.davisautodetailing863.com/?utm_source=google,(849) 555-0863,Mobile,963 Main St,70863,MA,BOSTON,11-50,REF-863
Patel Real Estate Agents 864,Robert Davis,David,,www.patelrealestateagents864.com/?utm_source=google,(281) 555-0864,Mobile,,70864,FL,Miami,51-200,REF-864
Kim HVAC Services 865,Maria Kim,Priya,owner865@kimhvacservices865.com,www.kimhvacservices865.com/?utm_source=google,(813) 555-0865,,965 Main St,70865,IL,chicago,11-50,REF-865
Johnson Auto Detailing 866,David Smith,Priya,owner866@johnsonautodetailing866.com,www.johnsonautodetailing866.com/?utm_source=google,(851) 555-0866,Mobile,966 Main St,70866,CO,DENVER,,REF-866
Nguyen Accountants 867,Maria Johnson,Robert,owner867@,www.nguyenaccountants867.com/?utm_source=google,(641) 555-0867,Landline,967 Main St,70867,WA,SEATTLE,1-10,REF-867
Smith Accountants 868,Ana Smith,Robert,,www.smithaccountants868.com/?utm_source=google,(941) 555-0868,,968 Main St,70868,Massachusetts,boston,,REF-868
Davis Plumbing 869,Robert Brown,Maria,owner869@davisplumbing869.com,www.davisplumbing869.com/?utm_source=google,(643) 555-0869,Mobile,969 Main St,70869,CO,denver,1-10,REF-869
Kim Auto Detailing 870,David Brown,Robert,owner870@kimautodetailing870.com,www.kimautodetailing870.com/?utm_source=google,(887) 555-0870,Mobile,970 Main St,70870,Florida,MIAMI,11-50,REF-870
Davis Salons 871,David Johnson,Michael,owner871@davissalons871.com,www.davissalons871.com/?utm_source=google,(813) 555-0871,,971 Main St,70871,Illinois,Chicago,,REF-871
Garcia Plumbing 872,Priya Davis,Ana,owner872@garciaplumbing872.com,www.garciaplumbing872.com/?utm_source=google,(687) 555-0872,,,70872,GE,atlanta,11-50,REF-872
Kim Real Estate Agents 873,Priya Nguyen,Robert,owner873@kimrealestateagents873.com,www.kimrealestateagents873.com/?utm_source=google,(461) 555-0873,Landline,,70873,Arizona,PHOENIX,51-200,REF-873
Garcia Accountants 874,Ana Brown,Michael,owner874@garciaaccountants874.com,www.garciaaccountants874.com/?utm_source=google,(662) 555-0874,,974 Main St,70874,Florida,MIAMI,1-10,REF-874
Davis Gyms 875,James Brown,Priya,owner875@davisgyms875.com,www.davisgyms875.com/?utm_source=google,(584) 555-0875,,,70875,Florida,Miami,51-200,REF-875
Garcia Restaurants 876,Robert Johnson,David,owner876@garciarestaurants876.com,www.garciarestaurants876.com/?utm_source=google,(560) 555-0876,Mobile,976 Main St,70876,GE,atlanta,11-50,REF-876
Davis Auto Repair 877,David Kim,Priya,owner877@davisautorepair877.com,www.davisautorepair877.com/?utm_source=google,(660) 555-0877,Mobile,977 Main St,70877,Florida,miami,11-50,REF-877
Kim Auto Detailing 878,Maria Davis,David,owner878@kimautodetailing878.com,www.kimautodetailing878.com/?utm_source=google,(620) 555-0878,Mobile,978 Main St,70878,Florida,Miami,,REF-878
Smith Gyms 879,Linda Johnson,Priya,owner879@smithgyms879.com,www.smithgyms879.com/?utm_source=google,(579) 555-0879,Mobile,979 Main St,70879,WA,SEATTLE,1-10,REF-879
Patel Chiropractors 880,Linda Johnson,Priya,owner880@patelchiropractors880.com,www.patelchiropractors880.com/?utm_source=google,(404) 555-0880,Landline,,70880,Massachusetts,Boston,1-10,REF-880
Kim Gyms 881,Priya Nguyen,Robert,owner881@kimgyms881.com,www.kimgyms881.com/?utm_source=google,(712) 555-0881,,,70881,MA,Boston,1-10,REF-881
Smith Real Estate Agents 882,David Kim,David,owner882@smithrealestateagents882.com,,(627) 555-0882,Landline,982 Main St,70882,Texas,DALLAS,,REF-882
Smith Real Estate Agents 883,David Smith,Ana,owner883@smithrealestateagents883.com,www.smithrealestateagents883.com/?utm_source=google,(723) 555-0883,,983 Main St,70883,MA,Boston,,REF-883
Garcia Chiropractors 884,Ana Davis,Ana,owner884@garciachiropractors884.com,,(448) 555-0884,Landline,,70884,Colorado,denver,,REF-884
Nguyen Real Estate Agents 885,Ana Brown,Priya,owner885@nguyenrealestateagents885.com,www.nguyenrealestateagents885.com/?utm_source=google,(661) 555-0885,,,70885,MA,BOSTON,,REF-885
Brown Chiropractors 886,Ana Patel,Michael,,www.brownchiropractors886.com/?utm_source=google,(933) 555-0886,Mobile,986 Main St,70886,AR,phoenix,51-200,REF-886
Johnson Salons 887,Michael Davis,Michael,owner887@,www.johnsonsalons887.com/?utm_source=google,(228) 555-0887,Mobile,987 Main St,70887,Arizona,PHOENIX,,REF-887
Davis Salons 888,Robert Patel,Robert,owner888@davissalons888.com,www.davissalons888.com/?utm_source=google,(713) 555-0888,Landline,988 Main St,70888,FL,miami,1-10,REF-888
Johnson Accountants 889,David Smith,Maria,owner889@johnsonaccountants889.com,www.johnsonaccountants889.com/?utm_source=google,(516) 555-0889,Mobile,,70889,MA,BOSTON,,REF-889
Kim Restaurants 890,James Nguyen,Linda,owner890@kimrestaurants890.com,www.kimrestaurants890.com/?utm_source=google,(233) 555-0890,Landline,990 Main St,70890,FL,MIAMI,,REF-890
Smith Salons 891,Linda Nguyen,Michael,owner891@smithsalons891.com,www.smithsalons891.com/?utm_source=google,(387) 555-0891,,991 Main St,70891,Texas,Dallas,51-200,REF-891
Brown Chiropractors 892,Maria Nguyen,Maria,owner892@brownchiropractors892.com,www.brownchiropractors892.com/?utm_source=google,(335) 555-0892,,992 Main St,70892,Illinois,Chicago,1-10,REF-892
Kim Gyms 893,James Patel,Maria,,,(319) 555-0893,Landline,,70893,Massachusetts,Boston,1-10,REF-893
Brown Gyms 894,David Garcia,Priya,owner894@browngyms894.com,www.browngyms894.com/?utm_source=google,(399) 555-0894,,994 Main St,70894,MA,Boston,11-50,REF-894
Kim HVAC Services 895,Ana Kim,Michael,owner895@kimhvacservices895.com,www.kimhvacservices895.com/?utm_source=google,(506) 555-0895,Landline,995 Main St,70895,Colorado,denver,11-50,REF-895
Kim Accountants 896,Robert Kim,James,,www.kimaccountants896.com/?utm_source=google,(721) 555-0896,Landline,996 Main St,70896,Colorado,Denver,51-200,REF-896
Kim Salons 897,Robert Nguyen,Maria,owner897@kimsalons897.com,www.kimsalons897.com/?utm_source=google,(418) 555-0897,Landline,997 Main St,70897,TE,DALLAS,51-200,REF-897
Nguyen Auto Repair 898,Robert Patel,Robert,owner898@nguyenautorepair898.com,,(605) 555-0898,Mobile,998 Main St,70898,Colorado,denver,51-200,REF-898
Brown Gyms 899,Michael Kim,Michael,owner899@browngyms899.com,www.browngyms899.com/?utm_source=google,(513) 555-0899,Landline,999 Main St,70899,WA,seattle,11-50,REF-899
Davis HVAC Services 900,David Smith,David,,www.davishvacservices900.com/?utm_source=google,(343) 555-0900,Landline,1000 Main St,70900,Washington,SEATTLE,1-10,REF-900
Brown Restaurants 901,James Patel,David,owner901@brownrestaurants901.com,www.brownrestaurants901.com/?utm_source=google,(533) 555-0901,,1001 Main St,70901,Colorado,Denver,51-200,REF-901
Garcia Salons 902,Ana Kim,Priya,owner902@garciasalons902.com,www.garciasalons902.com/?utm_source=google,(247) 555-0902,,1002 Main St,70902,TE,Dallas,11-50,REF-902
Smith Gyms 903,Ana Brown,Ana,,www.smithgyms903.com/?utm_source=google,(491) 555-0903,Mobile,1003 Main St,70903,Washington,seattle,51-200,REF-903
Brown Chiropractors 904,Maria Kim,Linda,owner904@brownchiropractors904.com,www.brownchiropractors904.com/?utm_source=google,(759) 555-0904,,,70904,AR,PHOENIX,,REF-904
Patel Chiropractors 905,Ana Kim,Linda,owner905@patelchiropractors905.com,,(679) 555-0905,Mobile,1005 Main St,70905,TE,Dallas,11-50,REF-905
Johnson Salons 906,David Davis,David,,www.johnsonsalons906.com/?utm_source=google,(249) 555-0906,,,70906,IL,Chicago,51-200,REF-906
Kim Auto Detailing 907,Ana Garcia,Maria,owner907@kimautodetailing907.com,www.kimautodetailing907.com/?utm_source=google,(771) 555-0907,Mobile,1007 Main St,70907,Florida,MIAMI,51-200,REF-907
Garcia Gyms 908,David Brown,Priya,owner908@garciagyms908.com,www.garciagyms908.com/?utm_source=google,(956) 555-0908,Mobile,1008 Main St,70908,Georgia,Atlanta,11-50,REF-908
Smith Real Estate Agents 909,Michael Smith,David,owner909@smithrealestateagents909.com,,(430) 555-0909,Landline,1009 Main St,70909,WA,Seattle,11-50,REF-909
Nguyen Accountants 910,Ana Johnson,Linda,owner910@nguyenaccountants910.com,www.nguyenaccountants910.com/?utm_source=google,(411) 555-0910,Landline,,70910,Massachusetts,BOSTON,,REF-910
Garcia Chiropractors 911,Ana Nguyen,Linda,owner911@garciachiropractors911.com,www.garciachiropractors911.com/?utm_source=google,(367) 555-0911,Landline,1011 Main St,70911,Florida,Miami,11-50,REF-911
Kim Auto Detailing 912,David Smith,Priya,owner912@,www.kimautodetailing912.com/?utm_source=google,(957) 555-0912,Mobile,1012 Main St,70912,AR,phoenix,51-200,REF-912
Davis Restaurants 913,Maria Garcia,Robert,owner913@davisrestaurants913.com,www.davisrestaurants913.com/?utm_source=google,(792) 555-0913,,1013 Main St,70913,Georgia,Atlanta,,REF-913
Patel Real Estate Agents 914,Linda Garcia,Ana,owner914@patelrealestateagents914.com,www.patelrealestateagents914.com/?utm_source=google,(720) 555-0914,Mobile,1014 Main St,70914,Florida,Miami,51-200,REF-914
Garcia HVAC Services 915,Michael Garcia,David,owner915@garciahvacservices915.com,www.garciahvacservices915.com/?utm_source=google,(867) 555-0915,Landline,,70915,Washington,SEATTLE,51-200,REF-915
Brown Real Estate Agents 916,Ana Smith,Robert,owner916@brownrealestateagents916.com,www.brownrealestateagents916.com/?utm_source=google,(381) 555-0916,,,70916,Illinois,Chicago,51-200,REF-916
Nguyen Auto Detailing 917,Michael Patel,David,owner917@nguyenautodetailing917.com,www.nguyenautodetailing917.com/?utm_source=google,(629) 555-0917,Mobile,,70917,Illinois,CHICAGO,1-10,REF-917
Johnson Plumbing 918,Linda Brown,David,,www.johnsonplumbing918.com/?utm_source=google,(471) 555-0918,,1018 Main St,70918,Texas,dallas,,REF-918
Johnson Real Estate Agents 919,James Davis,Robert,owner919@johnsonrealestateagents919.com,,(215) 555-0919,Landline,1019 Main St,70919,Illinois,chicago,,REF-919
Kim Auto Repair 920,Priya Johnson,James,owner920@kimautorepair920.com,www.kimautorepair920.com/?utm_source=google,(680) 555-0920,Landline,,70920,MA,BOSTON,,REF-920
Nguyen Real Estate Agents 921,Robert Johnson,Linda,owner921@,www.nguyenrealestateagents921.com/?utm_source=google,(961) 555-0921,Mobile,1021 Main St,70921,MA,BOSTON,,REF-921
Brown Restaurants 922,Michael Patel,Priya,owner922@brownrestaurants922.com,www.brownrestaurants922.com/?utm_source=google,(732) 555-0922,,1022 Main St,70922,GE,Atlanta,11-50,REF-922
Johnson HVAC Services 923,James Davis,James,owner923@johnsonhvacservices923.com,www.johnsonhvacservices923.com/?utm_source=google,(386) 555-0923,Mobile,,70923,Florida,Miami,1-10,REF-923
Smith HVAC Services 924,Priya Patel,Linda,owner924@smithhvacservices924.com,www.smithhvacservices924.com/?utm_source=google,(791) 555-0924,Landline,1024 Main St,70924,Florida,miami,11-50,REF-924
Garcia Accountants 925,Ana Patel,Robert,owner925@garciaaccountants925.com,www.garciaaccountants925.com/?utm_source=google,(699) 555-0925,,1025 Main St,70925,Massachusetts,BOSTON,11-50,REF-925
Garcia Accountants 926,David Smith,Robert,owner926@garciaaccountants926.com,,(668) 555-0926,Mobile,,70926,CO,Denver,11-50,REF-926
Davis Salons 927,Maria Johnson,David,owner927@davissalons927.com,www.davissalons927.com/?utm_source=google,(723) 555-0927,Mobile,,70927,Massachusetts,Boston,1-10,REF-927
Smith Plumbing 928,Ana Nguyen,Robert,owner928@smithplumbing928.com,www.smithplumbing928.com/?utm_source=google,(302) 555-0928,,,70928,Arizona,PHOENIX,1-10,REF-928
Nguyen Accountants 929,David Brown,David,owner929@nguyenaccountants929.com,www.nguyenaccountants929.com/?utm_source=google,(631) 555-0929,Landline,1029 Main St,70929,Washington,SEATTLE,11-50,REF-929
Brown Auto Detailing 930,Michael Nguyen,Maria,owner930@brownautodetailing930.com,,(620) 555-0930,Mobile,,70930,Texas,Dallas,51-200,REF-930
Davis Chiropractors 931,Linda Patel,Maria,owner931@davischiropractors931.com,www.davischiropractors931.com/?utm_source=google,(482) 555-0931,Mobile,1031 Main St,70931,Washington,SEATTLE,1-10,REF-931
Johnson Restaurants 932,Ana Smith,Maria,owner932@johnsonrestaurants932.com,www.johnsonrestaurants932.com/?utm_source=google,(736) 555-0932,Mobile,1032 Main St,70932,MA,Boston,51-200,REF-932
Kim Salons 933,Ana Brown,James,owner933@,www.kimsalons933.com/?utm_source=google,(461) 555-0933,Mobile,1033 Main St,70933,TE,DALLAS,1-10,REF-933
Nguyen Real Estate Agents 934,Maria Patel,Linda,owner934@nguyenrealestateagents934.com,www.nguyenrealestateagents934.com/?utm_source=google,(880) 555-0934,Landline,1034 Main St,70934,CO,denver,,REF-934
Brown Auto Repair 935,Ana Davis,Michael,owner935@brownautorepair935.com,www.brownautorepair935.com/?utm_source=google,(285) 555-0935,Mobile,,70935,CO,Denver,51-200,REF-935
Brown Restaurants 936,Priya Davis,David,,,(310) 555-0936,,1036 Main St,70936,Washington,SEATTLE,,REF-936
Patel Auto Repair 937,David Davis,James,owner937@patelautorepair937.com,www.patelautorepair937.com/?utm_source=google,(650) 555-0937,Landline,1037 Main St,70937,Georgia,atlanta,51-200,REF-937
Johnson Auto Detailing 938,Ana Garcia,Michael,,www.johnsonautodetailing938.com/?utm_source=google,(229) 555-0938,,1038 Main St,70938,GE,atlanta,11-50,REF-938
Brown Plumbing 939,James Patel,Priya,owner939@brownplumbing939.com,www.brownplumbing939.com/?utm_source=google,(850) 555-0939,Landline,1039 Main St,70939,Georgia,Atlanta,11-50,REF-939
Johnson HVAC Services 940,Maria Patel,Ana,owner940@johnsonhvacservices940.com,www.johnsonhvacservices940.com/?utm_source=google,(957) 555-0940,Mobile,1040 Main St,70940,FL,Miami,,REF-940
Kim HVAC Services 941,David Nguyen,Michael,owner941@kimhvacservices941.com,www.kimhvacservices941.com/?utm_source=google,(697) 555-0941,Landline,1041 Main St,70941,FL,miami,1-10,REF-941
Smith Chiropractors 942,Michael Brown,Robert,,www.smithchiropractors942.com/?utm_source=google,(912) 555-0942,Mobile,,70942,Florida,MIAMI,51-200,REF-942
Patel Salons 943,David Johnson,David,owner943@patelsalons943.com,,(953) 555-0943,Landline,1043 Main St,70943,Arizona,phoenix,1-10,REF-943
Nguyen Real Estate Agents 944,Michael Smith,Priya,owner944@nguyenrealestateagents944.com,www.nguyenrealestateagents944.com/?utm_source=google,(911) 555-0944,Mobile,,70944,Illinois,chicago,1-10,REF-944
Brown Chiropractors 945,James Kim,Priya,owner945@brownchiropractors945.com,www.brownchiropractors945.com/?utm_source=google,(764) 555-0945,,,70945,Illinois,CHICAGO,51-200,REF-945
Brown Gyms 946,Ana Brown,David,owner946@browngyms946.com,www.browngyms946.com/?utm_source=google,(440) 555-0946,Landline,1046 Main St,70946,Washington,SEATTLE,1-10,REF-946
Johnson Plumbing 947,Priya Patel,Maria,,www.johnsonplumbing947.com/?utm_source=google,(818) 555-0947,Mobile,1047 Main St,70947,Georgia,atlanta,11-50,REF-947
Kim Gyms 948,Priya Davis,Maria,owner948@kimgyms948.com,www.kimgyms948.com/?utm_source=google,(375) 555-0948,Mobile,1048 Main St,70948,Illinois,chicago,51-200,REF-948
Patel Chiropractors 949,Michael Brown,James,,www.patelchiropractors949.com/?utm_source=google,(702) 555-0949,Landline,1049 Main St,70949,Texas,dallas,1-10,REF-949
Brown Real Estate Agents 950,David Johnson,Ana,owner950@brownrealestateagents950.com,www.brownrealestateagents950.com/?utm_source=google,(824) 555-0950,Mobile,1050 Main St,70950,CO,DENVER,,REF-950
Davis Auto Repair 951,Linda Nguyen,Robert,owner951@davisautorepair951.com,www.davisautorepair951.com/?utm_source=google,(230) 555-0951,,1051 Main St,70951,Texas,dallas,,REF-951
Davis Auto Repair 952,David Kim,Robert,owner952@davisautorepair952.com,www.davisautorepair952.com/?utm_source=google,(387) 555-0952,Mobile,1052 Main St,70952,Washington,SEATTLE,51-200,REF-952
Garcia Salons 953,David Nguyen,Linda,owner953@garciasalons953.com,www.garciasalons953.com/?utm_source=google,(862) 555-0953,,,70953,MA,Boston,11-50,REF-953
Smith Auto Detailing 954,Maria Johnson,James,owner954@smithautodetailing954.com,www.smithautodetailing954.com/?utm_source=google,(741) 555-0954,Mobile,,70954,IL,chicago,,REF-954
Garcia Gyms 955,Linda Kim,Robert,owner955@garciagyms955.com,www.garciagyms955.com/?utm_source=google,(553) 555-0955,Mobile,1055 Main St,70955,Florida,MIAMI,11-50,REF-955
Kim Gyms 956,Robert Johnson,Priya,owner956@kimgyms956.com,,(239) 555-0956,,1056 Main St,70956,Arizona,phoenix,11-50,REF-956
Johnson Auto Repair 957,Robert Garcia,Priya,owner957@johnsonautorepair957.com,,(358) 555-0957,,1057 Main St,70957,FL,MIAMI,51-200,REF-957
Garcia Real Estate Agents 958,Ana Johnson,Linda,owner958@garciarealestateagents958.com,www.garciarealestateagents958.com/?utm_source=google,(702) 555-0958,Mobile,1058 Main St,70958,Texas,dallas,,REF-958
Garcia Real Estate Agents 959,Ana Davis,Linda,owner959@garciarealestateagents959.com,www.garciarealestateagents959.com/?utm_source=google,(338) 555-0959,Landline,1059 Main St,70959,TE,DALLAS,51-200,REF-959
Davis HVAC Services 960,James Kim,Maria,,www.davishvacservices960.com/?utm_source=google,(695) 555-0960,,1060 Main St,70960,WA,seattle,,REF-960
Nguyen Accountants 961,Michael Johnson,Ana,owner961@nguyenaccountants961.com,www.nguyenaccountants961.com/?utm_source=google,(747) 555-0961,Mobile,,70961,IL,chicago,1-10,REF-961
Davis Plumbing 962,Robert Patel,James,owner962@davisplumbing962.com,www.davisplumbing962.com/?utm_source=google,(301) 555-0962,Landline,1062 Main St,70962,Illinois,CHICAGO,11-50,REF-962
Kim Auto Repair 963,James Smith,David,owner963@kimautorepair963.com,www.kimautorepair963.com/?utm_source=google,(905) 555-0963,Mobile,1063 Main St,70963,Georgia,Atlanta,11-50,REF-963
Nguyen Chiropractors 964,David Smith,Robert,owner964@nguyenchiropractors964.com,,(452) 555-0964,,1064 Main St,70964,WA,SEATTLE,11-50,REF-964
Davis Restaurants 965,David Davis,David,owner965@davisrestaurants965.com,www.davisrestaurants965.com/?utm_source=google,(394) 555-0965,Landline,,70965,Colorado,DENVER,51-200,REF-965
Johnson Auto Detailing 966,Linda Garcia,Maria,owner966@johnsonautodetailing966.com,,(700) 555-0966,Mobile,,70966,MA,Boston,11-50,REF-966
Brown HVAC Services 967,Michael Garcia,Maria,owner967@brownhvacservices967.com,www.brownhvacservices967.com/?utm_source=google,(406) 555-0967,Mobile,1067 Main St,70967,CO,Denver,1-10,REF-967
Kim Accountants 968,Maria Nguyen,James,owner968@kimaccountants968.com,www.kimaccountants968.com/?utm_source=google,(388) 555-0968,Mobile,1068 Main St,70968,Illinois,Chicago,51-200,REF-968
Kim Gyms 969,Priya Smith,Linda,owner969@kimgyms969.com,www.kimgyms969.com/?utm_source=google,(942) 555-0969,Landline,,70969,Florida,Miami,11-50,REF-969
Patel Salons 970,James Davis,David,owner970@patelsalons970.com,,(498) 555-0970,,,70970,Arizona,PHOENIX,1-10,REF-970
Smith Plumbing 971,Maria Nguyen,Michael,owner971@smithplumbing971.com,www.smithplumbing971.com/?utm_source=google,(346) 555-0971,,1071 Main St,70971,Massachusetts,Boston,,REF-971
Johnson HVAC Services 972,Ana Patel,James,owner972@johnsonhvacservices972.com,,(306) 555-0972,,,70972,IL,Chicago,,REF-972
Nguyen HVAC Services 973,James Garcia,James,owner973@nguyenhvacservices973.com,www.nguyenhvacservices973.com/?utm_source=google,(687) 555-0973,,1073 Main St,70973,TE,DALLAS,51-200,REF-973
Kim Real Estate Agents 974,Ana Kim,Priya,owner974@kimrealestateagents974.com,www.kimrealestateagents974.com/?utm_source=google,(356) 555-0974,Landline,1074 Main St,70974,GE,Atlanta,1-10,REF-974
Davis Salons 975,Robert Patel,James,owner975@davissalons975.com,www.davissalons975.com/?utm_source=google,(507) 555-0975,Mobile,,70975,AR,PHOENIX,1-10,REF-975
Patel HVAC Services 976,David Davis,David,owner976@patelhvacservices976.com,www.patelhvacservices976.com/?utm_source=google,(663) 555-0976,Landline,1076 Main St,70976,AR,phoenix,11-50,REF-976
Johnson Plumbing 977,Linda Nguyen,Linda,owner977@johnsonplumbing977.com,www.johnsonplumbing977.com/?utm_source=google,(782) 555-0977,Mobile,1077 Main St,70977,WA,seattle,51-200,REF-977
Nguyen Plumbing 978,Priya Garcia,Priya,owner978@nguyenplumbing978.com,www.nguyenplumbing978.com/?utm_source=google,(838) 555-0978,Landline,,70978,Colorado,denver,1-10,REF-978
Johnson HVAC Services 979,James Nguyen,David,owner979@johnsonhvacservices979.com,www.johnsonhvacservices979.com/?utm_source=google,(376) 555-0979,Landline,1079 Main St,70979,Washington,SEATTLE,51-200,REF-979
Johnson Gyms 980,Priya Nguyen,Robert,owner980@johnsongyms980.com,www.johnsongyms980.com/?utm_source=google,(698) 555-0980,Landline,1080 Main St,70980,Georgia,ATLANTA,,REF-980
Smith Auto Repair 981,James Patel,Maria,,www.smithautorepair981.com/?utm_source=google,(565) 555-0981,Mobile,1081 Main St,70981,Texas,dallas,,REF-981
Kim Plumbing 982,Robert Brown,Michael,owner982@kimplumbing982.com,,(775) 555-0982,Mobile,1082 Main St,70982,Florida,Miami,51-200,REF-982
Johnson Auto Repair 983,Priya Brown,Linda,owner983@johnsonautorepair983.com,www.johnsonautorepair983.com/?utm_source=google,(879) 555-0983,Mobile,1083 Main St,70983,Washington,Seattle,1-10,REF-983
Davis HVAC Services 984,James Patel,Priya,owner984@davishvacservices984.com,www.davishvacservices984.com/?utm_source=google,(386) 555-0984,Landline,1084 Main St,70984,MA,BOSTON,11-50,REF-984
Patel Plumbing 985,Robert Brown,David,,www.patelplumbing985.com/?utm_source=google,(313) 555-0985,,,70985,TE,dallas,,REF-985
Smith Plumbing 986,David Johnson,Ana,owner986@smithplumbing986.com,www.smithplumbing986.com/?utm_source=google,(396) 555-0986,,,70986,Massachusetts,boston,11-50,REF-986
Nguyen Chiropractors 987,Michael Kim,David,owner987@nguyenchiropractors987.com,www.nguyenchiropractors987.com/?utm_source=google,(479) 555-0987,,1087 Main St,70987,IL,CHICAGO,,REF-987
Johnson Plumbing 988,James Smith,Michael,owner988@johnsonplumbing988.com,www.johnsonplumbing988.com/?utm_source=google,(681) 555-0988,Landline,1088 Main St,70988,IL,CHICAGO,51-200,REF-988
Davis Plumbing 989,Ana Johnson,Ana,owner989@davisplumbing989.com,www.davisplumbing989.com/?utm_source=google,(765) 555-0989,Mobile,1089 Main St,70989,FL,Miami,51-200,REF-989
Garcia Auto Repair 990,Robert Garcia,Linda,,,(582) 555-0990,Mobile,,70990,Florida,Miami,,REF-990
Patel Auto Detailing 991,Maria Johnson,Priya,owner991@patelautodetailing991.com,www.patelautodetailing991.com/?utm_source=google,(538) 555-0991,,,70991,Illinois,Chicago,1-10,REF-991
Johnson Restaurants 992,Maria Smith,David,,www.johnsonrestaurants992.com/?utm_source=google,(438) 555-0992,Mobile,,70992,Texas,dallas,11-50,REF-992
Kim Accountants 993,Priya Johnson,Priya,owner993@kimaccountants993.com,www.kimaccountants993.com/?utm_source=google,(892) 555-0993,,1093 Main St,70993,Georgia,atlanta,1-10,REF-993
Garcia Accountants 994,Linda Brown,Robert,owner994@,www.garciaaccountants994.com/?utm_source=google,(789) 555-0994,Mobile,1094 Main St,70994,Illinois,Chicago,1-10,REF-994
Johnson Plumbing 995,Michael Davis,Michael,owner995@johnsonplumbing995.com,www.johnsonplumbing995.com/?utm_source=google,(456) 555-0995,Landline,1095 Main St,70995,Georgia,ATLANTA,11-50,REF-995
Garcia Salons 996,Priya Patel,James,,www.garciasalons996.com/?utm_source=google,(640) 555-0996,Mobile,1096 Main St,70996,AR,Phoenix,,REF-996
Garcia Plumbing 997,Ana Kim,Ana,owner997@garciaplumbing997.com,www.garciaplumbing997.com/?utm_source=google,(691) 555-0997,Landline,1097 Main St,70997,FL,miami,1-10,REF-997
Smith Restaurants 998,David Kim,Priya,owner998@smithrestaurants998.com,www.smithrestaurants998.com/?utm_source=google,(612) 555-0998,Landline,1098 Main St,70998,AR,phoenix,1-10,REF-998
Davis Chiropractors 999,Robert Patel,David,owner999@davischiropractors999.com,www.davischiropractors999.com/?utm_source=google,(847) 555-0999,Mobile,1099 Main St,70999,Washington,seattle,1-10,REF-999
Nguyen Chiropractors 1000,David Kim,Robert,,www.nguyenchiropractors1000.com/?utm_source=google,(402) 555-1000,Mobile,1100 Main St,71000,Arizona,phoenix,11-50,REF-1000
Kim Restaurants 1001,Priya Davis,David,owner1001@kimrestaurants1001.com,www.kimrestaurants1001.com/?utm_source=google,(363) 555-1001,Landline,1101 Main St,71001,Georgia,atlanta,,REF-1001
Kim Auto Repair 1002,Robert Nguyen,Priya,owner1002@kimautorepair1002.com,www.kimautorepair1002.com/?utm_source=google,(626) 555-1002,Landline,,71002,FL,MIAMI,1-10,REF-1002
Davis Plumbing 1003,Robert Brown,Ana,owner1003@davisplumbing1003.com,www.davisplumbing1003.com/?utm_source=google,(905) 555-1003,Mobile,1103 Main St,71003,CO,Denver,,REF-1003
Davis Real Estate Agents 1004,Ana Nguyen,Ana,owner1004@davisrealestateagents1004.com,www.davisrealestateagents1004.com/?utm_source=google,(687) 555-1004,Landline,1104 Main St,71004,FL,MIAMI,1-10,REF-1004
Nguyen Chiropractors 1005,Linda Nguyen,Priya,owner1005@nguyenchiropractors1005.com,www.nguyenchiropractors1005.com/?utm_source=google,(219) 555-1005,Landline,1105 Main St,71005,Florida,miami,1-10,REF-1005
Garcia Gyms 1006,Priya Brown,Maria,owner1006@garciagyms1006.com,www.garciagyms1006.com/?utm_source=google,(397) 555-1006,Landline,1106 Main St,71006,FL,Miami,51-200,REF-1006
Smith Restaurants 1007,Priya Johnson,Michael,owner1007@smithrestaurants1007.com,www.smithrestaurants1007.com/?utm_source=google,(696) 555-1007,Landline,1107 Main St,71007,Georgia,ATLANTA,1-10,REF-1007
Brown Gyms 1008,Linda Brown,Linda,owner1008@browngyms1008.com,www.browngyms1008.com/?utm_source=google,(633) 555-1008,,1108 Main St,71008,Texas,dallas,11-50,REF-1008
Brown Restaurants 1009,David Garcia,Ana,,www.brownrestaurants1009.com/?utm_source=google,(351) 555-1009,Landline,1109 Main St,71009,Arizona,PHOENIX,51-200,REF-1009
Brown Plumbing 1010,Linda Kim,Michael,owner1010@brownplumbing1010.com,,(331) 555-1010,Landline,1110 Main St,71010,Texas,Dallas,11-50,REF-1010
Patel Accountants 1011,David Smith,David,owner1011@,www.patelaccountants1011.com/?utm_source=google,(605) 555-1011,Mobile,1111 Main St,71011,Massachusetts,BOSTON,11-50,REF-1011
Smith Plumbing 1012,Robert Kim,Maria,owner1012@smithplumbing1012.com,www.smithplumbing1012.com/?utm_source=google,(343) 555-1012,Mobile,,71012,Illinois,CHICAGO,1-10,REF-1012
Patel Auto Repair 1013,David Patel,Maria,owner1013@patelautorepair1013.com,www.patelautorepair1013.com/?utm_source=google,(758) 555-1013,Mobile,1113 Main St,71013,FL,MIAMI,1-10,REF-1013
Nguyen Accountants 1014,Maria Brown,Linda,owner1014@nguyenaccountants1014.com,www.nguyenaccountants1014.com/?utm_source=google,(860) 555-1014,,1114 Main St,71014,Texas,DALLAS,1-10,REF-1014
Smith Real Estate Agents 1015,Linda Johnson,Robert,owner1015@smithrealestateagents1015.com,www.smithrealestateagents1015.com/?utm_source=google,(530) 555-1015,Landline,1115 Main St,71015,IL,Chicago,11-50,REF-1015
Davis Real Estate Agents 1016,James Nguyen,James,owner1016@davisrealestateagents1016.com,www.davisrealestateagents1016.com/?utm_source=google,(796) 555-1016,Landline,,71016,Illinois,CHICAGO,11-50,REF-1016
Davis Accountants 1017,James Brown,Michael,owner1017@davisaccountants1017.com,www.davisaccountants1017.com/?utm_source=google,(723) 555-1017,Landline,,71017,Arizona,PHOENIX,11-50,REF-1017
Patel Plumbing 1018,David Garcia,Michael,owner1018@patelplumbing1018.com,www.patelplumbing1018.com/?utm_source=google,(656) 555-1018,,1118 Main St,71018,GE,Atlanta,1-10,REF-1018
Davis Auto Repair 1019,Linda Nguyen,Michael,owner1019@davisautorepair1019.com,www.davisautorepair1019.com/?utm_source=google,(890) 555-1019,Mobile,1119 Main St,71019,IL,chicago,51-200,REF-1019
Brown Auto Detailing 1020,James Brown,James,owner1020@brownautodetailing1020.com,www.brownautodetailing1020.com/?utm_source=google,(385) 555-1020,Landline,,71020,GE,ATLANTA,11-50,REF-1020
Johnson Real Estate Agents 1021,Priya Brown,Linda,owner1021@johnsonrealestateagents1021.com,,(309) 555-1021,Mobile,1121 Main St,71021,Washington,Seattle,11-50,REF-1021
Kim Auto Detailing 1022,Robert Garcia,James,owner1022@kimautodetailing1022.com,www.kimautodetailing1022.com/?utm_source=google,(861) 555-1022,Mobile,1122 Main St,71022,CO,Denver,11-50,REF-1022
Brown HVAC Services 1023,Maria Brown,Robert,owner1023@brownhvacservices1023.com,www.brownhvacservices1023.com/?utm_source=google,(409) 555-1023,Mobile,1123 Main St,71023,Illinois,chicago,1-10,REF-1023
Garcia Auto Detailing 1024,Priya Brown,Michael,owner1024@garciaautodetailing1024.com,,(776) 555-1024,Landline,,71024,Texas,Dallas,,REF-1024
Smith HVAC Services 1025,David Kim,David,,,(213) 555-1025,,1125 Main St,71025,Washington,seattle,11-50,REF-1025
Brown Real Estate Agents 1026,Michael Nguyen,Linda,,www.brownrealestateagents1026.com/?utm_source=google,(201) 555-1026,,,71026,GE,ATLANTA,51-200,REF-1026
Brown Restaurants 1027,Ana Kim,Priya,owner1027@brownrestaurants1027.com,www.brownrestaurants1027.com/?utm_source=google,(582) 555-1027,,1127 Main St,71027,Illinois,chicago,11-50,REF-1027
Davis HVAC Services 1028,Ana Brown,Robert,owner1028@davishvacservices1028.com,www.davishvacservices1028.com/?utm_source=google,(969) 555-1028,Landline,1128 Main St,71028,AR,phoenix,51-200,REF-1028
Johnson Auto Repair 1029,Ana Kim,Priya,owner1029@johnsonautorepair1029.com,www.johnsonautorepair1029.com/?utm_source=google,(896) 555-1029,Mobile,1129 Main St,71029,CO,DENVER,1-10,REF-1029
Johnson Gyms 1030,Robert Nguyen,David,owner1030@johnsongyms1030.com,,(629) 555-1030,Mobile,1130 Main St,71030,Florida,MIAMI,,REF-1030
Brown Gyms 1031,Robert Nguyen,Ana,owner1031@browngyms1031.com,www.browngyms1031.com/?utm_source=google,(533) 555-1031,,1131 Main St,71031,IL,CHICAGO,51-200,REF-1031
Nguyen Accountants 1032,David Garcia,Linda,owner1032@nguyenaccountants1032.com,www.nguyenaccountants1032.com/?utm_source=google,(664) 555-1032,Mobile,1132 Main St,71032,Washington,SEATTLE,,REF-1032
Kim Accountants 1033,Maria Brown,Linda,owner1033@,www.kimaccountants1033.com/?utm_source=google,(510) 555-1033,Mobile,1133 Main St,71033,Texas,Dallas,,REF-1033
Brown Auto Detailing 1034,Robert Garcia,Maria,owner1034@,www.brownautodetailing1034.com/?utm_source=google,(321) 555-1034,Landline,1134 Main St,71034,IL,Chicago,11-50,REF-1034
Patel Plumbing 1035,David Kim,James,owner1035@patelplumbing1035.com,www.patelplumbing1035.com/?utm_source=google,(232) 555-1035,Landline,1135 Main St,71035,Washington,seattle,51-200,REF-1035
Davis HVAC Services 1036,Ana Kim,James,owner1036@davishvacservices1036.com,www.davishvacservices1036.com/?utm_source=google,(699) 555-1036,Mobile,1136 Main St,71036,Texas,Dallas,1-10,REF-1036
Davis Auto Repair 1037,Linda Kim,James,owner1037@davisautorepair1037.com,www.davisautorepair1037.com/?utm_source=google,(765) 555-1037,,1137 Main St,71037,Massachusetts,BOSTON,51-200,REF-1037
Johnson Auto Repair 1038,James Kim,Maria,owner1038@johnsonautorepair1038.com,www.johnsonautorepair1038.com/?utm_source=google,(674) 555-1038,Landline,1138 Main St,71038,IL,CHICAGO,,REF-1038
Kim Salons 1039,Priya Brown,Robert,owner1039@,,(815) 555-1039,Landline,1139 Main St,71039,Texas,Dallas,1-10,REF-1039
Nguyen Real Estate Agents 1040,Robert Davis,James,,www.nguyenrealestateagents1040.com/?utm_source=google,(428) 555-1040,Landline,1140 Main St,71040,MA,Boston,51-200,REF-1040
Johnson Auto Repair 1041,James Kim,Priya,owner1041@,www.johnsonautorepair1041.com/?utm_source=google,(915) 555-1041,Landline,,71041,TE,DALLAS,,REF-1041
Smith HVAC Services 1042,David Garcia,Maria,owner1042@smithhvacservices1042.com,,(880) 555-1042,Landline,1142 Main St,71042,Massachusetts,Boston,,REF-1042
Garcia Auto Detailing 1043,Linda Kim,Ana,owner1043@garciaautodetailing1043.com,www.garciaautodetailing1043.com/?utm_source=google,(689) 555-1043,Mobile,1143 Main St,71043,Arizona,PHOENIX,51-200,REF-1043
Nguyen Auto Repair 1044,Michael Johnson,David,owner1044@nguyenautorepair1044.com,,(261) 555-1044,,1144 Main St,71044,Illinois,CHICAGO,11-50,REF-1044
Brown Gyms 1045,Robert Patel,Linda,owner1045@browngyms1045.com,www.browngyms1045.com/?utm_source=google,(418) 555-1045,Mobile,1145 Main St,71045,IL,chicago,1-10,REF-1045
Davis Auto Repair 1046,Maria Johnson,Robert,owner1046@davisautorepair1046.com,www.davisautorepair1046.com/?utm_source=google,(348) 555-1046,Mobile,1146 Main St,71046,Arizona,PHOENIX,1-10,REF-1046
Patel Restaurants 1047,Michael Davis,James,owner1047@patelrestaurants1047.com,www.patelrestaurants1047.com/?utm_source=google,(243) 555-1047,Landline,1147 Main St,71047,Washington,Seattle,11-50,REF-1047
Nguyen HVAC Services 1048,Robert Kim,David,owner1048@nguyenhvacservices1048.com,www.nguyenhvacservices1048.com/?utm_source=google,(973) 555-1048,,,71048,MA,boston,,REF-1048
Davis HVAC Services 1049,Maria Johnson,James,,www.davishvacservices1049.com/?utm_source=google,(602) 555-1049,Landline,1149 Main St,71049,IL,chicago,11-50,REF-1049
Kim Salons 1050,Robert Kim,Ana,owner1050@kimsalons1050.com,,(701) 555-1050,Landline,1150 Main St,71050,Massachusetts,boston,11-50,REF-1050
Nguyen Salons 1051,Ana Nguyen,Linda,owner1051@nguyensalons1051.com,www.nguyensalons1051.com/?utm_source=google,(513) 555-1051,Mobile,1151 Main St,71051,CO,denver,11-50,REF-1051
Nguyen Gyms 1052,Robert Brown,Linda,owner1052@nguyengyms1052.com,www.nguyengyms1052.com/?utm_source=google,(570) 555-1052,,1152 Main St,71052,WA,Seattle,51-200,REF-1052
Garcia Gyms 1053,Michael Nguyen,Linda,owner1053@garciagyms1053.com,www.garciagyms1053.com/?utm_source=google,(848) 555-1053,Landline,,71053,AR,phoenix,1-10,REF-1053
Brown HVAC Services 1054,Priya Patel,Robert,owner1054@brownhvacservices1054.com,www.brownhvacservices1054.com/?utm_source=google,(273) 555-1054,Landline,,71054,MA,BOSTON,51-200,REF-1054
Nguyen Auto Detailing 1055,Michael Kim,Priya,owner1055@nguyenautodetailing1055.com,www.nguyenautodetailing1055.com/?utm_source=google,(763) 555-1055,,1155 Main St,71055,TE,Dallas,11-50,REF-1055
Kim Auto Detailing 1056,Priya Davis,David,owner1056@kimautodetailing1056.com,www.kimautodetailing1056.com/?utm_source=google,(343) 555-1056,Mobile,,71056,Washington,Seattle,,REF-1056
Brown Salons 1057,Maria Davis,Linda,owner1057@,,(876) 555-1057,,,71057,Texas,dallas,11-50,REF-1057
Nguyen Salons 1058,Michael Patel,Linda,owner1058@nguyensalons1058.com,,(766) 555-1058,,1158 Main St,71058,Washington,Seattle,51-200,REF-1058
Johnson Restaurants 1059,Michael Kim,Maria,,,(616) 555-1059,Mobile,,71059,Illinois,Chicago,1-10,REF-1059
Smith Salons 1060,Michael Davis,David,owner1060@smithsalons1060.com,www.smithsalons1060.com/?utm_source=google,(437) 555-1060,Mobile,1160 Main St,71060,TE,DALLAS,51-200,REF-1060
Davis Real Estate Agents 1061,David Smith,Michael,owner1061@davisrealestateagents1061.com,www.davisrealestateagents1061.com/?utm_source=google,(889) 555-1061,Landline,1161 Main St,71061,AR,phoenix,,REF-1061
Kim Real Estate Agents 1062,Ana Johnson,Maria,owner1062@kimrealestateagents1062.com,www.kimrealestateagents1062.com/?utm_source=google,(915) 555-1062,,1162 Main St,71062,WA,Seattle,1-10,REF-1062
Davis Plumbing 1063,Michael Nguyen,David,owner1063@davisplumbing1063.com,www.davisplumbing1063.com/?utm_source=google,(680) 555-1063,Mobile,1163 Main St,71063,Florida,MIAMI,,REF-1063
Davis Real Estate Agents 1064,Ana Davis,James,owner1064@davisrealestateagents1064.com,www.davisrealestateagents1064.com/?utm_source=google,(941) 555-1064,Landline,1164 Main St,71064,Illinois,chicago,11-50,REF-1064
Brown Plumbing 1065,Michael Kim,Robert,owner1065@brownplumbing1065.com,,(799) 555-1065,,1165 Main St,71065,Georgia,Atlanta,51-200,REF-1065
Nguyen Plumbing 1066,Robert Garcia,James,,www.nguyenplumbing1066.com/?utm_source=google,(737) 555-1066,Landline,1166 Main St,71066,IL,Chicago,51-200,REF-1066
Nguyen Salons 1067,Robert Garcia,Linda,owner1067@nguyensalons1067.com,www.nguyensalons1067.com/?utm_source=google,(835) 555-1067,Mobile,1167 Main St,71067,Arizona,phoenix,51-200,REF-1067
Nguyen HVAC Services 1068,Linda Garcia,Maria,,www.nguyenhvacservices1068.com/?utm_source=google,(475) 555-1068,Mobile,1168 Main St,71068,AR,PHOENIX,11-50,REF-1068
Johnson Chiropractors 1069,James Patel,Robert,owner1069@johnsonchiropractors1069.com,www.johnsonchiropractors1069.com/?utm_source=google,(725) 555-1069,Mobile,1169 Main St,71069,Arizona,phoenix,1-10,REF-1069
Kim Chiropractors 1070,Robert Nguyen,Ana,owner1070@,www.kimchiropractors1070.com/?utm_source=google,(485) 555-1070,Landline,,71070,Illinois,CHICAGO,,REF-1070
Smith Restaurants 1071,David Johnson,James,,www.smithrestaurants1071.com/?utm_source=google,(741) 555-1071,Landline,1171 Main St,71071,AR,PHOENIX,51-200,REF-1071
Patel Accountants 1072,David Brown,David,owner1072@patelaccountants1072.com,,(711) 555-1072,Mobile,1172 Main St,71072,Massachusetts,Boston,11-50,REF-1072
Davis Salons 1073,Michael Patel,James,owner1073@davissalons1073.com,www.davissalons1073.com/?utm_source=google,(403) 555-1073,Mobile,,71073,Texas,dallas,1-10,REF-1073
Nguyen Salons 1074,Linda Kim,Michael,owner1074@,www.nguyensalons1074.com/?utm_source=google,(677) 555-1074,,1174 Main St,71074,Washington,seattle,1-10,REF-1074
Nguyen HVAC Services 1075,Maria Brown,Ana,owner1075@nguyenhvacservices1075.com,,(676) 555-1075,Landline,1175 Main St,71075,IL,Chicago,11-50,REF-1075
Smith Plumbing 1076,Priya Garcia,Ana,owner1076@smithplumbing1076.com,www.smithplumbing1076.com/?utm_source=google,(517) 555-1076,,,71076,Massachusetts,Boston,11-50,REF-1076
Nguyen Auto Detailing 1077,Ana Smith,Priya,owner1077@nguyenautodetailing1077.com,www.nguyenautodetailing1077.com/?utm_source=google,(827) 555-1077,Landline,1177 Main St,71077,IL,chicago,11-50,REF-1077
Kim Auto Detailing 1078,David Smith,Maria,owner1078@kimautodetailing1078.com,www.kimautodetailing1078.com/?utm_source=google,(357) 555-1078,Landline,1178 Main St,71078,TE,DALLAS,11-50,REF-1078
Nguyen Chiropractors 1079,David Brown,David,,www.nguyenchiropractors1079.com/?utm_source=google,(245) 555-1079,Landline,,71079,Arizona,Phoenix,51-200,REF-1079
Davis Gyms 1080,Robert Davis,Michael,owner1080@davisgyms1080.com,www.davisgyms1080.com/?utm_source=google,(415) 555-1080,Mobile,1180 Main St,71080,Georgia,Atlanta,11-50,REF-1080
Nguyen Real Estate Agents 1081,Robert Kim,Maria,owner1081@nguyenrealestateagents1081.com,,(670) 555-1081,Landline,1181 Main St,71081,TE,dallas,11-50,REF-1081
Patel Gyms 1082,Michael Nguyen,Linda,owner1082@patelgyms1082.com,www.patelgyms1082.com/?utm_source=google,(644) 555-1082,Landline,,71082,FL,miami,51-200,REF-1082
Brown Auto Detailing 1083,Robert Nguyen,Linda,,www.brownautodetailing1083.com/?utm_source=google,(454) 555-1083,Landline,1183 Main St,71083,Colorado,DENVER,11-50,REF-1083
Davis HVAC Services 1084,Michael Garcia,Linda,owner1084@davishvacservices1084.com,,(692) 555-1084,,,71084,WA,Seattle,51-200,REF-1084
Johnson HVAC Services 1085,James Patel,Ana,owner1085@johnsonhvacservices1085.com,,(441) 555-1085,Landline,1185 Main St,71085,WA,seattle,1-10,REF-1085
Nguyen HVAC Services 1086,Robert Patel,Robert,owner1086@nguyenhvacservices1086.com,www.nguyenhvacservices1086.com/?utm_source=google,(807) 555-1086,Landline,1186 Main St,71086,Washington,Seattle,,REF-1086
Davis Auto Detailing 1087,Maria Johnson,James,owner1087@davisautodetailing1087.com,,(381) 555-1087,Mobile,,71087,AR,PHOENIX,11-50,REF-1087
Smith Gyms 1088,Michael Patel,Maria,owner1088@,,(796) 555-1088,Mobile,1188 Main St,71088,Texas,Dallas,1-10,REF-1088
Garcia HVAC Services 1089,Michael Garcia,Michael,owner1089@garciahvacservices1089.com,,(673) 555-1089,,1189 Main St,71089,Massachusetts,BOSTON,,REF-1089
Brown Real Estate Agents 1090,Ana Johnson,Priya,,www.brownrealestateagents1090.com/?utm_source=google,(567) 555-1090,,1190 Main St,71090,GE,atlanta,1-10,REF-1090
Nguyen Salons 1091,Robert Johnson,James,owner1091@nguyensalons1091.com,,(801) 555-1091,Mobile,,71091,FL,Miami,1-10,REF-1091
Patel Auto Repair 1092,Linda Kim,David,owner1092@patelautorepair1092.com,www.patelautorepair1092.com/?utm_source=google,(859) 555-1092,,1192 Main St,71092,CO,DENVER,1-10,REF-1092
Patel Real Estate Agents 1093,Linda Patel,Maria,owner1093@,,(458) 555-1093,Landline,,71093,IL,chicago,51-200,REF-1093
Johnson Plumbing 1094,David Patel,Robert,owner1094@johnsonplumbing1094.com,,(368) 555-1094,Landline,1194 Main St,71094,MA,boston,1-10,REF-1094
Nguyen Auto Detailing 1095,Priya Brown,Linda,owner1095@nguyenautodetailing1095.com,www.nguyenautodetailing1095.com/?utm_source=google,(627) 555-1095,Mobile,1195 Main St,71095,AR,PHOENIX,11-50,REF-1095
Patel Gyms 1096,Priya Nguyen,Linda,,,(896) 555-1096,,1196 Main St,71096,FL,MIAMI,51-200,REF-1096
Davis Accountants 1097,James Kim,Michael,owner1097@davisaccountants1097.com,www.davisaccountants1097.com/?utm_source=google,(973) 555-1097,Landline,,71097,GE,Atlanta,51-200,REF-1097
Kim Gyms 1098,David Kim,Linda,owner1098@kimgyms1098.com,www.kimgyms1098.com/?utm_source=google,(805) 555-1098,Mobile,1198 Main St,71098,TE,DALLAS,,REF-1098
Davis Restaurants 1099,Linda Smith,Linda,owner1099@davisrestaurants1099.com,www.davisrestaurants1099.com/?utm_source=google,(660) 555-1099,Mobile,1199 Main St,71099,CO,Denver,,REF-1099
Smith Salons 1100,Michael Smith,Priya,owner1100@smithsalons1100.com,www.smithsalons1100.com/?utm_source=google,(418) 555-1100,,1200 Main St,71100,WA,Seattle,1-10,REF-1100
Johnson HVAC Services 1101,Linda Smith,David,owner1101@johnsonhvacservices1101.com,,(862) 555-1101,Mobile,1201 Main St,71101,Florida,Miami,1-10,REF-1101
Brown Salons 1102,David Johnson,David,owner1102@brownsalons1102.com,www.brownsalons1102.com/?utm_source=google,(367) 555-1102,Landline,,71102,AR,phoenix,,REF-1102
Garcia Auto Repair 1103,James Nguyen,Maria,owner1103@garciaautorepair1103.com,www.garciaautorepair1103.com/?utm_source=google,(976) 555-1103,Landline,1203 Main St,71103,Arizona,phoenix,11-50,REF-1103
Garcia Auto Repair 1104,Michael Garcia,Ana,owner1104@garciaautorepair1104.com,www.garciaautorepair1104.com/?utm_source=google,(561) 555-1104,Mobile,1204 Main St,71104,Massachusetts,BOSTON,11-50,REF-1104
Garcia Auto Detailing 1105,Ana Johnson,Linda,owner1105@,www.garciaautodetailing1105.com/?utm_source=google,(975) 555-1105,,1205 Main St,71105,TE,dallas,51-200,REF-1105
Nguyen Auto Repair 1106,Priya Garcia,Linda,owner1106@,www.nguyenautorepair1106.com/?utm_source=google,(706) 555-1106,,1206 Main St,71106,WA,seattle,11-50,REF-1106
Smith Restaurants 1107,James Patel,James,owner1107@smithrestaurants1107.com,www.smithrestaurants1107.com/?utm_source=google,(581) 555-1107,,1207 Main St,71107,Illinois,chicago,51-200,REF-1107
Garcia Auto Repair 1108,Maria Johnson,Priya,owner1108@garciaautorepair1108.com,www.garciaautorepair1108.com/?utm_source=google,(764) 555-1108,,1208 Main St,71108,Arizona,PHOENIX,,REF-1108
Brown Plumbing 1109,David Brown,James,owner1109@brownplumbing1109.com,www.brownplumbing1109.com/?utm_source=google,(256) 555-1109,Landline,1209 Main St,71109,Georgia,ATLANTA,11-50,REF-1109
Brown HVAC Services 1110,David Garcia,Ana,owner1110@brownhvacservices1110.com,,(515) 555-1110,,,71110,Arizona,Phoenix,11-50,REF-1110
Garcia Plumbing 1111,Maria Patel,Maria,owner1111@garciaplumbing1111.com,,(470) 555-1111,Landline,1211 Main St,71111,Arizona,Phoenix,1-10,REF-1111
Nguyen Gyms 1112,Michael Garcia,Michael,,www.nguyengyms1112.com/?utm_source=google,(873) 555-1112,Landline,,71112,TE,Dallas,11-50,REF-1112
Patel HVAC Services 1113,James Johnson,Maria,owner1113@patelhvacservices1113.com,,(802) 555-1113,Mobile,,71113,TE,Dallas,51-200,REF-1113
Garcia Plumbing 1114,Linda Garcia,Ana,owner1114@garciaplumbing1114.com,,(864) 555-1114,,1214 Main St,71114,Washington,SEATTLE,,REF-1114
Johnson Real Estate Agents 1115,Linda Davis,James,owner1115@,www.johnsonrealestateagents1115.com/?utm_source=google,(479) 555-1115,,1215 Main St,71115,Georgia,atlanta,1-10,REF-1115
Nguyen Auto Detailing 1116,David Nguyen,Michael,owner1116@nguyenautodetailing1116.com,www.nguyenautodetailing1116.com/?utm_source=google,(614) 555-1116,,1216 Main St,71116,WA,seattle,1-10,REF-1116
Davis Gyms 1117,Priya Smith,Maria,owner1117@davisgyms1117.com,www.davisgyms1117.com/?utm_source=google,(395) 555-1117,,,71117,Texas,DALLAS,1-10,REF-1117
Nguyen Gyms 1118,James Nguyen,Linda,owner1118@,www.nguyengyms1118.com/?utm_source=google,(948) 555-1118,Mobile,1218 Main St,71118,Texas,Dallas,11-50,REF-1118
Nguyen Auto Repair 1119,James Davis,Maria,owner1119@nguyenautorepair1119.com,www.nguyenautorepair1119.com/?utm_source=google,(657) 555-1119,Mobile,,71119,Illinois,chicago,11-50,REF-1119
Brown HVAC Services 1120,Linda Johnson,Linda,owner1120@brownhvacservices1120.com,www.brownhvacservices1120.com/?utm_source=google,(392) 555-1120,,1220 Main St,71120,Washington,seattle,51-200,REF-1120
Smith Salons 1121,David Kim,Robert,owner1121@smithsalons1121.com,,(261) 555-1121,,1221 Main St,71121,WA,Seattle,51-200,REF-1121
Johnson Auto Repair 1122,Robert Davis,James,owner1122@johnsonautorepair1122.com,www.johnsonautorepair1122.com/?utm_source=google,(980) 555-1122,,,71122,CO,denver,11-50,REF-1122
Nguyen Restaurants 1123,Michael Kim,David,owner1123@nguyenrestaurants1123.com,www.nguyenrestaurants1123.com/?utm_source=google,(691) 555-1123,Mobile,1223 Main St,71123,Massachusetts,Boston,1-10,REF-1123
Nguyen Real Estate Agents 1124,Robert Garcia,Michael,owner1124@nguyenrealestateagents1124.com,www.nguyenrealestateagents1124.com/?utm_source=google,(734) 555-1124,Landline,1224 Main St,71124,WA,SEATTLE,11-50,REF-1124
Garcia HVAC Services 1125,Maria Nguyen,Michael,owner1125@garciahvacservices1125.com,www.garciahvacservices1125.com/?utm_source=google,(450) 555-1125,,1225 Main St,71125,Illinois,CHICAGO,51-200,REF-1125
Johnson Accountants 1126,Ana Davis,Ana,owner1126@johnsonaccountants1126.com,,(398) 555-1126,Mobile,,71126,IL,CHICAGO,51-200,REF-1126
Nguyen Salons 1127,Ana Garcia,David,owner1127@nguyensalons1127.com,www.nguyensalons1127.com/?utm_source=google,(400) 555-1127,Mobile,1227 Main St,71127,CO,denver,51-200,REF-1127
Kim Restaurants 1128,James Garcia,Maria,owner1128@kimrestaurants1128.com,www.kimrestaurants1128.com/?utm_source=google,(340) 555-1128,Mobile,1228 Main St,71128,Florida,Miami,51-200,REF-1128
Garcia HVAC Services 1129,Priya Johnson,Linda,owner1129@garciahvacservices1129.com,www.garciahvacservices1129.com/?utm_source=google,(423) 555-1129,Landline,,71129,TE,Dallas,51-200,REF-1129
Kim Auto Repair 1130,Maria Patel,Linda,owner1130@kimautorepair1130.com,www.kimautorepair1130.com/?utm_source=google,(295) 555-1130,Landline,1230 Main St,71130,Colorado,Denver,51-200,REF-1130
Smith Salons 1131,Priya Nguyen,David,owner1131@smithsalons1131.com,www.smithsalons1131.com/?utm_source=google,(302) 555-1131,Mobile,1231 Main St,71131,Arizona,PHOENIX,11-50,REF-1131
Patel Auto Detailing 1132,Priya Johnson,James,owner1132@patelautodetailing1132.com,www.patelautodetailing1132.com/?utm_source=google,(842) 555-1132,,,71132,WA,Seattle,1-10,REF-1132
Smith Chiropractors 1133,Linda Nguyen,Linda,owner1133@smithchiropractors1133.com,,(671) 555-1133,Mobile,1233 Main St,71133,Georgia,ATLANTA,1-10,REF-1133
Nguyen Auto Detailing 1134,Michael Davis,Robert,owner1134@nguyenautodetailing1134.com,www.nguyenautodetailing1134.com/?utm_source=google,(362) 555-1134,Landline,1234 Main St,71134,Texas,dallas,,REF-1134
Davis Accountants 1135,Robert Nguyen,Maria,,,(311) 555-1135,Landline,,71135,Arizona,phoenix,11-50,REF-1135
Nguyen Real Estate Agents 1136,David Johnson,Priya,owner1136@nguyenrealestateagents1136.com,www.nguyenrealestateagents1136.com/?utm_source=google,(466) 555-1136,,,71136,Arizona,Phoenix,51-200,REF-1136
Kim Salons 1137,Maria Johnson,James,owner1137@kimsalons1137.com,www.kimsalons1137.com/?utm_source=google,(917) 555-1137,,1237 Main St,71137,Washington,SEATTLE,51-200,REF-1137
Smith HVAC Services 1138,Linda Johnson,Linda,owner1138@smithhvacservices1138.com,www.smithhvacservices1138.com/?utm_source=google,(720) 555-1138,,1238 Main St,71138,Arizona,Phoenix,,REF-1138
Brown Plumbing 1139,Robert Johnson,James,owner1139@brownplumbing1139.com,www.brownplumbing1139.com/?utm_source=google,(410) 555-1139,Mobile,1239 Main St,71139,Texas,DALLAS,,REF-1139
Kim Accountants 1140,Maria Patel,Priya,,,(482) 555-1140,Landline,,71140,Arizona,Phoenix,,REF-1140
Patel Auto Detailing 1141,Maria Garcia,Linda,owner1141@,www.patelautodetailing1141.com/?utm_source=google,(300) 555-1141,Landline,1241 Main St,71141,TE,Dallas,,REF-1141
Patel Chiropractors 1142,Maria Brown,Michael,owner1142@patelchiropractors1142.com,www.patelchiropractors1142.com/?utm_source=google,(287) 555-1142,,1242 Main St,71142,FL,miami,51-200,REF-1142
Johnson Accountants 1143,Michael Smith,Ana,owner1143@,www.johnsonaccountants1143.com/?utm_source=google,(241) 555-1143,,1243 Main St,71143,Texas,Dallas,,REF-1143
Nguyen Auto Detailing 1144,Ana Garcia,Ana,owner1144@nguyenautodetailing1144.com,www.nguyenautodetailing1144.com/?utm_source=google,(481) 555-1144,,,71144,CO,DENVER,,REF-1144
Johnson Restaurants 1145,Linda Patel,Ana,owner1145@johnsonrestaurants1145.com,www.johnsonrestaurants1145.com/?utm_source=google,(574) 555-1145,Landline,1245 Main St,71145,WA,SEATTLE,,REF-1145
Kim Accountants 1146,Linda Nguyen,David,,www.kimaccountants1146.com/?utm_source=google,(828) 555-1146,,1246 Main St,71146,IL,Chicago,1-10,REF-1146
Smith Chiropractors 1147,James Garcia,David,owner1147@smithchiropractors1147.com,www.smithchiropractors1147.com/?utm_source=google,(741) 555-1147,Mobile,1247 Main St,71147,Texas,dallas,11-50,REF-1147
Kim Chiropractors 1148,Linda Nguyen,David,owner1148@kimchiropractors1148.com,www.kimchiropractors1148.com/?utm_source=google,(392) 555-1148,,1248 Main St,71148,MA,boston,1-10,REF-1148
Johnson Chiropractors 1149,Michael Johnson,Michael,owner1149@johnsonchiropractors1149.com,www.johnsonchiropractors1149.com/?utm_source=google,(362) 555-1149,Mobile,,71149,TE,DALLAS,1-10,REF-1149
Nguyen Plumbing 1150,Michael Garcia,Priya,,www.nguyenplumbing1150.com/?utm_source=google,(599) 555-1150,Landline,1250 Main St,71150,WA,Seattle,11-50,REF-1150
Smith Plumbing 1151,Linda Patel,Ana,owner1151@smithplumbing1151.com,www.smithplumbing1151.com/?utm_source=google,(391) 555-1151,Landline,,71151,Colorado,DENVER,,REF-1151
Brown Real Estate Agents 1152,Michael Brown,James,owner1152@brownrealestateagents1152.com,www.brownrealestateagents1152.com/?utm_source=google,(948) 555-1152,Mobile,1252 Main St,71152,Washington,seattle,11-50,REF-1152
Smith Chiropractors 1153,Ana Smith,Michael,owner1153@smithchiropractors1153.com,www.smithchiropractors1153.com/?utm_source=google,(258) 555-1153,Landline,,71153,Massachusetts,Boston,11-50,REF-1153
Patel Restaurants 1154,Maria Davis,Linda,owner1154@patelrestaurants1154.com,www.patelrestaurants1154.com/?utm_source=google,(304) 555-1154,Mobile,,71154,CO,DENVER,51-200,REF-1154
Nguyen Auto Repair 1155,Maria Nguyen,Priya,owner1155@nguyenautorepair1155.com,www.nguyenautorepair1155.com/?utm_source=google,(614) 555-1155,,1255 Main St,71155,Illinois,Chicago,51-200,REF-1155
Garcia Auto Detailing 1156,Priya Patel,David,owner1156@garciaautodetailing1156.com,,(712) 555-1156,Landline,1256 Main St,71156,Texas,Dallas,1-10,REF-1156
Smith Restaurants 1157,Ana Davis,Maria,owner1157@smithrestaurants1157.com,www.smithrestaurants1157.com/?utm_source=google,(811) 555-1157,,1257 Main St,71157,Illinois,CHICAGO,51-200,REF-1157
Kim Plumbing 1158,Michael Garcia,David,owner1158@kimplumbing1158.com,www.kimplumbing1158.com/?utm_source=google,(835) 555-1158,,,71158,MA,BOSTON,11-50,REF-1158
Garcia Chiropractors 1159,Maria Garcia,Michael,owner1159@garciachiropractors1159.com,,(499) 555-1159,Mobile,,71159,IL,chicago,,REF-1159
Davis Gyms 1160,Robert Nguyen,Robert,owner1160@davisgyms1160.com,,(662) 555-1160,Landline,1260 Main St,71160,AR,Phoenix,,REF-1160
Brown Salons 1161,David Smith,Ana,owner1161@,www.brownsalons1161.com/?utm_source=google,(545) 555-1161,Mobile,1261 Main St,71161,IL,chicago,51-200,REF-1161
Garcia Auto Detailing 1162,David Smith,James,owner1162@garciaautodetailing1162.com,www.garciaautodetailing1162.com/?utm_source=google,(256) 555-1162,,1262 Main St,71162,TE,dallas,51-200,REF-1162
Smith Gyms 1163,Priya Garcia,Ana,owner1163@smithgyms1163.com,www.smithgyms1163.com/?utm_source=google,(417) 555-1163,Mobile,1263 Main St,71163,Texas,dallas,11-50,REF-1163
Davis Plumbing 1164,Robert Davis,Maria,owner1164@davisplumbing1164.com,www.davisplumbing1164.com/?utm_source=google,(696) 555-1164,Landline,1264 Main St,71164,Illinois,CHICAGO,1-10,REF-1164
Brown Accountants 1165,James Garcia,Linda,owner1165@brownaccountants1165.com,www.brownaccountants1165.com/?utm_source=google,(767) 555-1165,Mobile,1265 Main St,71165,CO,Denver,11-50,REF-1165
Kim Salons 1166,Robert Davis,James,owner1166@kimsalons1166.com,www.kimsalons1166.com/?utm_source=google,(860) 555-1166,Landline,1266 Main St,71166,Georgia,Atlanta,,REF-1166
Smith Plumbing 1167,James Patel,Maria,owner1167@smithplumbing1167.com,www.smithplumbing1167.com/?utm_source=google,(492) 555-1167,,,71167,Massachusetts,BOSTON,51-200,REF-1167
Davis Salons 1168,David Davis,Michael,owner1168@davissalons1168.com,www.davissalons1168.com/?utm_source=google,(857) 555-1168,,1268 Main St,71168,AR,Phoenix,11-50,REF-1168
Davis Chiropractors 1169,Linda Johnson,Ana,owner1169@davischiropractors1169.com,www.davischiropractors1169.com/?utm_source=google,(501) 555-1169,Mobile,1269 Main St,71169,FL,MIAMI,1-10,REF-1169
Garcia Chiropractors 1170,Linda Brown,Robert,owner1170@garciachiropractors1170.com,www.garciachiropractors1170.com/?utm_source=google,(640) 555-1170,Landline,1270 Main St,71170,Georgia,atlanta,,REF-1170
Johnson Accountants 1171,Maria Kim,David,owner1171@johnsonaccountants1171.com,www.johnsonaccountants1171.com/?utm_source=google,(231) 555-1171,,1271 Main St,71171,Massachusetts,boston,1-10,REF-1171
Patel Accountants 1172,Ana Nguyen,Robert,owner1172@patelaccountants1172.com,www.patelaccountants1172.com/?utm_source=google,(774) 555-1172,Mobile,1272 Main St,71172,GE,Atlanta,11-50,REF-1172
Johnson HVAC Services 1173,David Patel,James,owner1173@johnsonhvacservices1173.com,www.johnsonhvacservices1173.com/?utm_source=google,(350) 555-1173,Landline,1273 Main St,71173,TE,DALLAS,1-10,REF-1173
Garcia HVAC Services 1174,David Davis,Ana,owner1174@garciahvacservices1174.com,www.garciahvacservices1174.com/?utm_source=google,(274) 555-1174,Mobile,,71174,CO,denver,,REF-1174
Patel Chiropractors 1175,Maria Brown,Linda,owner1175@patelchiropractors1175.com,www.patelchiropractors1175.com/?utm_source=google,(608) 555-1175,,,71175,GE,ATLANTA,11-50,REF-1175
Johnson Auto Detailing 1176,Linda Smith,James,owner1176@johnsonautodetailing1176.com,www.johnsonautodetailing1176.com/?utm_source=google,(726) 555-1176,Landline,1276 Main St,71176,IL,Chicago,,REF-1176
Nguyen Auto Repair 1177,Linda Patel,James,,,(267) 555-1177,Landline,1277 Main St,71177,WA,Seattle,11-50,REF-1177
Patel Gyms 1178,David Johnson,Linda,,www.patelgyms1178.com/?utm_source=google,(653) 555-1178,,1278 Main St,71178,Texas,Dallas,11-50,REF-1178
Brown Restaurants 1179,Priya Kim,Priya,,www.brownrestaurants1179.com/?utm_source=google,(600) 555-1179,Mobile,,71179,CO,Denver,51-200,REF-1179
Johnson HVAC Services 1180,Maria Kim,Priya,owner1180@johnsonhvacservices1180.com,www.johnsonhvacservices1180.com/?utm_source=google,(248) 555-1180,Mobile,1280 Main St,71180,Arizona,phoenix,,REF-1180
Garcia HVAC Services 1181,Linda Nguyen,Priya,owner1181@garciahvacservices1181.com,www.garciahvacservices1181.com/?utm_source=google,(335) 555-1181,Landline,1281 Main St,71181,Colorado,Denver,11-50,REF-1181
Kim HVAC Services 1182,Maria Kim,James,owner1182@kimhvacservices1182.com,www.kimhvacservices1182.com/?utm_source=google,(368) 555-1182,,,71182,Texas,Dallas,51-200,REF-1182
Davis Auto Repair 1183,Ana Johnson,Priya,owner1183@davisautorepair1183.com,www.davisautorepair1183.com/?utm_source=google,(787) 555-1183,Landline,1283 Main St,71183,Georgia,Atlanta,51-200,REF-1183
Brown Auto Repair 1184,James Johnson,Ana,owner1184@brownautorepair1184.com,,(605) 555-1184,Landline,1284 Main St,71184,Colorado,denver,11-50,REF-1184
Nguyen Salons 1185,Michael Garcia,David,owner1185@nguyensalons1185.com,www.nguyensalons1185.com/?utm_source=google,(310) 555-1185,Mobile,1285 Main St,71185,IL,CHICAGO,1-10,REF-1185
Smith Chiropractors 1186,Maria Kim,Robert,owner1186@smithchiropractors1186.com,,(398) 555-1186,Landline,1286 Main St,71186,TE,Dallas,11-50,REF-1186
Nguyen Real Estate Agents 1187,Linda Nguyen,Maria,owner1187@nguyenrealestateagents1187.com,www.nguyenrealestateagents1187.com/?utm_source=google,(381) 555-1187,,1287 Main St,71187,MA,boston,,REF-1187
Kim Plumbing 1188,James Kim,David,owner1188@kimplumbing1188.com,www.kimplumbing1188.com/?utm_source=google,(321) 555-1188,Landline,1288 Main St,71188,Georgia,atlanta,51-200,REF-1188
Johnson Restaurants 1189,James Patel,James,owner1189@johnsonrestaurants1189.com,www.johnsonrestaurants1189.com/?utm_source=google,(347) 555-1189,Mobile,1289 Main St,71189,Washington,Seattle,1-10,REF-1189
Johnson Plumbing 1190,David Patel,James,,www.johnsonplumbing1190.com/?utm_source=google,(752) 555-1190,Landline,1290 Main St,71190,FL,miami,1-10,REF-1190
Garcia Auto Repair 1191,Robert Patel,David,owner1191@garciaautorepair1191.com,www.garciaautorepair1191.com/?utm_source=google,(973) 555-1191,,1291 Main St,71191,AR,Phoenix,51-200,REF-1191
Smith Gyms 1192,Robert Smith,Ana,owner1192@smithgyms1192.com,www.smithgyms1192.com/?utm_source=google,(819) 555-1192,,1292 Main St,71192,CO,DENVER,11-50,REF-1192
Johnson Accountants 1193,Ana Garcia,Maria,owner1193@johnsonaccountants1193.com,www.johnsonaccountants1193.com/?utm_source=google,(662) 555-1193,,1293 Main St,71193,CO,Denver,51-200,REF-1193
Johnson Auto Repair 1194,David Kim,David,owner1194@johnsonautorepair1194.com,www.johnsonautorepair1194.com/?utm_source=google,(752) 555-1194,,,71194,FL,miami,51-200,REF-1194
Kim Auto Repair 1195,Priya Davis,Robert,owner1195@kimautorepair1195.com,www.kimautorepair1195.com/?utm_source=google,(788) 555-1195,Landline,1295 Main St,71195,Texas,Dallas,11-50,REF-1195
Kim Accountants 1196,James Patel,James,owner1196@kimaccountants1196.com,www.kimaccountants1196.com/?utm_source=google,(390) 555-1196,,1296 Main St,71196,Georgia,atlanta,,REF-1196
Patel Salons 1197,David Davis,Ana,owner1197@patelsalons1197.com,www.patelsalons1197.com/?utm_source=google,(782) 555-1197,Mobile,,71197,Illinois,Chicago,11-50,REF-1197
Patel Accountants 1198,Michael Brown,Robert,owner1198@patelaccountants1198.com,www.patelaccountants1198.com/?utm_source=google,(602) 555-1198,Landline,1298 Main St,71198,Arizona,Phoenix,11-50,REF-1198
Johnson Gyms 1199,Robert Brown,David,owner1199@johnsongyms1199.com,www.johnsongyms1199.com/?utm_source=google,(427) 555-1199,Mobile,1299 Main St,71199,Colorado,denver,51-200,REF-1199
Garcia Chiropractors 1200,Ana Johnson,Ana,owner1200@garciachiropractors1200.com,www.garciachiropractors1200.com/?utm_source=google,(694) 555-1200,Mobile,1300 Main St,71200,CO,denver,1-10,REF-1200
Davis Gyms 1201,Linda Nguyen,Ana,owner1201@davisgyms1201.com,www.davisgyms1201.com/?utm_source=google,(902) 555-1201,Landline,,71201,Arizona,PHOENIX,51-200,REF-1201
Smith Plumbing 1202,Priya Brown,David,owner1202@smithplumbing1202.com,www.smithplumbing1202.com/?utm_source=google,(772) 555-1202,Landline,,71202,FL,miami,11-50,REF-1202
Smith Salons 1203,Maria Garcia,Maria,owner1203@smithsalons1203.com,www.smithsalons1203.com/?utm_source=google,(813) 555-1203,Landline,,71203,Georgia,ATLANTA,11-50,REF-1203
Brown Gyms 1204,Maria Patel,Linda,owner1204@browngyms1204.com,www.browngyms1204.com/?utm_source=google,(290) 555-1204,Landline,,71204,Georgia,atlanta,11-50,REF-1204
Nguyen Restaurants 1205,Ana Nguyen,David,owner1205@nguyenrestaurants1205.com,www.nguyenrestaurants1205.com/?utm_source=google,(737) 555-1205,Mobile,,71205,TE,dallas,11-50,REF-1205
Brown Auto Detailing 1206,Robert Garcia,Michael,owner1206@brownautodetailing1206.com,www.brownautodetailing1206.com/?utm_source=google,(289) 555-1206,Mobile,1306 Main St,71206,Illinois,chicago,51-200,REF-1206
Kim Gyms 1207,Robert Kim,James,owner1207@kimgyms1207.com,www.kimgyms1207.com/?utm_source=google,(332) 555-1207,Mobile,1307 Main St,71207,TE,dallas,1-10,REF-1207
Davis Chiropractors 1208,Ana Davis,Priya,owner1208@davischiropractors1208.com,www.davischiropractors1208.com/?utm_source=google,(486) 555-1208,Landline,1308 Main St,71208,Florida,miami,11-50,REF-1208
Brown Accountants 1209,Ana Davis,Ana,owner1209@brownaccountants1209.com,www.brownaccountants1209.com/?utm_source=google,(524) 555-1209,,1309 Main St,71209,FL,Miami,1-10,REF-1209
Garcia Salons 1210,David Patel,James,owner1210@garciasalons1210.com,,(206) 555-1210,Mobile,,71210,TE,dallas,1-10,REF-1210
Garcia Gyms 1211,Robert Garcia,Ana,owner1211@garciagyms1211.com,www.garciagyms1211.com/?utm_source=google,(270) 555-1211,Mobile,,71211,GE,atlanta,,REF-1211
Davis Accountants 1212,Robert Garcia,Michael,owner1212@davisaccountants1212.com,www.davisaccountants1212.com/?utm_source=google,(732) 555-1212,,1312 Main St,71212,GE,ATLANTA,51-200,REF-1212
Nguyen Chiropractors 1213,Priya Brown,David,owner1213@nguyenchiropractors1213.com,,(206) 555-1213,Mobile,1313 Main St,71213,Massachusetts,boston,11-50,REF-1213
Nguyen Restaurants 1214,Robert Garcia,Robert,owner1214@nguyenrestaurants1214.com,,(264) 555-1214,Mobile,,71214,Texas,DALLAS,,REF-1214
Smith Salons 1215,James Garcia,Linda,owner1215@smithsalons1215.com,www.smithsalons1215.com/?utm_source=google,(701) 555-1215,Mobile,,71215,TE,dallas,,REF-1215
Kim Accountants 1216,Maria Kim,Robert,owner1216@kimaccountants1216.com,www.kimaccountants1216.com/?utm_source=google,(558) 555-1216,Landline,1316 Main St,71216,AR,PHOENIX,11-50,REF-1216
Kim Accountants 1217,Robert Smith,Ana,owner1217@,,(292) 555-1217,,1317 Main St,71217,CO,denver,1-10,REF-1217
Smith Auto Repair 1218,Robert Kim,Maria,owner1218@smithautorepair1218.com,www.smithautorepair1218.com/?utm_source=google,(379) 555-1218,Mobile,1318 Main St,71218,Washington,Seattle,51-200,REF-1218
Smith Restaurants 1219,Robert Johnson,Linda,owner1219@smithrestaurants1219.com,www.smithrestaurants1219.com/?utm_source=google,(375) 555-1219,Mobile,1319 Main St,71219,AR,PHOENIX,,REF-1219
Johnson Salons 1220,Robert Patel,Ana,owner1220@johnsonsalons1220.com,www.johnsonsalons1220.com/?utm_source=google,(450) 555-1220,,1320 Main St,71220,Georgia,atlanta,11-50,REF-1220
Garcia Salons 1221,Priya Kim,Linda,owner1221@garciasalons1221.com,,(602) 555-1221,Landline,,71221,Washington,SEATTLE,11-50,REF-1221
Kim Salons 1222,Maria Johnson,Priya,owner1222@kimsalons1222.com,www.kimsalons1222.com/?utm_source=google,(796) 555-1222,Landline,,71222,Colorado,denver,,REF-1222
Patel Chiropractors 1223,Priya Kim,Maria,owner1223@patelchiropractors1223.com,www.patelchiropractors1223.com/?utm_source=google,(924) 555-1223,Landline,,71223,Illinois,Chicago,1-10,REF-1223
Johnson Auto Detailing 1224,David Smith,Linda,owner1224@johnsonautodetailing1224.com,,(245) 555-1224,Landline,1324 Main St,71224,TE,DALLAS,51-200,REF-1224
Patel Accountants 1225,Ana Patel,Robert,owner1225@patelaccountants1225.com,www.patelaccountants1225.com/?utm_source=google,(747) 555-1225,Landline,1325 Main St,71225,Massachusetts,Boston,,REF-1225
Nguyen Salons 1226,Maria Patel,Maria,owner1226@nguyensalons1226.com,www.nguyensalons1226.com/?utm_source=google,(555) 555-1226,Mobile,1326 Main St,71226,Colorado,Denver,1-10,REF-1226
Patel Gyms 1227,Maria Brown,Linda,owner1227@patelgyms1227.com,www.patelgyms1227.com/?utm_source=google,(869) 555-1227,,1327 Main St,71227,Arizona,PHOENIX,1-10,REF-1227
Kim Auto Detailing 1228,Priya Garcia,Maria,,,(249) 555-1228,,,71228,Washington,Seattle,1-10,REF-1228
Kim Chiropractors 1229,Robert Smith,Maria,owner1229@kimchiropractors1229.com,www.kimchiropractors1229.com/?utm_source=google,(963) 555-1229,,,71229,Texas,dallas,51-200,REF-1229
Johnson Auto Repair 1230,James Kim,Robert,,www.johnsonautorepair1230.com/?utm_source=google,(877) 555-1230,,1330 Main St,71230,AR,Phoenix,1-10,REF-1230
Smith Gyms 1231,Linda Davis,David,owner1231@smithgyms1231.com,www.smithgyms1231.com/?utm_source=google,(749) 555-1231,Mobile,1331 Main St,71231,GE,ATLANTA,11-50,REF-1231
Johnson Accountants 1232,Michael Johnson,Maria,owner1232@johnsonaccountants1232.com,,(223) 555-1232,,1332 Main St,71232,Texas,dallas,,REF-1232
Johnson Gyms 1233,Michael Davis,Robert,owner1233@,,(805) 555-1233,Mobile,1333 Main St,71233,FL,miami,51-200,REF-1233
Nguyen Auto Repair 1234,Ana Johnson,Priya,owner1234@nguyenautorepair1234.com,www.nguyenautorepair1234.com/?utm_source=google,(299) 555-1234,Mobile,1334 Main St,71234,Illinois,Chicago,11-50,REF-1234
Patel Restaurants 1235,Ana Davis,Michael,owner1235@patelrestaurants1235.com,www.patelrestaurants1235.com/?utm_source=google,(333) 555-1235,Mobile,1335 Main St,71235,WA,Seattle,1-10,REF-1235
Kim Auto Detailing 1236,David Garcia,Ana,owner1236@kimautodetailing1236.com,www.kimautodetailing1236.com/?utm_source=google,(690) 555-1236,Mobile,1336 Main St,71236,AR,Phoenix,1-10,REF-1236
Kim Gyms 1237,Maria Davis,David,owner1237@kimgyms1237.com,www.kimgyms1237.com/?utm_source=google,(222) 555-1237,Landline,,71237,Illinois,chicago,,REF-1237
Brown Plumbing 1238,Robert Smith,Linda,owner1238@brownplumbing1238.com,www.brownplumbing1238.com/?utm_source=google,(492) 555-1238,Mobile,,71238,Florida,Miami,11-50,REF-1238
Kim HVAC Services 1239,Michael Garcia,Ana,owner1239@kimhvacservices1239.com,www.kimhvacservices1239.com/?utm_source=google,(893) 555-1239,Landline,1339 Main St,71239,MA,Boston,1-10,REF-1239
Garcia Salons 1240,Michael Kim,David,owner1240@,,(245) 555-1240,,,71240,Massachusetts,BOSTON,,REF-1240
Smith Auto Detailing 1241,David Nguyen,Maria,owner1241@smithautodetailing1241.com,www.smithautodetailing1241.com/?utm_source=google,(482) 555-1241,Mobile,1341 Main St,71241,GE,ATLANTA,,REF-1241
Garcia Accountants 1242,Ana Kim,Maria,owner1242@garciaaccountants1242.com,,(231) 555-1242,,,71242,IL,CHICAGO,,REF-1242
Nguyen Real Estate Agents 1243,David Kim,Maria,owner1243@nguyenrealestateagents1243.com,www.nguyenrealestateagents1243.com/?utm_source=google,(673) 555-1243,,,71243,Texas,Dallas,11-50,REF-1243
Kim Plumbing 1244,David Johnson,Maria,owner1244@kimplumbing1244.com,www.kimplumbing1244.com/?utm_source=google,(225) 555-1244,Mobile,1344 Main St,71244,Colorado,denver,11-50,REF-1244
Davis Real Estate Agents 1245,Priya Smith,Linda,owner1245@davisrealestateagents1245.com,,(205) 555-1245,Landline,,71245,Washington,SEATTLE,51-200,REF-1245
Brown Chiropractors 1246,David Davis,Robert,owner1246@brownchiropractors1246.com,,(799) 555-1246,Mobile,1346 Main St,71246,Massachusetts,BOSTON,51-200,REF-1246
Smith Auto Detailing 1247,David Davis,David,owner1247@smithautodetailing1247.com,,(538) 555-1247,,1347 Main St,71247,Illinois,Chicago,,REF-1247
Kim Real Estate Agents 1248,Michael Smith,James,owner1248@,www.kimrealestateagents1248.com/?utm_source=google,(468) 555-1248,,,71248,Massachusetts,BOSTON,11-50,REF-1248
Patel Gyms 1249,Maria Patel,Robert,owner1249@patelgyms1249.com,,(825) 555-1249,,1349 Main St,71249,IL,CHICAGO,51-200,REF-1249
Nguyen HVAC Services 1250,Linda Kim,Priya,owner1250@nguyenhvacservices1250.com,www.nguyenhvacservices1250.com/?utm_source=google,(624) 555-1250,Landline,1350 Main St,71250,MA,Boston,51-200,REF-1250
Johnson HVAC Services 1251,Michael Smith,Priya,owner1251@johnsonhvacservices1251.com,www.johnsonhvacservices1251.com/?utm_source=google,(472) 555-1251,Mobile,,71251,Texas,dallas,51-200,REF-1251
Brown Chiropractors 1252,Maria Kim,James,owner1252@brownchiropractors1252.com,,(470) 555-1252,Mobile,1352 Main St,71252,Georgia,Atlanta,1-10,REF-1252
Kim Real Estate Agents 1253,Robert Garcia,Maria,owner1253@kimrealestateagents1253.com,www.kimrealestateagents1253.com/?utm_source=google,(362) 555-1253,,1353 Main St,71253,Illinois,CHICAGO,11-50,REF-1253
Nguyen Auto Repair 1254,Priya Johnson,Maria,owner1254@nguyenautorepair1254.com,,(655) 555-1254,Mobile,1354 Main St,71254,TE,DALLAS,,REF-1254
Brown Auto Repair 1255,Robert Johnson,Maria,owner1255@brownautorepair1255.com,www.brownautorepair1255.com/?utm_source=google,(564) 555-1255,,1355 Main St,71255,Washington,SEATTLE,51-200,REF-1255
Kim Accountants 1256,Robert Smith,James,owner1256@kimaccountants1256.com,www.kimaccountants1256.com/?utm_source=google,(247) 555-1256,Landline,1356 Main St,71256,FL,MIAMI,,REF-1256
Davis Chiropractors 1257,Michael Davis,Maria,owner1257@davischiropractors1257.com,www.davischiropractors1257.com/?utm_source=google,(884) 555-1257,Mobile,1357 Main St,71257,GE,ATLANTA,11-50,REF-1257
Johnson Chiropractors 1258,David Kim,James,owner1258@johnsonchiropractors1258.com,www.johnsonchiropractors1258.com/?utm_source=google,(802) 555-1258,Landline,,71258,Washington,seattle,,REF-1258
Garcia Gyms 1259,James Kim,Linda,owner1259@garciagyms1259.com,,(490) 555-1259,,1359 Main St,71259,Washington,seattle,51-200,REF-1259
Kim Plumbing 1260,David Johnson,Michael,owner1260@kimplumbing1260.com,www.kimplumbing1260.com/?utm_source=google,(819) 555-1260,Landline,1360 Main St,71260,TE,DALLAS,51-200,REF-1260
Brown HVAC Services 1261,David Smith,Michael,owner1261@brownhvacservices1261.com,www.brownhvacservices1261.com/?utm_source=google,(519) 555-1261,Mobile,,71261,Georgia,Atlanta,11-50,REF-1261
Johnson Auto Repair 1262,Ana Nguyen,David,owner1262@,www.johnsonautorepair1262.com/?utm_source=google,(759) 555-1262,Mobile,,71262,Washington,seattle,51-200,REF-1262
Smith Accountants 1263,Robert Brown,David,owner1263@smithaccountants1263.com,www.smithaccountants1263.com/?utm_source=google,(970) 555-1263,,1363 Main St,71263,Georgia,atlanta,,REF-1263
Garcia Gyms 1264,Linda Garcia,Linda,owner1264@garciagyms1264.com,www.garciagyms1264.com/?utm_source=google,(973) 555-1264,,1364 Main St,71264,Texas,Dallas,51-200,REF-1264
Nguyen Auto Repair 1265,David Smith,Ana,owner1265@nguyenautorepair1265.com,,(454) 555-1265,Mobile,1365 Main St,71265,GE,ATLANTA,,REF-1265
Smith HVAC Services 1266,Ana Brown,Michael,owner1266@smithhvacservices1266.com,www.smithhvacservices1266.com/?utm_source=google,(468) 555-1266,Mobile,1366 Main St,71266,FL,miami,,REF-1266
Brown Restaurants 1267,David Davis,Maria,,www.brownrestaurants1267.com/?utm_source=google,(958) 555-1267,Landline,1367 Main St,71267,Colorado,DENVER,1-10,REF-1267
Smith Salons 1268,Priya Johnson,Maria,owner1268@smithsalons1268.com,www.smithsalons1268.com/?utm_source=google,(653) 555-1268,Landline,1368 Main St,71268,Illinois,Chicago,11-50,REF-1268
Davis Gyms 1269,Michael Davis,Linda,owner1269@davisgyms1269.com,www.davisgyms1269.com/?utm_source=google,(795) 555-1269,Landline,1369 Main St,71269,AR,phoenix,51-200,REF-1269
Garcia Gyms 1270,Michael Patel,James,owner1270@garciagyms1270.com,,(828) 555-1270,Mobile,1370 Main St,71270,Colorado,Denver,51-200,REF-1270
Davis Plumbing 1271,James Patel,Maria,owner1271@davisplumbing1271.com,,(280) 555-1271,Landline,1371 Main St,71271,Georgia,Atlanta,51-200,REF-1271
Patel Restaurants 1272,Robert Garcia,Michael,owner1272@patelrestaurants1272.com,www.patelrestaurants1272.com/?utm_source=google,(813) 555-1272,Mobile,1372 Main St,71272,Washington,Seattle,,REF-1272
Johnson Gyms 1273,Michael Johnson,James,owner1273@johnsongyms1273.com,www.johnsongyms1273.com/?utm_source=google,(585) 555-1273,Landline,1373 Main St,71273,CO,DENVER,51-200,REF-1273
Davis HVAC Services 1274,David Brown,Robert,,,(518) 555-1274,Landline,1374 Main St,71274,MA,boston,51-200,REF-1274
Kim Plumbing 1275,Michael Patel,Linda,owner1275@kimplumbing1275.com,,(718) 555-1275,,,71275,Illinois,Chicago,11-50,REF-1275
Davis Salons 1276,Robert Davis,Ana,owner1276@davissalons1276.com,www.davissalons1276.com/?utm_source=google,(255) 555-1276,Mobile,1376 Main St,71276,WA,SEATTLE,11-50,REF-1276
Smith Restaurants 1277,David Johnson,Robert,owner1277@smithrestaurants1277.com,,(355) 555-1277,Landline,,71277,IL,chicago,51-200,REF-1277
Davis Real Estate Agents 1278,Ana Garcia,David,owner1278@,,(280) 555-1278,Mobile,,71278,Colorado,Denver,11-50,REF-1278
Davis Accountants 1279,James Smith,Maria,owner1279@davisaccountants1279.com,www.davisaccountants1279.com/?utm_source=google,(728) 555-1279,Landline,1379 Main St,71279,CO,DENVER,1-10,REF-1279
Johnson Restaurants 1280,Ana Kim,James,owner1280@johnsonrestaurants1280.com,www.johnsonrestaurants1280.com/?utm_source=google,(479) 555-1280,Landline,,71280,TE,dallas,1-10,REF-1280
Johnson HVAC Services 1281,Robert Smith,Linda,owner1281@johnsonhvacservices1281.com,www.johnsonhvacservices1281.com/?utm_source=google,(434) 555-1281,,1381 Main St,71281,TE,dallas,1-10,REF-1281
Davis HVAC Services 1282,James Kim,Ana,owner1282@davishvacservices1282.com,www.davishvacservices1282.com/?utm_source=google,(850) 555-1282,Mobile,1382 Main St,71282,FL,MIAMI,1-10,REF-1282
Garcia Salons 1283,Linda Patel,Michael,owner1283@garciasalons1283.com,www.garciasalons1283.com/?utm_source=google,(970) 555-1283,Landline,,71283,AR,phoenix,11-50,REF-1283
Kim Plumbing 1284,Robert Nguyen,Maria,owner1284@kimplumbing1284.com,,(398) 555-1284,Mobile,1384 Main St,71284,CO,denver,51-200,REF-1284
Kim Gyms 1285,David Nguyen,Linda,owner1285@kimgyms1285.com,www.kimgyms1285.com/?utm_source=google,(860) 555-1285,,1385 Main St,71285,Texas,dallas,1-10,REF-1285
Davis Auto Detailing 1286,Maria Kim,Ana,owner1286@davisautodetailing1286.com,www.davisautodetailing1286.com/?utm_source=google,(870) 555-1286,,,71286,Georgia,ATLANTA,51-200,REF-1286
Brown Restaurants 1287,Linda Smith,David,owner1287@brownrestaurants1287.com,www.brownrestaurants1287.com/?utm_source=google,(435) 555-1287,Landline,1387 Main St,71287,Illinois,chicago,1-10,REF-1287
Brown Plumbing 1288,Maria Garcia,David,,www.brownplumbing1288.com/?utm_source=google,(717) 555-1288,Landline,1388 Main St,71288,Georgia,atlanta,11-50,REF-1288
Brown Chiropractors 1289,Ana Brown,Michael,owner1289@brownchiropractors1289.com,www.brownchiropractors1289.com/?utm_source=google,(744) 555-1289,Mobile,1389 Main St,71289,CO,DENVER,,REF-1289
Kim Real Estate Agents 1290,Maria Smith,Ana,owner1290@kimrealestateagents1290.com,www.kimrealestateagents1290.com/?utm_source=google,(810) 555-1290,Mobile,,71290,GE,ATLANTA,11-50,REF-1290
Davis Accountants 1291,Robert Smith,Michael,owner1291@davisaccountants1291.com,www.davisaccountants1291.com/?utm_source=google,(522) 555-1291,Landline,1391 Main St,71291,Washington,seattle,,REF-1291
Johnson Salons 1292,Linda Smith,Maria,owner1292@johnsonsalons1292.com,www.johnsonsalons1292.com/?utm_source=google,(812) 555-1292,,1392 Main St,71292,MA,BOSTON,11-50,REF-1292
Johnson Chiropractors 1293,Linda Kim,Robert,owner1293@johnsonchiropractors1293.com,www.johnsonchiropractors1293.com/?utm_source=google,(443) 555-1293,,1393 Main St,71293,Colorado,Denver,51-200,REF-1293
Johnson Auto Detailing 1294,Linda Johnson,James,owner1294@johnsonautodetailing1294.com,www.johnsonautodetailing1294.com/?utm_source=google,(770) 555-1294,Mobile,,71294,Washington,Seattle,,REF-1294
Nguyen Auto Detailing 1295,James Smith,Maria,owner1295@,www.nguyenautodetailing1295.com/?utm_source=google,(595) 555-1295,Landline,1395 Main St,71295,Arizona,Phoenix,,REF-1295
Davis Accountants 1296,Maria Brown,Linda,owner1296@,www.davisaccountants1296.com/?utm_source=google,(295) 555-1296,Landline,,71296,Massachusetts,BOSTON,11-50,REF-1296
Garcia Plumbing 1297,James Kim,Michael,owner1297@garciaplumbing1297.com,www.garciaplumbing1297.com/?utm_source=google,(969) 555-1297,,1397 Main St,71297,Georgia,atlanta,11-50,REF-1297
Garcia HVAC Services 1298,Linda Smith,Priya,,www.garciahvacservices1298.com/?utm_source=google,(613) 555-1298,Mobile,,71298,FL,miami,51-200,REF-1298
Patel Real Estate Agents 1299,James Davis,David,,www.patelrealestateagents1299.com/?utm_source=google,(884) 555-1299,Landline,1399 Main St,71299,Texas,Dallas,,REF-1299
Brown HVAC Services 1300,Maria Nguyen,Michael,owner1300@brownhvacservices1300.com,,(657) 555-1300,,1400 Main St,71300,FL,MIAMI,11-50,REF-1300
Smith Gyms 1301,James Patel,Linda,owner1301@smithgyms1301.com,www.smithgyms1301.com/?utm_source=google,(761) 555-1301,Mobile,,71301,Massachusetts,boston,51-200,REF-1301
Kim Chiropractors 1302,Linda Davis,Maria,owner1302@kimchiropractors1302.com,www.kimchiropractors1302.com/?utm_source=google,(898) 555-1302,,1402 Main St,71302,Washington,seattle,,REF-1302
Johnson Plumbing 1303,Maria Kim,David,owner1303@johnsonplumbing1303.com,,(808) 555-1303,Mobile,,71303,Washington,Seattle,51-200,REF-1303
Johnson Plumbing 1304,Michael Garcia,James,owner1304@johnsonplumbing1304.com,www.johnsonplumbing1304.com/?utm_source=google,(785) 555-1304,Landline,1404 Main St,71304,Massachusetts,boston,11-50,REF-1304
Garcia Plumbing 1305,Priya Brown,Maria,owner1305@garciaplumbing1305.com,www.garciaplumbing1305.com/?utm_source=google,(341) 555-1305,Landline,,71305,Florida,Miami,,REF-1305
Brown Accountants 1306,David Johnson,David,,www.brownaccountants1306.com/?utm_source=google,(366) 555-1306,Mobile,1406 Main St,71306,AR,phoenix,,REF-1306
Brown Real Estate Agents 1307,Ana Brown,Robert,owner1307@brownrealestateagents1307.com,,(766) 555-1307,Landline,1407 Main St,71307,IL,chicago,,REF-1307
Johnson Plumbing 1308,Robert Johnson,Ana,,www.johnsonplumbing1308.com/?utm_source=google,(200) 555-1308,,1408 Main St,71308,Washington,Seattle,51-200,REF-1308
Davis Restaurants 1309,James Kim,Robert,owner1309@davisrestaurants1309.com,www.davisrestaurants1309.com/?utm_source=google,(339) 555-1309,Landline,1409 Main St,71309,FL,Miami,1-10,REF-1309
Brown Accountants 1310,Maria Kim,Robert,,,(468) 555-1310,,1410 Main St,71310,Florida,Miami,51-200,REF-1310
Patel Auto Repair 1311,Maria Smith,Ana,,www.patelautorepair1311.com/?utm_source=google,(856) 555-1311,,1411 Main St,71311,Washington,Seattle,,REF-1311
Smith Gyms 1312,Priya Garcia,Maria,owner1312@smithgyms1312.com,www.smithgyms1312.com/?utm_source=google,(637) 555-1312,Mobile,1412 Main St,71312,Florida,MIAMI,11-50,REF-1312
Smith Restaurants 1313,Robert Nguyen,James,owner1313@smithrestaurants1313.com,,(272) 555-1313,Landline,1413 Main St,71313,Massachusetts,Boston,51-200,REF-1313
Brown Salons 1314,Ana Brown,Linda,owner1314@brownsalons1314.com,www.brownsalons1314.com/?utm_source=google,(344) 555-1314,,1414 Main St,71314,TE,DALLAS,1-10,REF-1314
Johnson HVAC Services 1315,Michael Kim,Maria,owner1315@johnsonhvacservices1315.com,www.johnsonhvacservices1315.com/?utm_source=google,(950) 555-1315,Mobile,1415 Main St,71315,Florida,miami,1-10,REF-1315
Nguyen Salons 1316,Maria Smith,Michael,owner1316@nguyensalons1316.com,www.nguyensalons1316.com/?utm_source=google,(357) 555-1316,Landline,1416 Main St,71316,TE,Dallas,1-10,REF-1316
Brown Auto Repair 1317,Ana Kim,Michael,owner1317@brownautorepair1317.com,www.brownautorepair1317.com/?utm_source=google,(447) 555-1317,Landline,1417 Main St,71317,Massachusetts,boston,,REF-1317
Davis HVAC Services 1318,David Kim,Linda,,www.davishvacservices1318.com/?utm_source=google,(424) 555-1318,,1418 Main St,71318,CO,DENVER,1-10,REF-1318
Johnson Accountants 1319,Linda Davis,Michael,owner1319@johnsonaccountants1319.com,www.johnsonaccountants1319.com/?utm_source=google,(341) 555-1319,,,71319,CO,Denver,51-200,REF-1319
Smith Real Estate Agents 1320,Priya Patel,Ana,owner1320@smithrealestateagents1320.com,,(606) 555-1320,Mobile,,71320,Colorado,DENVER,,REF-1320
Patel Gyms 1321,Ana Garcia,James,owner1321@patelgyms1321.com,www.patelgyms1321.com/?utm_source=google,(916) 555-1321,Landline,1421 Main St,71321,Illinois,Chicago,,REF-1321
Kim Auto Repair 1322,David Garcia,James,owner1322@kimautorepair1322.com,,(502) 555-1322,,1422 Main St,71322,TE,Dallas,1-10,REF-1322
Davis Chiropractors 1323,Ana Nguyen,Ana,owner1323@davischiropractors1323.com,www.davischiropractors1323.com/?utm_source=google,(474) 555-1323,,1423 Main St,71323,Illinois,Chicago,,REF-1323
Kim Chiropractors 1324,Ana Smith,James,owner1324@kimchiropractors1324.com,,(627) 555-1324,,1424 Main St,71324,Arizona,phoenix,,REF-1324
Johnson Plumbing 1325,Ana Brown,Priya,owner1325@johnsonplumbing1325.com,www.johnsonplumbing1325.com/?utm_source=google,(832) 555-1325,Landline,,71325,GE,Atlanta,51-200,REF-1325
Nguyen Auto Repair 1326,Priya Smith,Ana,owner1326@nguyenautorepair1326.com,www.nguyenautorepair1326.com/?utm_source=google,(804) 555-1326,,1426 Main St,71326,Massachusetts,Boston,,REF-1326
Davis Auto Detailing 1327,Linda Brown,James,owner1327@davisautodetailing1327.com,www.davisautodetailing1327.com/?utm_source=google,(792) 555-1327,Mobile,,71327,IL,Chicago,,REF-1327
Smith Restaurants 1328,Michael Garcia,Maria,owner1328@smithrestaurants1328.com,www.smithrestaurants1328.com/?utm_source=google,(841) 555-1328,,1428 Main St,71328,Washington,SEATTLE,11-50,REF-1328
Patel Gyms 1329,Linda Patel,Ana,owner1329@patelgyms1329.com,,(570) 555-1329,Landline,,71329,Arizona,phoenix,51-200,REF-1329
Smith Gyms 1330,David Smith,Maria,owner1330@smithgyms1330.com,www.smithgyms1330.com/?utm_source=google,(934) 555-1330,Landline,1430 Main St,71330,Illinois,CHICAGO,1-10,REF-1330
Johnson Real Estate Agents 1331,Linda Nguyen,Michael,owner1331@johnsonrealestateagents1331.com,www.johnsonrealestateagents1331.com/?utm_source=google,(915) 555-1331,Landline,1431 Main St,71331,Colorado,Denver,51-200,REF-1331
Davis Real Estate Agents 1332,Robert Patel,Ana,owner1332@davisrealestateagents1332.com,,(364) 555-1332,,1432 Main St,71332,Massachusetts,Boston,51-200,REF-1332
Patel Restaurants 1333,David Johnson,Michael,owner1333@patelrestaurants1333.com,,(750) 555-1333,Landline,,71333,Washington,SEATTLE,1-10,REF-1333
Nguyen Gyms 1334,Michael Patel,Maria,owner1334@nguyengyms1334.com,,(954) 555-1334,Mobile,1434 Main St,71334,AR,PHOENIX,,REF-1334
Smith Plumbing 1335,David Brown,Linda,owner1335@smithplumbing1335.com,,(319) 555-1335,Mobile,1435 Main St,71335,GE,Atlanta,1-10,REF-1335
Brown Gyms 1336,Ana Kim,Ana,owner1336@browngyms1336.com,www.browngyms1336.com/?utm_source=google,(776) 555-1336,,1436 Main St,71336,IL,chicago,1-10,REF-1336
Davis Auto Repair 1337,David Smith,Linda,owner1337@davisautorepair1337.com,www.davisautorepair1337.com/?utm_source=google,(446) 555-1337,Landline,1437 Main St,71337,Arizona,Phoenix,1-10,REF-1337
Patel Real Estate Agents 1338,Maria Brown,Priya,owner1338@patelrealestateagents1338.com,www.patelrealestateagents1338.com/?utm_source=google,(225) 555-1338,,1438 Main St,71338,Florida,miami,,REF-1338
Johnson Auto Repair 1339,James Johnson,Linda,owner1339@johnsonautorepair1339.com,www.johnsonautorepair1339.com/?utm_source=google,(372) 555-1339,Mobile,1439 Main St,71339,Florida,Miami,11-50,REF-1339
Kim Accountants 1340,Ana Garcia,David,owner1340@kimaccountants1340.com,,(314) 555-1340,,1440 Main St,71340,TE,dallas,,REF-1340
Kim Gyms 1341,Priya Johnson,Maria,owner1341@kimgyms1341.com,www.kimgyms1341.com/?utm_source=google,(729) 555-1341,Mobile,1441 Main St,71341,FL,Miami,51-200,REF-1341
Garcia Accountants 1342,David Johnson,Priya,owner1342@garciaaccountants1342.com,www.garciaaccountants1342.com/?utm_source=google,(721) 555-1342,Landline,1442 Main St,71342,GE,Atlanta,,REF-1342
Johnson Accountants 1343,Priya Johnson,James,owner1343@johnsonaccountants1343.com,,(764) 555-1343,Mobile,1443 Main St,71343,Arizona,PHOENIX,1-10,REF-1343
Smith Chiropractors 1344,Michael Brown,Priya,owner1344@smithchiropractors1344.com,www.smithchiropractors1344.com/?utm_source=google,(870) 555-1344,Mobile,1444 Main St,71344,Arizona,Phoenix,51-200,REF-1344
Smith Plumbing 1345,James Johnson,James,owner1345@smithplumbing1345.com,www.smithplumbing1345.com/?utm_source=google,(251) 555-1345,Landline,1445 Main St,71345,Georgia,Atlanta,1-10,REF-1345
Kim Chiropractors 1346,Robert Garcia,Linda,owner1346@kimchiropractors1346.com,www.kimchiropractors1346.com/?utm_source=google,(398) 555-1346,Mobile,1446 Main St,71346,Massachusetts,BOSTON,,REF-1346
Smith HVAC Services 1347,David Nguyen,James,owner1347@smithhvacservices1347.com,www.smithhvacservices1347.com/?utm_source=google,(258) 555-1347,Landline,1447 Main St,71347,Florida,miami,51-200,REF-1347
Davis Real Estate Agents 1348,Maria Nguyen,Robert,owner1348@davisrealestateagents1348.com,www.davisrealestateagents1348.com/?utm_source=google,(900) 555-1348,Mobile,1448 Main St,71348,Florida,miami,,REF-1348
Davis Real Estate Agents 1349,James Johnson,Linda,owner1349@davisrealestateagents1349.com,,(229) 555-1349,Landline,,71349,CO,Denver,51-200,REF-1349
Johnson HVAC Services 1350,Linda Garcia,David,owner1350@johnsonhvacservices1350.com,www.johnsonhvacservices1350.com/?utm_source=google,(713) 555-1350,Mobile,1450 Main St,71350,AR,phoenix,51-200,REF-1350
Davis Real Estate Agents 1351,David Johnson,Maria,owner1351@davisrealestateagents1351.com,www.davisrealestateagents1351.com/?utm_source=google,(603) 555-1351,Landline,1451 Main St,71351,IL,CHICAGO,11-50,REF-1351
Smith Salons 1352,David Davis,Linda,owner1352@smithsalons1352.com,www.smithsalons1352.com/?utm_source=google,(819) 555-1352,Mobile,1452 Main St,71352,CO,denver,,REF-1352
Johnson Salons 1353,Robert Johnson,David,owner1353@johnsonsalons1353.com,,(320) 555-1353,Mobile,,71353,Washington,seattle,1-10,REF-1353
Patel HVAC Services 1354,Ana Brown,Robert,owner1354@patelhvacservices1354.com,,(727) 555-1354,,1454 Main St,71354,Arizona,PHOENIX,51-200,REF-1354
Davis Gyms 1355,Linda Brown,Maria,owner1355@,www.davisgyms1355.com/?utm_source=google,(784) 555-1355,,1455 Main St,71355,Texas,Dallas,11-50,REF-1355
Brown Restaurants 1356,Robert Patel,James,owner1356@brownrestaurants1356.com,www.brownrestaurants1356.com/?utm_source=google,(441) 555-1356,Mobile,,71356,Arizona,Phoenix,1-10,REF-1356
Patel Auto Repair 1357,Priya Davis,James,owner1357@patelautorepair1357.com,www.patelautorepair1357.com/?utm_source=google,(936) 555-1357,Landline,1457 Main St,71357,TE,DALLAS,51-200,REF-1357
Kim Gyms 1358,Priya Davis,Michael,owner1358@kimgyms1358.com,www.kimgyms1358.com/?utm_source=google,(850) 555-1358,Landline,1458 Main St,71358,CO,Denver,51-200,REF-1358
Brown Plumbing 1359,David Garcia,David,owner1359@brownplumbing1359.com,www.brownplumbing1359.com/?utm_source=google,(487) 555-1359,Mobile,,71359,MA,boston,11-50,REF-1359
Patel Auto Detailing 1360,Michael Garcia,Ana,owner1360@patelautodetailing1360.com,,(608) 555-1360,,,71360,IL,CHICAGO,51-200,REF-1360
Kim HVAC Services 1361,Linda Smith,Priya,owner1361@kimhvacservices1361.com,www.kimhvacservices1361.com/?utm_source=google,(482) 555-1361,Mobile,,71361,Colorado,denver,1-10,REF-1361
Brown HVAC Services 1362,Michael Nguyen,Linda,,www.brownhvacservices1362.com/?utm_source=google,(361) 555-1362,Landline,1462 Main St,71362,TE,dallas,11-50,REF-1362
Kim Restaurants 1363,Linda Kim,Linda,owner1363@kimrestaurants1363.com,,(897) 555-1363,Mobile,,71363,Illinois,chicago,11-50,REF-1363
Garcia Chiropractors 1364,Priya Garcia,Michael,,www.garciachiropractors1364.com/?utm_source=google,(414) 555-1364,Landline,1464 Main St,71364,AR,PHOENIX,1-10,REF-1364
Brown HVAC Services 1365,Priya Smith,Maria,owner1365@brownhvacservices1365.com,www.brownhvacservices1365.com/?utm_source=google,(858) 555-1365,Mobile,1465 Main St,71365,Massachusetts,BOSTON,51-200,REF-1365
Nguyen Plumbing 1366,Priya Kim,Robert,owner1366@nguyenplumbing1366.com,www.nguyenplumbing1366.com/?utm_source=google,(609) 555-1366,,1466 Main St,71366,Arizona,Phoenix,51-200,REF-1366
Brown Auto Detailing 1367,James Patel,Robert,owner1367@brownautodetailing1367.com,www.brownautodetailing1367.com/?utm_source=google,(749) 555-1367,Mobile,,71367,TE,dallas,,REF-1367
Johnson Auto Detailing 1368,Robert Johnson,Maria,owner1368@johnsonautodetailing1368.com,www.johnsonautodetailing1368.com/?utm_source=google,(527) 555-1368,Landline,1468 Main St,71368,Illinois,Chicago,51-200,REF-1368
Nguyen Auto Detailing 1369,Maria Nguyen,David,owner1369@nguyenautodetailing1369.com,www.nguyenautodetailing1369.com/?utm_source=google,(842) 555-1369,,,71369,Colorado,Denver,1-10,REF-1369
Davis Auto Repair 1370,Ana Johnson,David,owner1370@davisautorepair1370.com,,(938) 555-1370,Mobile,1470 Main St,71370,Georgia,ATLANTA,51-200,REF-1370
Johnson Restaurants 1371,Ana Nguyen,Linda,owner1371@johnsonrestaurants1371.com,,(354) 555-1371,,1471 Main St,71371,FL,Miami,1-10,REF-1371
Smith Accountants 1372,Priya Nguyen,Ana,owner1372@smithaccountants1372.com,www.smithaccountants1372.com/?utm_source=google,(432) 555-1372,Landline,1472 Main St,71372,AR,Phoenix,51-200,REF-1372
Smith HVAC Services 1373,Priya Smith,Robert,owner1373@smithhvacservices1373.com,www.smithhvacservices1373.com/?utm_source=google,(709) 555-1373,Mobile,1473 Main St,71373,Texas,Dallas,51-200,REF-1373
Smith Auto Detailing 1374,Robert Davis,Maria,owner1374@smithautodetailing1374.com,www.smithautodetailing1374.com/?utm_source=google,(766) 555-1374,Mobile,1474 Main St,71374,Texas,DALLAS,,REF-1374
Brown Real Estate Agents 1375,Michael Davis,Priya,owner1375@brownrealestateagents1375.com,www.brownrealestateagents1375.com/?utm_source=google,(653) 555-1375,Landline,,71375,Washington,Seattle,1-10,REF-1375
Smith Chiropractors 1376,Michael Brown,Robert,owner1376@smithchiropractors1376.com,www.smithchiropractors1376.com/?utm_source=google,(886) 555-1376,,1476 Main St,71376,Arizona,Phoenix,11-50,REF-1376
Davis HVAC Services 1377,Ana Nguyen,Ana,owner1377@davishvacservices1377.com,www.davishvacservices1377.com/?utm_source=google,(598) 555-1377,Mobile,1477 Main St,71377,IL,Chicago,,REF-1377
Brown Auto Repair 1378,Priya Brown,Maria,owner1378@brownautorepair1378.com,www.brownautorepair1378.com/?utm_source=google,(206) 555-1378,Landline,1478 Main St,71378,Illinois,CHICAGO,11-50,REF-1378
Johnson Auto Repair 1379,Maria Nguyen,David,,,(876) 555-1379,Mobile,1479 Main St,71379,FL,MIAMI,51-200,REF-1379
Patel Restaurants 1380,Ana Brown,Priya,owner1380@patelrestaurants1380.com,,(526) 555-1380,Landline,1480 Main St,71380,Massachusetts,BOSTON,,REF-1380
Davis Plumbing 1381,Michael Garcia,Maria,owner1381@davisplumbing1381.com,www.davisplumbing1381.com/?utm_source=google,(889) 555-1381,Landline,1481 Main St,71381,TE,Dallas,,REF-1381
Nguyen Gyms 1382,Priya Kim,Ana,owner1382@nguyengyms1382.com,www.nguyengyms1382.com/?utm_source=google,(261) 555-1382,Landline,1482 Main St,71382,Washington,Seattle,11-50,REF-1382
Johnson Chiropractors 1383,Maria Kim,Maria,owner1383@johnsonchiropractors1383.com,,(877) 555-1383,Mobile,,71383,Washington,Seattle,1-10,REF-1383
Kim HVAC Services 1384,Priya Davis,James,owner1384@kimhvacservices1384.com,www.kimhvacservices1384.com/?utm_source=google,(735) 555-1384,Landline,,71384,Washington,seattle,51-200,REF-1384
Garcia Real Estate Agents 1385,Robert Johnson,Priya,owner1385@garciarealestateagents1385.com,www.garciarealestateagents1385.com/?utm_source=google,(891) 555-1385,Mobile,1485 Main St,71385,GE,ATLANTA,51-200,REF-1385
Patel Accountants 1386,Linda Brown,Linda,owner1386@patelaccountants1386.com,,(293) 555-1386,,1486 Main St,71386,WA,seattle,1-10,REF-1386
Johnson Auto Detailing 1387,Robert Smith,Robert,owner1387@johnsonautodetailing1387.com,,(270) 555-1387,Landline,1487 Main St,71387,FL,miami,51-200,REF-1387
Kim Salons 1388,Michael Kim,James,owner1388@kimsalons1388.com,www.kimsalons1388.com/?utm_source=google,(201) 555-1388,Mobile,1488 Main St,71388,CO,denver,11-50,REF-1388
Kim Salons 1389,Priya Kim,Michael,owner1389@kimsalons1389.com,www.kimsalons1389.com/?utm_source=google,(291) 555-1389,Landline,1489 Main St,71389,WA,seattle,51-200,REF-1389
Patel Auto Detailing 1390,David Nguyen,Ana,,www.patelautodetailing1390.com/?utm_source=google,(425) 555-1390,Landline,,71390,CO,denver,51-200,REF-1390
Kim Gyms 1391,Maria Patel,Robert,owner1391@kimgyms1391.com,www.kimgyms1391.com/?utm_source=google,(589) 555-1391,Mobile,1491 Main St,71391,Arizona,PHOENIX,11-50,REF-1391
Smith Gyms 1392,Ana Garcia,Robert,owner1392@,www.smithgyms1392.com/?utm_source=google,(673) 555-1392,Landline,1492 Main St,71392,MA,boston,1-10,REF-1392
Brown Auto Repair 1393,Ana Davis,Ana,owner1393@brownautorepair1393.com,www.brownautorepair1393.com/?utm_source=google,(623) 555-1393,,1493 Main St,71393,FL,miami,11-50,REF-1393
Brown Salons 1394,Maria Brown,Maria,owner1394@brownsalons1394.com,www.brownsalons1394.com/?utm_source=google,(817) 555-1394,,,71394,Georgia,ATLANTA,11-50,REF-1394
Brown Salons 1395,Michael Davis,Michael,owner1395@brownsalons1395.com,,(977) 555-1395,,1495 Main St,71395,Massachusetts,Boston,1-10,REF-1395
Davis Auto Detailing 1396,Priya Nguyen,Michael,owner1396@,,(361) 555-1396,Mobile,1496 Main St,71396,FL,Miami,,REF-1396
Kim Chiropractors 1397,Priya Patel,Michael,owner1397@kimchiropractors1397.com,www.kimchiropractors1397.com/?utm_source=google,(731) 555-1397,Landline,,71397,TE,dallas,11-50,REF-1397
Johnson Real Estate Agents 1398,James Smith,Michael,,www.johnsonrealestateagents1398.com/?utm_source=google,(643) 555-1398,Landline,1498 Main St,71398,Arizona,Phoenix,1-10,REF-1398
Smith Gyms 1399,Ana Garcia,Robert,owner1399@,www.smithgyms1399.com/?utm_source=google,(408) 555-1399,,1499 Main St,71399,IL,chicago,11-50,REF-1399
Nguyen Accountants 1400,Ana Kim,James,owner1400@nguyenaccountants1400.com,www.nguyenaccountants1400.com/?utm_source=google,(640) 555-1400,Mobile,1500 Main St,71400,Washington,Seattle,11-50,REF-1400
Nguyen Plumbing 1401,Ana Davis,David,owner1401@nguyenplumbing1401.com,www.nguyenplumbing1401.com/?utm_source=google,(274) 555-1401,Mobile,1501 Main St,71401,CO,Denver,1-10,REF-1401
Nguyen Salons 1402,Robert Johnson,James,owner1402@nguyensalons1402.com,www.nguyensalons1402.com/?utm_source=google,(399) 555-1402,Landline,1502 Main St,71402,Arizona,phoenix,51-200,REF-1402
Smith Restaurants 1403,Priya Davis,David,owner1403@smithrestaurants1403.com,www.smithrestaurants1403.com/?utm_source=google,(753) 555-1403,Mobile,,71403,TE,DALLAS,1-10,REF-1403
Davis Gyms 1404,James Johnson,Maria,owner1404@davisgyms1404.com,www.davisgyms1404.com/?utm_source=google,(698) 555-1404,Landline,1504 Main St,71404,Colorado,denver,11-50,REF-1404
Brown Restaurants 1405,Ana Smith,Robert,owner1405@brownrestaurants1405.com,www.brownrestaurants1405.com/?utm_source=google,(575) 555-1405,Mobile,,71405,IL,chicago,51-200,REF-1405
Kim Plumbing 1406,Robert Nguyen,Linda,owner1406@kimplumbing1406.com,,(356) 555-1406,,1506 Main St,71406,Arizona,Phoenix,,REF-1406
Davis Chiropractors 1407,Maria Nguyen,Linda,owner1407@davischiropractors1407.com,www.davischiropractors1407.com/?utm_source=google,(435) 555-1407,Mobile,,71407,FL,miami,51-200,REF-1407
Garcia Real Estate Agents 1408,David Kim,Ana,owner1408@garciarealestateagents1408.com,www.garciarealestateagents1408.com/?utm_source=google,(210) 555-1408,Landline,1508 Main St,71408,Texas,dallas,11-50,REF-1408
Smith Plumbing 1409,Ana Nguyen,James,owner1409@,,(377) 555-1409,Mobile,1509 Main St,71409,GE,atlanta,1-10,REF-1409
Nguyen Restaurants 1410,Robert Smith,Robert,owner1410@nguyenrestaurants1410.com,www.nguyenrestaurants1410.com/?utm_source=google,(669) 555-1410,Mobile,1510 Main St,71410,Illinois,Chicago,51-200,REF-1410
Johnson Chiropractors 1411,Ana Smith,Priya,owner1411@johnsonchiropractors1411.com,www.johnsonchiropractors1411.com/?utm_source=google,(939) 555-1411,Landline,1511 Main St,71411,AR,PHOENIX,51-200,REF-1411
Kim Auto Repair 1412,Michael Davis,Maria,owner1412@kimautorepair1412.com,www.kimautorepair1412.com/?utm_source=google,(815) 555-1412,Mobile,1512 Main St,71412,Massachusetts,boston,11-50,REF-1412
Kim Accountants 1413,Priya Johnson,Ana,owner1413@,www.kimaccountants1413.com/?utm_source=google,(265) 555-1413,Mobile,,71413,Georgia,ATLANTA,11-50,REF-1413
Brown HVAC Services 1414,Robert Nguyen,Priya,owner1414@brownhvacservices1414.com,www.brownhvacservices1414.com/?utm_source=google,(392) 555-1414,Landline,1514 Main St,71414,Washington,Seattle,,REF-1414
Garcia Chiropractors 1415,Maria Kim,James,owner1415@garciachiropractors1415.com,www.garciachiropractors1415.com/?utm_source=google,(554) 555-1415,,1515 Main St,71415,Texas,DALLAS,,REF-1415
Kim Real Estate Agents 1416,James Nguyen,Robert,owner1416@kimrealestateagents1416.com,www.kimrealestateagents1416.com/?utm_source=google,(801) 555-1416,,1516 Main St,71416,IL,Chicago,11-50,REF-1416
Garcia Auto Repair 1417,Robert Kim,David,owner1417@,www.garciaautorepair1417.com/?utm_source=google,(455) 555-1417,Mobile,1517 Main St,71417,Massachusetts,Boston,,REF-1417
Johnson Plumbing 1418,David Johnson,David,owner1418@,www.johnsonplumbing1418.com/?utm_source=google,(901) 555-1418,Landline,1518 Main St,71418,CO,Denver,1-10,REF-1418
Nguyen Auto Detailing 1419,Michael Brown,Priya,owner1419@nguyenautodetailing1419.com,www.nguyenautodetailing1419.com/?utm_source=google,(218) 555-1419,Landline,1519 Main St,71419,GE,ATLANTA,11-50,REF-1419
Kim Auto Detailing 1420,Robert Smith,Ana,,www.kimautodetailing1420.com/?utm_source=google,(586) 555-1420,,1520 Main St,71420,Colorado,DENVER,11-50,REF-1420
Kim Restaurants 1421,Robert Davis,David,owner1421@kimrestaurants1421.com,www.kimrestaurants1421.com/?utm_source=google,(414) 555-1421,Mobile,1521 Main St,71421,MA,boston,1-10,REF-1421
Kim Salons 1422,Priya Patel,Robert,owner1422@kimsalons1422.com,,(567) 555-1422,,,71422,AR,Phoenix,51-200,REF-1422
Johnson Plumbing 1423,Robert Smith,Ana,owner1423@johnsonplumbing1423.com,www.johnsonplumbing1423.com/?utm_source=google,(361) 555-1423,Mobile,1523 Main St,71423,Texas,Dallas,11-50,REF-1423
Smith HVAC Services 1424,Ana Patel,David,owner1424@,www.smithhvacservices1424.com/?utm_source=google,(450) 555-1424,Landline,1524 Main St,71424,Georgia,ATLANTA,51-200,REF-1424
Johnson Chiropractors 1425,David Garcia,Ana,,www.johnsonchiropractors1425.com/?utm_source=google,(838) 555-1425,,,71425,CO,Denver,1-10,REF-1425
Nguyen Restaurants 1426,James Smith,Michael,owner1426@nguyenrestaurants1426.com,www.nguyenrestaurants1426.com/?utm_source=google,(429) 555-1426,,1526 Main St,71426,Texas,DALLAS,,REF-1426
Garcia Chiropractors 1427,Robert Garcia,Ana,owner1427@garciachiropractors1427.com,www.garciachiropractors1427.com/?utm_source=google,(723) 555-1427,,1527 Main St,71427,Arizona,PHOENIX,11-50,REF-1427
Davis Accountants 1428,Priya Davis,Michael,owner1428@davisaccountants1428.com,www.davisaccountants1428.com/?utm_source=google,(306) 555-1428,,,71428,AR,phoenix,,REF-1428
Brown HVAC Services 1429,James Smith,David,owner1429@brownhvacservices1429.com,,(714) 555-1429,Landline,1529 Main St,71429,CO,Denver,11-50,REF-1429
Davis Accountants 1430,Michael Davis,Michael,owner1430@davisaccountants1430.com,www.davisaccountants1430.com/?utm_source=google,(321) 555-1430,,1530 Main St,71430,Florida,Miami,11-50,REF-1430
Johnson Chiropractors 1431,David Johnson,Robert,owner1431@johnsonchiropractors1431.com,,(387) 555-1431,Mobile,1531 Main St,71431,Texas,Dallas,11-50,REF-1431
Nguyen Chiropractors 1432,Maria Brown,Priya,owner1432@nguyenchiropractors1432.com,www.nguyenchiropractors1432.com/?utm_source=google,(781) 555-1432,,1532 Main St,71432,Colorado,denver,51-200,REF-1432
Brown Chiropractors 1433,Maria Johnson,Linda,owner1433@brownchiropractors1433.com,,(762) 555-1433,Mobile,,71433,WA,seattle,51-200,REF-1433
Smith Auto Detailing 1434,Ana Nguyen,Robert,,www.smithautodetailing1434.com/?utm_source=google,(398) 555-1434,,1534 Main St,71434,Arizona,Phoenix,11-50,REF-1434
Johnson Auto Detailing 1435,Linda Smith,Ana,owner1435@johnsonautodetailing1435.com,www.johnsonautodetailing1435.com/?utm_source=google,(365) 555-1435,Landline,1535 Main St,71435,Florida,MIAMI,,REF-1435
Davis Auto Detailing 1436,David Johnson,Priya,owner1436@davisautodetailing1436.com,www.davisautodetailing1436.com/?utm_source=google,(449) 555-1436,Mobile,,71436,Massachusetts,BOSTON,51-200,REF-1436
Kim Restaurants 1437,Maria Patel,Maria,owner1437@kimrestaurants1437.com,www.kimrestaurants1437.com/?utm_source=google,(755) 555-1437,Landline,,71437,GE,Atlanta,1-10,REF-1437
Garcia HVAC Services 1438,Maria Nguyen,Robert,,www.garciahvacservices1438.com/?utm_source=google,(360) 555-1438,Mobile,1538 Main St,71438,Colorado,Denver,1-10,REF-1438
Kim Plumbing 1439,Maria Kim,Ana,owner1439@kimplumbing1439.com,www.kimplumbing1439.com/?utm_source=google,(982) 555-1439,,1539 Main St,71439,Arizona,phoenix,51-200,REF-1439
Garcia Real Estate Agents 1440,David Patel,Robert,owner1440@garciarealestateagents1440.com,,(751) 555-1440,,,71440,WA,Seattle,,REF-1440
Kim Gyms 1441,David Garcia,Priya,owner1441@kimgyms1441.com,www.kimgyms1441.com/?utm_source=google,(911) 555-1441,Mobile,1541 Main St,71441,AR,PHOENIX,1-10,REF-1441
Patel Accountants 1442,Robert Smith,Robert,owner1442@patelaccountants1442.com,www.patelaccountants1442.com/?utm_source=google,(585) 555-1442,Landline,1542 Main St,71442,CO,DENVER,51-200,REF-1442
Garcia Chiropractors 1443,Priya Nguyen,Michael,owner1443@,www.garciachiropractors1443.com/?utm_source=google,(807) 555-1443,,1543 Main St,71443,Florida,miami,11-50,REF-1443
Davis Restaurants 1444,James Kim,Michael,owner1444@davisrestaurants1444.com,www.davisrestaurants1444.com/?utm_source=google,(793) 555-1444,,,71444,CO,DENVER,51-200,REF-1444
Davis Chiropractors 1445,Michael Garcia,Priya,owner1445@davischiropractors1445.com,www.davischiropractors1445.com/?utm_source=google,(605) 555-1445,Landline,,71445,Washington,SEATTLE,51-200,REF-1445
Brown Salons 1446,Michael Davis,Michael,owner1446@brownsalons1446.com,,(721) 555-1446,Mobile,1546 Main St,71446,MA,Boston,51-200,REF-1446
Brown Real Estate Agents 1447,Ana Nguyen,David,owner1447@brownrealestateagents1447.com,www.brownrealestateagents1447.com/?utm_source=google,(749) 555-1447,,,71447,GE,atlanta,,REF-1447
Patel Salons 1448,Robert Davis,James,,www.patelsalons1448.com/?utm_source=google,(375) 555-1448,Mobile,1548 Main St,71448,Colorado,Denver,51-200,REF-1448
Smith Chiropractors 1449,Michael Smith,James,owner1449@smithchiropractors1449.com,www.smithchiropractors1449.com/?utm_source=google,(383) 555-1449,Landline,1549 Main St,71449,MA,boston,,REF-1449
Nguyen Restaurants 1450,James Patel,Priya,owner1450@nguyenrestaurants1450.com,www.nguyenrestaurants1450.com/?utm_source=google,(753) 555-1450,,,71450,IL,chicago,,REF-1450
Davis Accountants 1451,Linda Smith,Robert,owner1451@davisaccountants1451.com,www.davisaccountants1451.com/?utm_source=google,(657) 555-1451,Landline,1551 Main St,71451,Florida,Miami,1-10,REF-1451
Davis Auto Detailing 1452,David Garcia,Ana,owner1452@davisautodetailing1452.com,www.davisautodetailing1452.com/?utm_source=google,(217) 555-1452,Landline,1552 Main St,71452,Florida,MIAMI,11-50,REF-1452
Kim Gyms 1453,Michael Davis,Priya,owner1453@kimgyms1453.com,www.kimgyms1453.com/?utm_source=google,(714) 555-1453,Landline,1553 Main St,71453,Georgia,ATLANTA,,REF-1453
Johnson Accountants 1454,James Smith,Maria,owner1454@johnsonaccountants1454.com,www.johnsonaccountants1454.com/?utm_source=google,(408) 555-1454,Landline,1554 Main St,71454,Massachusetts,Boston,1-10,REF-1454
Brown Salons 1455,Michael Johnson,James,owner1455@brownsalons1455.com,www.brownsalons1455.com/?utm_source=google,(480) 555-1455,,1555 Main St,71455,CO,DENVER,51-200,REF-1455
Brown Plumbing 1456,David Johnson,Robert,owner1456@brownplumbing1456.com,,(552) 555-1456,,1556 Main St,71456,AR,Phoenix,11-50,REF-1456
Johnson HVAC Services 1457,Robert Garcia,James,owner1457@johnsonhvacservices1457.com,www.johnsonhvacservices1457.com/?utm_source=google,(420) 555-1457,,1557 Main St,71457,AR,phoenix,,REF-1457
Brown Salons 1458,David Brown,Michael,owner1458@brownsalons1458.com,www.brownsalons1458.com/?utm_source=google,(533) 555-1458,Landline,1558 Main St,71458,MA,boston,1-10,REF-1458
Nguyen Auto Repair 1459,Priya Garcia,Robert,owner1459@nguyenautorepair1459.com,www.nguyenautorepair1459.com/?utm_source=google,(946) 555-1459,Landline,,71459,Georgia,ATLANTA,,REF-1459
Davis Auto Detailing 1460,Robert Garcia,Maria,owner1460@,www.davisautodetailing1460.com/?utm_source=google,(683) 555-1460,Mobile,1560 Main St,71460,Georgia,ATLANTA,51-200,REF-1460
Davis Real Estate Agents 1461,Linda Patel,Ana,owner1461@davisrealestateagents1461.com,www.davisrealestateagents1461.com/?utm_source=google,(528) 555-1461,,1561 Main St,71461,Arizona,PHOENIX,11-50,REF-1461
Johnson Chiropractors 1462,Ana Garcia,David,owner1462@johnsonchiropractors1462.com,,(714) 555-1462,Landline,1562 Main St,71462,Florida,miami,,REF-1462
Smith Auto Detailing 1463,James Patel,Michael,owner1463@smithautodetailing1463.com,www.smithautodetailing1463.com/?utm_source=google,(464) 555-1463,Landline,1563 Main St,71463,FL,miami,1-10,REF-1463
Patel Plumbing 1464,Michael Kim,Michael,owner1464@patelplumbing1464.com,,(672) 555-1464,Mobile,1564 Main St,71464,GE,ATLANTA,51-200,REF-1464
Brown Restaurants 1465,Linda Smith,Ana,owner1465@brownrestaurants1465.com,www.brownrestaurants1465.com/?utm_source=google,(722) 555-1465,,,71465,Colorado,Denver,1-10,REF-1465
Garcia HVAC Services 1466,Linda Johnson,David,owner1466@garciahvacservices1466.com,www.garciahvacservices1466.com/?utm_source=google,(725) 555-1466,Landline,1566 Main St,71466,Texas,DALLAS,,REF-1466
Kim Plumbing 1467,Linda Smith,Michael,owner1467@kimplumbing1467.com,www.kimplumbing1467.com/?utm_source=google,(645) 555-1467,Mobile,1567 Main St,71467,Arizona,phoenix,1-10,REF-1467
Brown Auto Repair 1468,Linda Patel,Linda,owner1468@brownautorepair1468.com,www.brownautorepair1468.com/?utm_source=google,(724) 555-1468,Mobile,,71468,Massachusetts,boston,51-200,REF-1468
Brown Real Estate Agents 1469,David Kim,Maria,owner1469@brownrealestateagents1469.com,www.brownrealestateagents1469.com/?utm_source=google,(653) 555-1469,,1569 Main St,71469,Georgia,ATLANTA,51-200,REF-1469
Brown Gyms 1470,David Johnson,Michael,owner1470@browngyms1470.com,www.browngyms1470.com/?utm_source=google,(844) 555-1470,Landline,,71470,TE,Dallas,,REF-1470
Smith Auto Detailing 1471,Ana Kim,Linda,owner1471@smithautodetailing1471.com,www.smithautodetailing1471.com/?utm_source=google,(744) 555-1471,Mobile,1571 Main St,71471,TE,Dallas,,REF-1471
Brown Auto Repair 1472,Robert Brown,David,owner1472@brownautorepair1472.com,www.brownautorepair1472.com/?utm_source=google,(726) 555-1472,,,71472,WA,SEATTLE,11-50,REF-1472
Patel Real Estate Agents 1473,Priya Patel,Ana,owner1473@patelrealestateagents1473.com,www.patelrealestateagents1473.com/?utm_source=google,(329) 555-1473,,1573 Main St,71473,Arizona,Phoenix,1-10,REF-1473
Kim Auto Repair 1474,Maria Johnson,Michael,owner1474@kimautorepair1474.com,www.kimautorepair1474.com/?utm_source=google,(392) 555-1474,,1574 Main St,71474,MA,Boston,51-200,REF-1474
Brown Auto Detailing 1475,Michael Patel,Maria,owner1475@brownautodetailing1475.com,www.brownautodetailing1475.com/?utm_source=google,(411) 555-1475,Landline,1575 Main St,71475,Florida,MIAMI,51-200,REF-1475
Garcia Accountants 1476,Linda Smith,Linda,owner1476@garciaaccountants1476.com,www.garciaaccountants1476.com/?utm_source=google,(549) 555-1476,Landline,1576 Main St,71476,Texas,Dallas,1-10,REF-1476
Garcia Gyms 1477,Ana Smith,James,owner1477@garciagyms1477.com,www.garciagyms1477.com/?utm_source=google,(832) 555-1477,,1577 Main St,71477,Massachusetts,Boston,51-200,REF-1477
Patel Real Estate Agents 1478,David Davis,Linda,owner1478@patelrealestateagents1478.com,www.patelrealestateagents1478.com/?utm_source=google,(582) 555-1478,Mobile,1578 Main St,71478,IL,CHICAGO,,REF-1478
Patel Real Estate Agents 1479,David Smith,Maria,owner1479@patelrealestateagents1479.com,,(446) 555-1479,,,71479,Illinois,CHICAGO,1-10,REF-1479
Brown Gyms 1480,Ana Patel,Maria,owner1480@,www.browngyms1480.com/?utm_source=google,(636) 555-1480,Mobile,1580 Main St,71480,MA,BOSTON,,REF-1480
Smith Accountants 1481,James Johnson,Michael,owner1481@smithaccountants1481.com,www.smithaccountants1481.com/?utm_source=google,(672) 555-1481,Mobile,1581 Main St,71481,TE,DALLAS,51-200,REF-1481
Davis Restaurants 1482,Priya Garcia,Linda,owner1482@,www.davisrestaurants1482.com/?utm_source=google,(721) 555-1482,,1582 Main St,71482,Washington,Seattle,11-50,REF-1482
Smith Restaurants 1483,Ana Davis,Maria,owner1483@smithrestaurants1483.com,www.smithrestaurants1483.com/?utm_source=google,(498) 555-1483,Landline,1583 Main St,71483,Illinois,CHICAGO,11-50,REF-1483
Nguyen HVAC Services 1484,Robert Patel,Ana,owner1484@nguyenhvacservices1484.com,www.nguyenhvacservices1484.com/?utm_source=google,(318) 555-1484,Mobile,1584 Main St,71484,Washington,seattle,,REF-1484
Kim Chiropractors 1485,Priya Smith,Robert,owner1485@kimchiropractors1485.com,www.kimchiropractors1485.com/?utm_source=google,(631) 555-1485,,1585 Main St,71485,Georgia,atlanta,1-10,REF-1485
Garcia Salons 1486,Michael Brown,Maria,owner1486@garciasalons1486.com,www.garciasalons1486.com/?utm_source=google,(899) 555-1486,Landline,,71486,Arizona,PHOENIX,51-200,REF-1486
Patel Plumbing 1487,Michael Davis,Michael,owner1487@patelplumbing1487.com,,(582) 555-1487,Mobile,,71487,Georgia,Atlanta,51-200,REF-1487
Brown Restaurants 1488,David Nguyen,David,owner1488@,,(721) 555-1488,Mobile,,71488,IL,CHICAGO,11-50,REF-1488
Nguyen Real Estate Agents 1489,Linda Smith,David,owner1489@nguyenrealestateagents1489.com,www.nguyenrealestateagents1489.com/?utm_source=google,(245) 555-1489,Landline,1589 Main St,71489,TE,DALLAS,,REF-1489
Johnson Gyms 1490,Michael Kim,Michael,owner1490@johnsongyms1490.com,www.johnsongyms1490.com/?utm_source=google,(972) 555-1490,Landline,,71490,Arizona,phoenix,51-200,REF-1490
Garcia Chiropractors 1491,Linda Smith,David,owner1491@garciachiropractors1491.com,www.garciachiropractors1491.com/?utm_source=google,(773) 555-1491,Mobile,1591 Main St,71491,MA,boston,,REF-1491
Nguyen Restaurants 1492,Maria Kim,Linda,owner1492@nguyenrestaurants1492.com,www.nguyenrestaurants1492.com/?utm_source=google,(653) 555-1492,,1592 Main St,71492,Colorado,DENVER,1-10,REF-1492
Brown Restaurants 1493,Priya Smith,Michael,owner1493@brownrestaurants1493.com,,(934) 555-1493,Mobile,1593 Main St,71493,Washington,seattle,1-10,REF-1493
Smith Accountants 1494,Robert Davis,Robert,owner1494@smithaccountants1494.com,www.smithaccountants1494.com/?utm_source=google,(370) 555-1494,Mobile,1594 Main St,71494,Washington,SEATTLE,1-10,REF-1494
Smith Restaurants 1495,Ana Kim,Priya,owner1495@smithrestaurants1495.com,,(474) 555-1495,Landline,,71495,Texas,DALLAS,51-200,REF-1495
Garcia Gyms 1496,Robert Brown,Ana,owner1496@garciagyms1496.com,www.garciagyms1496.com/?utm_source=google,(445) 555-1496,,1596 Main St,71496,Colorado,DENVER,51-200,REF-1496
Garcia Gyms 1497,Robert Johnson,Michael,owner1497@garciagyms1497.com,www.garciagyms1497.com/?utm_source=google,(676) 555-1497,Mobile,1597 Main St,71497,CO,Denver,51-200,REF-1497
Nguyen Salons 1498,Ana Garcia,Priya,owner1498@nguyensalons1498.com,www.nguyensalons1498.com/?utm_source=google,(347) 555-1498,Mobile,,71498,WA,SEATTLE,1-10,REF-1498
Garcia Chiropractors 1499,James Smith,Linda,,www.garciachiropractors1499.com/?utm_source=google,(738) 555-1499,Landline,,71499,WA,Seattle,,REF-1499
Johnson Real Estate Agents 1500,Priya Johnson,James,owner1500@johnsonrealestateagents1500.com,www.johnsonrealestateagents1500.com/?utm_source=google,(355) 555-1500,Mobile,,71500,IL,Chicago,51-200,REF-1500
Garcia HVAC Services 1501,Linda Davis,James,owner1501@garciahvacservices1501.com,,(676) 555-1501,Landline,1601 Main St,71501,Arizona,Phoenix,,REF-1501
Johnson Real Estate Agents 1502,James Smith,Priya,owner1502@johnsonrealestateagents1502.com,www.johnsonrealestateagents1502.com/?utm_source=google,(672) 555-1502,Mobile,,71502,Georgia,ATLANTA,51-200,REF-1502
Garcia Chiropractors 1503,David Smith,Priya,,www.garciachiropractors1503.com/?utm_source=google,(870) 555-1503,Landline,1603 Main St,71503,Arizona,Phoenix,,REF-1503
Brown Salons 1504,Maria Kim,Maria,owner1504@brownsalons1504.com,www.brownsalons1504.com/?utm_source=google,(760) 555-1504,Mobile,1604 Main St,71504,Florida,miami,11-50,REF-1504
Davis Salons 1505,Robert Nguyen,Michael,,www.davissalons1505.com/?utm_source=google,(334) 555-1505,Mobile,1605 Main St,71505,Georgia,ATLANTA,51-200,REF-1505
Patel Auto Detailing 1506,Michael Garcia,Robert,owner1506@patelautodetailing1506.com,www.patelautodetailing1506.com/?utm_source=google,(880) 555-1506,,,71506,AR,phoenix,51-200,REF-1506
Davis Real Estate Agents 1507,Linda Johnson,David,owner1507@davisrealestateagents1507.com,www.davisrealestateagents1507.com/?utm_source=google,(561) 555-1507,Landline,,71507,Arizona,phoenix,51-200,REF-1507
Brown Auto Repair 1508,James Johnson,Michael,owner1508@brownautorepair1508.com,www.brownautorepair1508.com/?utm_source=google,(908) 555-1508,Landline,1608 Main St,71508,MA,Boston,51-200,REF-1508
Garcia Auto Detailing 1509,Maria Patel,Maria,,,(640) 555-1509,,1609 Main St,71509,AR,PHOENIX,51-200,REF-1509
Davis Salons 1510,David Johnson,Linda,owner1510@davissalons1510.com,www.davissalons1510.com/?utm_source=google,(260) 555-1510,Mobile,1610 Main St,71510,MA,boston,51-200,REF-1510
Nguyen Salons 1511,Maria Garcia,James,owner1511@nguyensalons1511.com,www.nguyensalons1511.com/?utm_source=google,(834) 555-1511,,,71511,IL,chicago,,REF-1511
Nguyen Auto Detailing 1512,Robert Nguyen,Ana,owner1512@nguyenautodetailing1512.com,www.nguyenautodetailing1512.com/?utm_source=google,(485) 555-1512,,,71512,WA,seattle,51-200,REF-1512
Garcia Auto Detailing 1513,David Patel,Michael,owner1513@garciaautodetailing1513.com,www.garciaautodetailing1513.com/?utm_source=google,(351) 555-1513,,1613 Main St,71513,Arizona,Phoenix,1-10,REF-1513
Johnson Restaurants 1514,Ana Patel,James,owner1514@johnsonrestaurants1514.com,www.johnsonrestaurants1514.com/?utm_source=google,(979) 555-1514,Mobile,,71514,Massachusetts,Boston,51-200,REF-1514
Davis Restaurants 1515,Maria Smith,James,owner1515@davisrestaurants1515.com,www.davisrestaurants1515.com/?utm_source=google,(785) 555-1515,,1615 Main St,71515,Colorado,denver,,REF-1515
Smith HVAC Services 1516,Maria Davis,Robert,owner1516@smithhvacservices1516.com,www.smithhvacservices1516.com/?utm_source=google,(342) 555-1516,,1616 Main St,71516,IL,CHICAGO,51-200,REF-1516
Davis Gyms 1517,Ana Brown,Maria,,www.davisgyms1517.com/?utm_source=google,(760) 555-1517,Landline,1617 Main St,71517,IL,chicago,1-10,REF-1517
Smith Auto Detailing 1518,Michael Nguyen,Linda,owner1518@smithautodetailing1518.com,www.smithautodetailing1518.com/?utm_source=google,(299) 555-1518,,1618 Main St,71518,IL,Chicago,,REF-1518
Patel Accountants 1519,Ana Brown,Ana,,www.patelaccountants1519.com/?utm_source=google,(977) 555-1519,,1619 Main St,71519,TE,Dallas,,REF-1519
Smith Restaurants 1520,Linda Patel,Linda,,www.smithrestaurants1520.com/?utm_source=google,(620) 555-1520,Mobile,1620 Main St,71520,CO,DENVER,11-50,REF-1520
Davis Salons 1521,Robert Smith,Maria,owner1521@davissalons1521.com,,(341) 555-1521,Landline,1621 Main St,71521,Colorado,Denver,,REF-1521
Johnson Accountants 1522,Priya Brown,James,owner1522@johnsonaccountants1522.com,,(600) 555-1522,Mobile,,71522,AR,PHOENIX,,REF-1522
Patel Real Estate Agents 1523,Priya Nguyen,Ana,owner1523@patelrealestateagents1523.com,www.patelrealestateagents1523.com/?utm_source=google,(397) 555-1523,Landline,1623 Main St,71523,Colorado,denver,51-200,REF-1523
Brown Auto Detailing 1524,Maria Johnson,Ana,,,(318) 555-1524,,1624 Main St,71524,Illinois,CHICAGO,1-10,REF-1524
Smith Plumbing 1525,David Garcia,James,owner1525@smithplumbing1525.com,,(816) 555-1525,Mobile,,71525,FL,miami,51-200,REF-1525
Garcia Auto Detailing 1526,Linda Johnson,Priya,owner1526@,,(291) 555-1526,,1626 Main St,71526,Illinois,Chicago,1-10,REF-1526
Garcia Gyms 1527,Robert Smith,Michael,owner1527@garciagyms1527.com,www.garciagyms1527.com/?utm_source=google,(932) 555-1527,Landline,,71527,WA,seattle,11-50,REF-1527
Brown Restaurants 1528,James Brown,Robert,owner1528@brownrestaurants1528.com,www.brownrestaurants1528.com/?utm_source=google,(650) 555-1528,Landline,1628 Main St,71528,CO,denver,,REF-1528
Patel Auto Repair 1529,Ana Kim,Linda,owner1529@patelautorepair1529.com,www.patelautorepair1529.com/?utm_source=google,(516) 555-1529,Landline,1629 Main St,71529,TE,Dallas,11-50,REF-1529
Garcia Accountants 1530,David Johnson,Robert,owner1530@garciaaccountants1530.com,www.garciaaccountants1530.com/?utm_source=google,(975) 555-1530,Mobile,1630 Main St,71530,Washington,seattle,1-10,REF-1530
Smith HVAC Services 1531,David Davis,Ana,owner1531@smithhvacservices1531.com,www.smithhvacservices1531.com/?utm_source=google,(609) 555-1531,Mobile,1631 Main St,71531,MA,Boston,51-200,REF-1531
Brown HVAC Services 1532,Michael Kim,Priya,owner1532@brownhvacservices1532.com,www.brownhvacservices1532.com/?utm_source=google,(878) 555-1532,Mobile,1632 Main St,71532,Massachusetts,boston,,REF-1532
Garcia Auto Detailing 1533,Michael Kim,Michael,owner1533@garciaautodetailing1533.com,www.garciaautodetailing1533.com/?utm_source=google,(328) 555-1533,Mobile,1633 Main St,71533,WA,Seattle,11-50,REF-1533
Davis Auto Detailing 1534,David Johnson,Maria,owner1534@davisautodetailing1534.com,,(544) 555-1534,,1634 Main St,71534,CO,DENVER,11-50,REF-1534
Brown Chiropractors 1535,Robert Smith,David,owner1535@brownchiropractors1535.com,www.brownchiropractors1535.com/?utm_source=google,(483) 555-1535,Landline,1635 Main St,71535,Florida,Miami,,REF-1535
Nguyen Gyms 1536,Maria Johnson,Priya,owner1536@nguyengyms1536.com,www.nguyengyms1536.com/?utm_source=google,(884) 555-1536,Landline,,71536,Massachusetts,boston,11-50,REF-1536
Garcia Accountants 1537,Michael Davis,James,owner1537@garciaaccountants1537.com,www.garciaaccountants1537.com/?utm_source=google,(614) 555-1537,Landline,1637 Main St,71537,Arizona,phoenix,,REF-1537
Johnson Auto Repair 1538,Ana Brown,Linda,,www.johnsonautorepair1538.com/?utm_source=google,(485) 555-1538,Mobile,1638 Main St,71538,Illinois,Chicago,,REF-1538
Smith Auto Repair 1539,David Smith,Linda,owner1539@smithautorepair1539.com,www.smithautorepair1539.com/?utm_source=google,(302) 555-1539,,1639 Main St,71539,WA,Seattle,,REF-1539
Smith Restaurants 1540,Linda Garcia,Priya,owner1540@smithrestaurants1540.com,www.smithrestaurants1540.com/?utm_source=google,(806) 555-1540,,1640 Main St,71540,Arizona,Phoenix,,REF-1540
Smith Salons 1541,Priya Garcia,Linda,owner1541@smithsalons1541.com,,(906) 555-1541,Landline,1641 Main St,71541,IL,CHICAGO,51-200,REF-1541
Davis Auto Detailing 1542,Robert Patel,James,owner1542@davisautodetailing1542.com,www.davisautodetailing1542.com/?utm_source=google,(464) 555-1542,Mobile,1642 Main St,71542,TE,DALLAS,51-200,REF-1542
Patel Accountants 1543,Maria Garcia,Linda,owner1543@patelaccountants1543.com,www.patelaccountants1543.com/?utm_source=google,(548) 555-1543,Mobile,1643 Main St,71543,Florida,MIAMI,,REF-1543
Johnson Auto Detailing 1544,Priya Smith,Priya,owner1544@johnsonautodetailing1544.com,,(679) 555-1544,,1644 Main St,71544,Massachusetts,boston,,REF-1544
Davis HVAC Services 1545,Maria Kim,Robert,,,(407) 555-1545,,1645 Main St,71545,TE,dallas,51-200,REF-1545
Nguyen Real Estate Agents 1546,Linda Smith,Priya,owner1546@nguyenrealestateagents1546.com,www.nguyenrealestateagents1546.com/?utm_source=google,(773) 555-1546,Mobile,1646 Main St,71546,Texas,Dallas,11-50,REF-1546
Patel Accountants 1547,Priya Smith,James,owner1547@patelaccountants1547.com,,(463) 555-1547,,1647 Main St,71547,Illinois,Chicago,1-10,REF-1547
Johnson HVAC Services 1548,Maria Davis,James,owner1548@johnsonhvacservices1548.com,www.johnsonhvacservices1548.com/?utm_source=google,(593) 555-1548,,1648 Main St,71548,AR,PHOENIX,11-50,REF-1548
Davis Real Estate Agents 1549,James Davis,Priya,owner1549@davisrealestateagents1549.com,www.davisrealestateagents1549.com/?utm_source=google,(565) 555-1549,Mobile,1649 Main St,71549,Colorado,Denver,11-50,REF-1549
Patel Chiropractors 1550,Maria Davis,Michael,,www.patelchiropractors1550.com/?utm_source=google,(597) 555-1550,Mobile,,71550,Texas,Dallas,1-10,REF-1550
Brown Plumbing 1551,Robert Brown,Linda,owner1551@brownplumbing1551.com,www.brownplumbing1551.com/?utm_source=google,(911) 555-1551,Mobile,1651 Main St,71551,Illinois,CHICAGO,1-10,REF-1551
Garcia Salons 1552,James Brown,Maria,owner1552@garciasalons1552.com,www.garciasalons1552.com/?utm_source=google,(815) 555-1552,Mobile,1652 Main St,71552,CO,Denver,,REF-1552
Patel Chiropractors 1553,David Kim,Ana,owner1553@patelchiropractors1553.com,www.patelchiropractors1553.com/?utm_source=google,(931) 555-1553,,1653 Main St,71553,TE,dallas,1-10,REF-1553
Nguyen Restaurants 1554,Maria Garcia,James,owner1554@nguyenrestaurants1554.com,www.nguyenrestaurants1554.com/?utm_source=google,(321) 555-1554,Landline,1654 Main St,71554,FL,miami,1-10,REF-1554
Garcia Real Estate Agents 1555,Linda Patel,Ana,owner1555@garciarealestateagents1555.com,www.garciarealestateagents1555.com/?utm_source=google,(313) 555-1555,Mobile,1655 Main St,71555,Washington,seattle,51-200,REF-1555
Johnson Plumbing 1556,Ana Kim,Maria,owner1556@johnsonplumbing1556.com,www.johnsonplumbing1556.com/?utm_source=google,(465) 555-1556,Mobile,1656 Main St,71556,Texas,DALLAS,51-200,REF-1556
Davis Chiropractors 1557,Michael Brown,David,,www.davischiropractors1557.com/?utm_source=google,(578) 555-1557,Landline,1657 Main St,71557,GE,atlanta,1-10,REF-1557
Garcia Auto Detailing 1558,James Kim,Linda,owner1558@garciaautodetailing1558.com,,(712) 555-1558,Landline,,71558,FL,miami,51-200,REF-1558
Kim Accountants 1559,James Nguyen,Maria,owner1559@kimaccountants1559.com,www.kimaccountants1559.com/?utm_source=google,(514) 555-1559,Mobile,1659 Main St,71559,Georgia,atlanta,11-50,REF-1559
Patel Auto Repair 1560,Robert Davis,James,owner1560@patelautorepair1560.com,,(376) 555-1560,Landline,,71560,CO,DENVER,51-200,REF-1560
Johnson Chiropractors 1561,Michael Smith,Priya,owner1561@johnsonchiropractors1561.com,www.johnsonchiropractors1561.com/?utm_source=google,(456) 555-1561,Mobile,,71561,MA,BOSTON,1-10,REF-1561
Garcia Chiropractors 1562,Linda Patel,Linda,owner1562@garciachiropractors1562.com,www.garciachiropractors1562.com/?utm_source=google,(610) 555-1562,Landline,1662 Main St,71562,Massachusetts,boston,1-10,REF-1562
Kim Restaurants 1563,David Smith,Michael,owner1563@kimrestaurants1563.com,www.kimrestaurants1563.com/?utm_source=google,(735) 555-1563,Landline,1663 Main St,71563,Washington,Seattle,,REF-1563
Nguyen Plumbing 1564,Ana Smith,Robert,owner1564@nguyenplumbing1564.com,www.nguyenplumbing1564.com/?utm_source=google,(791) 555-1564,Landline,1664 Main St,71564,FL,MIAMI,51-200,REF-1564
Smith HVAC Services 1565,Ana Davis,Priya,owner1565@smithhvacservices1565.com,,(685) 555-1565,,1665 Main St,71565,CO,denver,11-50,REF-1565
Johnson Plumbing 1566,Maria Smith,Linda,owner1566@johnsonplumbing1566.com,www.johnsonplumbing1566.com/?utm_source=google,(739) 555-1566,Landline,,71566,Colorado,denver,1-10,REF-1566
Kim HVAC Services 1567,Robert Smith,Robert,owner1567@kimhvacservices1567.com,,(858) 555-1567,Mobile,1667 Main St,71567,Arizona,Phoenix,51-200,REF-1567
Davis Plumbing 1568,Priya Garcia,David,owner1568@davisplumbing1568.com,,(501) 555-1568,Mobile,1668 Main St,71568,MA,Boston,11-50,REF-1568
Nguyen Salons 1569,Robert Garcia,David,,www.nguyensalons1569.com/?utm_source=google,(208) 555-1569,Mobile,1669 Main St,71569,Washington,Seattle,,REF-1569
Smith Chiropractors 1570,Michael Johnson,David,,www.smithchiropractors1570.com/?utm_source=google,(279) 555-1570,Mobile,1670 Main St,71570,Washington,Seattle,51-200,REF-1570
Nguyen Real Estate Agents 1571,Maria Davis,Linda,owner1571@nguyenrealestateagents1571.com,www.nguyenrealestateagents1571.com/?utm_source=google,(240) 555-1571,Landline,1671 Main St,71571,Illinois,chicago,1-10,REF-1571
Davis Restaurants 1572,Robert Brown,Michael,owner1572@davisrestaurants1572.com,www.davisrestaurants1572.com/?utm_source=google,(429) 555-1572,Mobile,1672 Main St,71572,AR,Phoenix,11-50,REF-1572
Nguyen Real Estate Agents 1573,James Nguyen,James,owner1573@nguyenrealestateagents1573.com,www.nguyenrealestateagents1573.com/?utm_source=google,(974) 555-1573,Landline,,71573,Washington,seattle,11-50,REF-1573
Nguyen Auto Repair 1574,Robert Kim,Robert,owner1574@,www.nguyenautorepair1574.com/?utm_source=google,(289) 555-1574,Mobile,1674 Main St,71574,Georgia,atlanta,1-10,REF-1574
Brown Plumbing 1575,David Smith,Robert,owner1575@brownplumbing1575.com,www.brownplumbing1575.com/?utm_source=google,(935) 555-1575,Landline,1675 Main St,71575,IL,Chicago,51-200,REF-1575
Patel Chiropractors 1576,Priya Brown,Ana,owner1576@patelchiropractors1576.com,,(940) 555-1576,Mobile,1676 Main St,71576,CO,denver,,REF-1576
Patel HVAC Services 1577,James Johnson,James,owner1577@patelhvacservices1577.com,www.patelhvacservices1577.com/?utm_source=google,(881) 555-1577,,1677 Main St,71577,Massachusetts,BOSTON,,REF-1577
Garcia Chiropractors 1578,Michael Nguyen,James,owner1578@garciachiropractors1578.com,www.garciachiropractors1578.com/?utm_source=google,(755) 555-1578,,1678 Main St,71578,Arizona,Phoenix,1-10,REF-1578
Nguyen Plumbing 1579,James Johnson,Linda,owner1579@nguyenplumbing1579.com,www.nguyenplumbing1579.com/?utm_source=google,(241) 555-1579,Mobile,1679 Main St,71579,GE,atlanta,,REF-1579
Patel Auto Repair 1580,James Nguyen,David,owner1580@patelautorepair1580.com,www.patelautorepair1580.com/?utm_source=google,(767) 555-1580,,,71580,Georgia,ATLANTA,1-10,REF-1580
Johnson Restaurants 1581,Linda Davis,Robert,owner1581@johnsonrestaurants1581.com,www.johnsonrestaurants1581.com/?utm_source=google,(335) 555-1581,Mobile,1681 Main St,71581,Georgia,atlanta,1-10,REF-1581
Brown Auto Repair 1582,Maria Johnson,James,owner1582@brownautorepair1582.com,www.brownautorepair1582.com/?utm_source=google,(541) 555-1582,,1682 Main St,71582,Arizona,Phoenix,,REF-1582
Kim Chiropractors 1583,Maria Kim,Priya,owner1583@kimchiropractors1583.com,www.kimchiropractors1583.com/?utm_source=google,(580) 555-1583,Landline,,71583,Georgia,atlanta,1-10,REF-1583
Garcia Gyms 1584,Priya Patel,Maria,owner1584@garciagyms1584.com,www.garciagyms1584.com/?utm_source=google,(385) 555-1584,Landline,1684 Main St,71584,Colorado,Denver,51-200,REF-1584
Davis Plumbing 1585,David Brown,Priya,owner1585@,www.davisplumbing1585.com/?utm_source=google,(883) 555-1585,,1685 Main St,71585,GE,atlanta,51-200,REF-1585
Smith Auto Repair 1586,David Garcia,Priya,owner1586@smithautorepair1586.com,www.smithautorepair1586.com/?utm_source=google,(434) 555-1586,Mobile,,71586,Arizona,PHOENIX,11-50,REF-1586
Brown Plumbing 1587,Robert Garcia,Maria,,www.brownplumbing1587.com/?utm_source=google,(435) 555-1587,Landline,1687 Main St,71587,AR,Phoenix,11-50,REF-1587
Garcia Restaurants 1588,Maria Brown,Linda,owner1588@garciarestaurants1588.com,www.garciarestaurants1588.com/?utm_source=google,(250) 555-1588,,1688 Main St,71588,AR,PHOENIX,51-200,REF-1588
Kim Chiropractors 1589,Robert Patel,Michael,owner1589@kimchiropractors1589.com,www.kimchiropractors1589.com/?utm_source=google,(357) 555-1589,Mobile,1689 Main St,71589,Colorado,DENVER,11-50,REF-1589
Johnson Plumbing 1590,James Brown,Priya,owner1590@johnsonplumbing1590.com,www.johnsonplumbing1590.com/?utm_source=google,(641) 555-1590,Landline,1690 Main St,71590,Texas,Dallas,1-10,REF-1590
Patel Chiropractors 1591,James Johnson,Ana,,www.patelchiropractors1591.com/?utm_source=google,(755) 555-1591,,,71591,WA,seattle,,REF-1591
Patel Accountants 1592,Linda Johnson,Ana,owner1592@patelaccountants1592.com,www.patelaccountants1592.com/?utm_source=google,(927) 555-1592,Landline,,71592,Florida,Miami,11-50,REF-1592
Johnson HVAC Services 1593,Robert Patel,Michael,owner1593@johnsonhvacservices1593.com,www.johnsonhvacservices1593.com/?utm_source=google,(852) 555-1593,Landline,1693 Main St,71593,Massachusetts,BOSTON,51-200,REF-1593
Johnson Chiropractors 1594,Ana Smith,Maria,owner1594@johnsonchiropractors1594.com,www.johnsonchiropractors1594.com/?utm_source=google,(561) 555-1594,,1694 Main St,71594,AR,Phoenix,11-50,REF-1594
Davis Real Estate Agents 1595,Michael Johnson,James,owner1595@davisrealestateagents1595.com,,(373) 555-1595,Mobile,,71595,AR,Phoenix,11-50,REF-1595
Smith Gyms 1596,David Davis,Robert,owner1596@smithgyms1596.com,www.smithgyms1596.com/?utm_source=google,(654) 555-1596,Mobile,,71596,AR,Phoenix,11-50,REF-1596
Patel Plumbing 1597,Robert Garcia,Priya,owner1597@patelplumbing1597.com,www.patelplumbing1597.com/?utm_source=google,(862) 555-1597,Mobile,,71597,Illinois,CHICAGO,,REF-1597
Nguyen Auto Detailing 1598,Linda Johnson,Robert,owner1598@nguyenautodetailing1598.com,,(674) 555-1598,Mobile,,71598,Texas,dallas,,REF-1598
Smith Auto Detailing 1599,Robert Kim,Priya,owner1599@smithautodetailing1599.com,www.smithautodetailing1599.com/?utm_source=google,(528) 555-1599,Landline,,71599,Washington,SEATTLE,51-200,REF-1599
Davis Auto Detailing 1600,David Brown,Linda,owner1600@davisautodetailing1600.com,www.davisautodetailing1600.com/?utm_source=google,(930) 555-1600,Landline,,71600,MA,Boston,51-200,REF-1600
Brown Chiropractors 1601,Priya Davis,Robert,owner1601@brownchiropractors1601.com,www.brownchiropractors1601.com/?utm_source=google,(889) 555-1601,Mobile,,71601,Georgia,atlanta,,REF-1601
Brown Auto Detailing 1602,David Brown,Robert,owner1602@brownautodetailing1602.com,www.brownautodetailing1602.com/?utm_source=google,(932) 555-1602,Mobile,1702 Main St,71602,CO,denver,,REF-1602
Johnson Restaurants 1603,David Patel,Priya,owner1603@johnsonrestaurants1603.com,www.johnsonrestaurants1603.com/?utm_source=google,(970) 555-1603,Mobile,1703 Main St,71603,Massachusetts,boston,11-50,REF-1603
Brown Chiropractors 1604,Maria Kim,Ana,owner1604@brownchiropractors1604.com,www.brownchiropractors1604.com/?utm_source=google,(302) 555-1604,,1704 Main St,71604,Illinois,Chicago,51-200,REF-1604
Johnson Gyms 1605,Robert Smith,Robert,owner1605@johnsongyms1605.com,www.johnsongyms1605.com/?utm_source=google,(424) 555-1605,Landline,1705 Main St,71605,GE,Atlanta,51-200,REF-1605
Brown Chiropractors 1606,Ana Nguyen,David,owner1606@brownchiropractors1606.com,www.brownchiropractors1606.com/?utm_source=google,(659) 555-1606,,1706 Main St,71606,Georgia,Atlanta,11-50,REF-1606
Nguyen Salons 1607,Robert Davis,James,owner1607@nguyensalons1607.com,www.nguyensalons1607.com/?utm_source=google,(678) 555-1607,Mobile,,71607,FL,MIAMI,11-50,REF-1607
Smith Auto Repair 1608,Linda Patel,Ana,owner1608@smithautorepair1608.com,www.smithautorepair1608.com/?utm_source=google,(474) 555-1608,Mobile,,71608,IL,Chicago,11-50,REF-1608
Smith Gyms 1609,Linda Kim,Maria,owner1609@smithgyms1609.com,www.smithgyms1609.com/?utm_source=google,(637) 555-1609,Mobile,1709 Main St,71609,IL,CHICAGO,,REF-1609
Kim Salons 1610,Michael Brown,Linda,owner1610@kimsalons1610.com,www.kimsalons1610.com/?utm_source=google,(605) 555-1610,,1710 Main St,71610,GE,ATLANTA,11-50,REF-1610
Davis HVAC Services 1611,Robert Davis,Linda,owner1611@davishvacservices1611.com,www.davishvacservices1611.com/?utm_source=google,(268) 555-1611,Landline,1711 Main St,71611,Colorado,DENVER,11-50,REF-1611
Smith Accountants 1612,Priya Johnson,Maria,owner1612@,,(729) 555-1612,Landline,1712 Main St,71612,IL,CHICAGO,51-200,REF-1612
Nguyen Auto Detailing 1613,David Smith,Ana,owner1613@nguyenautodetailing1613.com,www.nguyenautodetailing1613.com/?utm_source=google,(433) 555-1613,,,71613,CO,denver,1-10,REF-1613
Davis Restaurants 1614,Priya Nguyen,James,owner1614@davisrestaurants1614.com,www.davisrestaurants1614.com/?utm_source=google,(682) 555-1614,,1714 Main St,71614,Illinois,CHICAGO,1-10,REF-1614
Davis Chiropractors 1615,Priya Brown,Maria,owner1615@davischiropractors1615.com,www.davischiropractors1615.com/?utm_source=google,(989) 555-1615,,1715 Main St,71615,AR,phoenix,1-10,REF-1615
Smith Accountants 1616,Linda Davis,Linda,owner1616@smithaccountants1616.com,www.smithaccountants1616.com/?utm_source=google,(373) 555-1616,,1716 Main St,71616,FL,miami,,REF-1616
Smith Plumbing 1617,Michael Johnson,Robert,owner1617@smithplumbing1617.com,www.smithplumbing1617.com/?utm_source=google,(911) 555-1617,Landline,,71617,FL,MIAMI,,REF-1617
Kim Accountants 1618,David Nguyen,Robert,,www.kimaccountants1618.com/?utm_source=google,(980) 555-1618,Mobile,1718 Main St,71618,Washington,SEATTLE,,REF-1618
Johnson Real Estate Agents 1619,Maria Johnson,Priya,owner1619@johnsonrealestateagents1619.com,,(357) 555-1619,Landline,1719 Main St,71619,Georgia,Atlanta,51-200,REF-1619
Smith Auto Repair 1620,Michael Brown,Robert,owner1620@smithautorepair1620.com,www.smithautorepair1620.com/?utm_source=google,(498) 555-1620,Mobile,,71620,Massachusetts,Boston,1-10,REF-1620
Smith Plumbing 1621,Ana Davis,Priya,,,(589) 555-1621,,,71621,CO,DENVER,51-200,REF-1621
Patel Restaurants 1622,Robert Brown,Linda,owner1622@patelrestaurants1622.com,www.patelrestaurants1622.com/?utm_source=google,(724) 555-1622,,1722 Main St,71622,Illinois,Chicago,1-10,REF-1622
Garcia Auto Repair 1623,James Davis,David,owner1623@garciaautorepair1623.com,www.garciaautorepair1623.com/?utm_source=google,(477) 555-1623,,,71623,Massachusetts,boston,,REF-1623
Brown Auto Repair 1624,Robert Garcia,Ana,owner1624@brownautorepair1624.com,,(659) 555-1624,Mobile,,71624,Washington,SEATTLE,1-10,REF-1624
Smith HVAC Services 1625,James Nguyen,James,owner1625@smithhvacservices1625.com,www.smithhvacservices1625.com/?utm_source=google,(752) 555-1625,Mobile,1725 Main St,71625,Colorado,denver,1-10,REF-1625
Johnson HVAC Services 1626,David Johnson,Michael,owner1626@johnsonhvacservices1626.com,www.johnsonhvacservices1626.com/?utm_source=google,(739) 555-1626,Landline,1726 Main St,71626,Arizona,PHOENIX,,REF-1626
Patel Real Estate Agents 1627,Robert Kim,Michael,owner1627@patelrealestateagents1627.com,,(629) 555-1627,,,71627,Arizona,PHOENIX,51-200,REF-1627
Kim Auto Repair 1628,Robert Smith,James,owner1628@kimautorepair1628.com,www.kimautorepair1628.com/?utm_source=google,(217) 555-1628,Mobile,1728 Main St,71628,AR,Phoenix,1-10,REF-1628
Brown HVAC Services 1629,Linda Patel,David,owner1629@brownhvacservices1629.com,www.brownhvacservices1629.com/?utm_source=google,(388) 555-1629,,,71629,GE,Atlanta,,REF-1629
Brown Chiropractors 1630,Robert Brown,Robert,owner1630@brownchiropractors1630.com,www.brownchiropractors1630.com/?utm_source=google,(582) 555-1630,Mobile,1730 Main St,71630,Illinois,CHICAGO,,REF-1630
Kim Chiropractors 1631,James Johnson,Michael,owner1631@kimchiropractors1631.com,www.kimchiropractors1631.com/?utm_source=google,(614) 555-1631,,,71631,GE,ATLANTA,51-200,REF-1631
Brown Auto Detailing 1632,Ana Johnson,Michael,owner1632@brownautodetailing1632.com,,(563) 555-1632,Mobile,1732 Main St,71632,AR,phoenix,,REF-1632
Patel Accountants 1633,Michael Smith,Linda,owner1633@patelaccountants1633.com,www.patelaccountants1633.com/?utm_source=google,(918) 555-1633,Landline,1733 Main St,71633,Massachusetts,Boston,11-50,REF-1633
Kim Gyms 1634,Ana Brown,David,owner1634@kimgyms1634.com,www.kimgyms1634.com/?utm_source=google,(402) 555-1634,Mobile,,71634,Massachusetts,boston,51-200,REF-1634
Brown Real Estate Agents 1635,Robert Patel,Michael,owner1635@brownrealestateagents1635.com,www.brownrealestateagents1635.com/?utm_source=google,(696) 555-1635,,1735 Main St,71635,Washington,SEATTLE,,REF-1635
Davis Salons 1636,David Johnson,James,owner1636@davissalons1636.com,www.davissalons1636.com/?utm_source=google,(607) 555-1636,Mobile,1736 Main St,71636,AR,Phoenix,1-10,REF-1636
Johnson Plumbing 1637,Linda Nguyen,Ana,owner1637@johnsonplumbing1637.com,www.johnsonplumbing1637.com/?utm_source=google,(952) 555-1637,Landline,1737 Main St,71637,WA,SEATTLE,51-200,REF-1637
Johnson Real Estate Agents 1638,David Smith,Michael,owner1638@johnsonrealestateagents1638.com,,(460) 555-1638,,,71638,MA,BOSTON,1-10,REF-1638
Nguyen Auto Repair 1639,Linda Garcia,Robert,owner1639@nguyenautorepair1639.com,www.nguyenautorepair1639.com/?utm_source=google,(612) 555-1639,Mobile,,71639,Florida,miami,11-50,REF-1639
Davis Auto Detailing 1640,Maria Brown,Linda,owner1640@,www.davisautodetailing1640.com/?utm_source=google,(491) 555-1640,,1740 Main St,71640,Massachusetts,Boston,11-50,REF-1640
Nguyen Auto Repair 1641,Priya Patel,Robert,owner1641@nguyenautorepair1641.com,www.nguyenautorepair1641.com/?utm_source=google,(756) 555-1641,Landline,,71641,IL,CHICAGO,11-50,REF-1641
Johnson HVAC Services 1642,Robert Brown,James,owner1642@johnsonhvacservices1642.com,www.johnsonhvacservices1642.com/?utm_source=google,(926) 555-1642,,,71642,Colorado,Denver,11-50,REF-1642
Kim Restaurants 1643,David Garcia,Michael,owner1643@kimrestaurants1643.com,www.kimrestaurants1643.com/?utm_source=google,(835) 555-1643,Landline,,71643,Illinois,CHICAGO,11-50,REF-1643
Smith HVAC Services 1644,Ana Nguyen,James,,www.smithhvacservices1644.com/?utm_source=google,(618) 555-1644,Landline,,71644,AR,PHOENIX,11-50,REF-1644
Brown Real Estate Agents 1645,James Brown,Linda,owner1645@brownrealestateagents1645.com,www.brownrealestateagents1645.com/?utm_source=google,(514) 555-1645,Landline,,71645,Arizona,phoenix,1-10,REF-1645
Kim Auto Repair 1646,Ana Davis,Maria,owner1646@kimautorepair1646.com,,(708) 555-1646,Landline,1746 Main St,71646,Georgia,Atlanta,51-200,REF-1646
Nguyen Plumbing 1647,Robert Smith,Robert,owner1647@nguyenplumbing1647.com,www.nguyenplumbing1647.com/?utm_source=google,(836) 555-1647,,1747 Main St,71647,Illinois,CHICAGO,1-10,REF-1647
Nguyen Accountants 1648,James Nguyen,Michael,owner1648@nguyenaccountants1648.com,www.nguyenaccountants1648.com/?utm_source=google,(500) 555-1648,Landline,,71648,MA,boston,,REF-1648
Davis Salons 1649,David Johnson,Linda,,www.davissalons1649.com/?utm_source=google,(267) 555-1649,Mobile,1749 Main St,71649,MA,boston,11-50,REF-1649
Kim Auto Repair 1650,Ana Garcia,Priya,owner1650@kimautorepair1650.com,www.kimautorepair1650.com/?utm_source=google,(873) 555-1650,Mobile,1750 Main St,71650,TE,Dallas,11-50,REF-1650
Nguyen Plumbing 1651,James Garcia,Ana,owner1651@nguyenplumbing1651.com,www.nguyenplumbing1651.com/?utm_source=google,(552) 555-1651,Landline,1751 Main St,71651,Washington,SEATTLE,,REF-1651
Brown Plumbing 1652,David Patel,Linda,owner1652@brownplumbing1652.com,www.brownplumbing1652.com/?utm_source=google,(319) 555-1652,Landline,,71652,MA,boston,,REF-1652
Smith Auto Detailing 1653,James Brown,Ana,owner1653@smithautodetailing1653.com,www.smithautodetailing1653.com/?utm_source=google,(320) 555-1653,,,71653,Colorado,Denver,1-10,REF-1653
Smith Chiropractors 1654,David Davis,Robert,owner1654@smithchiropractors1654.com,www.smithchiropractors1654.com/?utm_source=google,(956) 555-1654,,,71654,TE,DALLAS,51-200,REF-1654
Kim Salons 1655,James Johnson,David,owner1655@kimsalons1655.com,www.kimsalons1655.com/?utm_source=google,(822) 555-1655,,1755 Main St,71655,IL,chicago,51-200,REF-1655
Nguyen Gyms 1656,Ana Davis,Robert,owner1656@nguyengyms1656.com,www.nguyengyms1656.com/?utm_source=google,(394) 555-1656,,1756 Main St,71656,GE,atlanta,,REF-1656
Davis Accountants 1657,Priya Smith,Robert,owner1657@davisaccountants1657.com,,(895) 555-1657,,,71657,Illinois,CHICAGO,11-50,REF-1657
Garcia Restaurants 1658,Robert Davis,David,owner1658@garciarestaurants1658.com,,(543) 555-1658,,,71658,TE,DALLAS,,REF-1658
Davis Plumbing 1659,Maria Garcia,David,owner1659@davisplumbing1659.com,,(665) 555-1659,,1759 Main St,71659,Arizona,Phoenix,,REF-1659
Kim Plumbing 1660,Priya Kim,Michael,owner1660@kimplumbing1660.com,www.kimplumbing1660.com/?utm_source=google,(485) 555-1660,Landline,1760 Main St,71660,Georgia,ATLANTA,1-10,REF-1660
Kim Restaurants 1661,Michael Davis,Maria,owner1661@kimrestaurants1661.com,www.kimrestaurants1661.com/?utm_source=google,(786) 555-1661,Landline,1761 Main St,71661,TE,dallas,51-200,REF-1661
Johnson HVAC Services 1662,Robert Nguyen,Ana,owner1662@johnsonhvacservices1662.com,www.johnsonhvacservices1662.com/?utm_source=google,(790) 555-1662,Landline,1762 Main St,71662,WA,Seattle,,REF-1662
Garcia Chiropractors 1663,Michael Smith,Robert,owner1663@garciachiropractors1663.com,www.garciachiropractors1663.com/?utm_source=google,(768) 555-1663,Landline,,71663,WA,SEATTLE,51-200,REF-1663
Smith Auto Detailing 1664,James Davis,David,owner1664@smithautodetailing1664.com,www.smithautodetailing1664.com/?utm_source=google,(208) 555-1664,Landline,,71664,Florida,MIAMI,51-200,REF-1664
Garcia Salons 1665,Linda Smith,Maria,,www.garciasalons1665.com/?utm_source=google,(260) 555-1665,,,71665,Illinois,Chicago,11-50,REF-1665
Brown Chiropractors 1666,Linda Kim,Ana,owner1666@brownchiropractors1666.com,www.brownchiropractors1666.com/?utm_source=google,(912) 555-1666,,1766 Main St,71666,Illinois,CHICAGO,1-10,REF-1666
Smith HVAC Services 1667,David Smith,Robert,owner1667@smithhvacservices1667.com,www.smithhvacservices1667.com/?utm_source=google,(674) 555-1667,Landline,1767 Main St,71667,IL,chicago,11-50,REF-1667
Johnson Salons 1668,Michael Brown,Michael,,www.johnsonsalons1668.com/?utm_source=google,(430) 555-1668,,,71668,Colorado,DENVER,,REF-1668
Patel Accountants 1669,Linda Brown,Michael,owner1669@patelaccountants1669.com,www.patelaccountants1669.com/?utm_source=google,(607) 555-1669,Landline,,71669,Washington,SEATTLE,11-50,REF-1669
Kim Chiropractors 1670,James Patel,David,owner1670@kimchiropractors1670.com,www.kimchiropractors1670.com/?utm_source=google,(440) 555-1670,Landline,,71670,TE,Dallas,11-50,REF-1670
Smith Accountants 1671,Michael Kim,Robert,owner1671@smithaccountants1671.com,www.smithaccountants1671.com/?utm_source=google,(615) 555-1671,Mobile,,71671,WA,Seattle,11-50,REF-1671
Smith Accountants 1672,Linda Smith,Maria,,www.smithaccountants1672.com/?utm_source=google,(895) 555-1672,,1772 Main St,71672,Florida,miami,51-200,REF-1672
Davis Auto Repair 1673,Priya Smith,Ana,,,(461) 555-1673,Landline,,71673,Florida,MIAMI,11-50,REF-1673
Brown Salons 1674,David Brown,Ana,,www.brownsalons1674.com/?utm_source=google,(896) 555-1674,Landline,1774 Main St,71674,MA,BOSTON,,REF-1674
Garcia Plumbing 1675,Maria Davis,David,owner1675@garciaplumbing1675.com,www.garciaplumbing1675.com/?utm_source=google,(507) 555-1675,,1775 Main St,71675,Massachusetts,boston,11-50,REF-1675
Nguyen HVAC Services 1676,Ana Kim,Michael,owner1676@nguyenhvacservices1676.com,www.nguyenhvacservices1676.com/?utm_source=google,(772) 555-1676,Landline,1776 Main St,71676,Texas,dallas,51-200,REF-1676
Nguyen Auto Detailing 1677,Priya Kim,Maria,owner1677@nguyenautodetailing1677.com,www.nguyenautodetailing1677.com/?utm_source=google,(450) 555-1677,Mobile,1777 Main St,71677,Arizona,PHOENIX,1-10,REF-1677
Patel Chiropractors 1678,Linda Nguyen,Linda,owner1678@patelchiropractors1678.com,www.patelchiropractors1678.com/?utm_source=google,(347) 555-1678,,1778 Main St,71678,IL,Chicago,1-10,REF-1678
Brown Restaurants 1679,Robert Johnson,Ana,owner1679@brownrestaurants1679.com,www.brownrestaurants1679.com/?utm_source=google,(367) 555-1679,Landline,1779 Main St,71679,WA,seattle,1-10,REF-1679
Kim Salons 1680,Linda Johnson,Linda,owner1680@kimsalons1680.com,www.kimsalons1680.com/?utm_source=google,(546) 555-1680,,,71680,Arizona,Phoenix,1-10,REF-1680
Brown Auto Detailing 1681,James Garcia,David,owner1681@brownautodetailing1681.com,www.brownautodetailing1681.com/?utm_source=google,(433) 555-1681,Mobile,1781 Main St,71681,TE,Dallas,1-10,REF-1681
Garcia Salons 1682,Robert Smith,Priya,owner1682@garciasalons1682.com,www.garciasalons1682.com/?utm_source=google,(528) 555-1682,Mobile,1782 Main St,71682,MA,BOSTON,11-50,REF-1682
Smith Chiropractors 1683,Priya Patel,David,owner1683@smithchiropractors1683.com,www.smithchiropractors1683.com/?utm_source=google,(823) 555-1683,,,71683,Washington,Seattle,,REF-1683
Brown Auto Detailing 1684,Linda Johnson,Robert,owner1684@brownautodetailing1684.com,www.brownautodetailing1684.com/?utm_source=google,(642) 555-1684,,1784 Main St,71684,Washington,Seattle,51-200,REF-1684
Kim Real Estate Agents 1685,Maria Davis,James,owner1685@kimrealestateagents1685.com,www.kimrealestateagents1685.com/?utm_source=google,(611) 555-1685,Landline,1785 Main St,71685,Massachusetts,boston,,REF-1685
Smith Restaurants 1686,James Patel,Ana,owner1686@smithrestaurants1686.com,,(715) 555-1686,Landline,,71686,FL,Miami,,REF-1686
Smith Real Estate Agents 1687,Priya Brown,James,owner1687@,www.smithrealestateagents1687.com/?utm_source=google,(644) 555-1687,Landline,1787 Main St,71687,CO,DENVER,1-10,REF-1687
Davis HVAC Services 1688,James Davis,Robert,owner1688@,,(240) 555-1688,Mobile,1788 Main St,71688,Massachusetts,BOSTON,11-50,REF-1688
Davis HVAC Services 1689,Michael Kim,Michael,owner1689@davishvacservices1689.com,www.davishvacservices1689.com/?utm_source=google,(697) 555-1689,,1789 Main St,71689,Colorado,DENVER,1-10,REF-1689
Brown Gyms 1690,Maria Brown,David,owner1690@browngyms1690.com,,(957) 555-1690,,1790 Main St,71690,MA,Boston,11-50,REF-1690
Johnson Gyms 1691,David Brown,Linda,owner1691@johnsongyms1691.com,,(963) 555-1691,Mobile,1791 Main St,71691,GE,atlanta,,REF-1691
Johnson Chiropractors 1692,Maria Garcia,Ana,owner1692@johnsonchiropractors1692.com,www.johnsonchiropractors1692.com/?utm_source=google,(775) 555-1692,Landline,,71692,Texas,Dallas,,REF-1692
Davis Chiropractors 1693,Robert Johnson,Linda,owner1693@davischiropractors1693.com,www.davischiropractors1693.com/?utm_source=google,(743) 555-1693,,1793 Main St,71693,MA,boston,1-10,REF-1693
Davis Chiropractors 1694,Priya Garcia,Robert,owner1694@davischiropractors1694.com,www.davischiropractors1694.com/?utm_source=google,(331) 555-1694,Mobile,1794 Main St,71694,FL,Miami,11-50,REF-1694
Garcia Accountants 1695,James Davis,Maria,owner1695@garciaaccountants1695.com,www.garciaaccountants1695.com/?utm_source=google,(404) 555-1695,,1795 Main St,71695,CO,denver,11-50,REF-1695
Davis Real Estate Agents 1696,Ana Davis,Priya,,www.davisrealestateagents1696.com/?utm_source=google,(780) 555-1696,Landline,,71696,Colorado,Denver,51-200,REF-1696
Davis Chiropractors 1697,James Smith,Robert,owner1697@davischiropractors1697.com,www.davischiropractors1697.com/?utm_source=google,(593) 555-1697,Landline,,71697,Georgia,atlanta,11-50,REF-1697
Kim Plumbing 1698,David Brown,Ana,owner1698@kimplumbing1698.com,www.kimplumbing1698.com/?utm_source=google,(735) 555-1698,Landline,1798 Main St,71698,FL,miami,11-50,REF-1698
Brown Auto Repair 1699,Michael Smith,James,owner1699@brownautorepair1699.com,,(736) 555-1699,Landline,1799 Main St,71699,AR,PHOENIX,1-10,REF-1699
Patel Salons 1700,David Patel,Michael,,www.patelsalons1700.com/?utm_source=google,(357) 555-1700,Mobile,1800 Main St,71700,IL,chicago,,REF-1700
Brown Accountants 1701,Linda Nguyen,David,,www.brownaccountants1701.com/?utm_source=google,(636) 555-1701,Mobile,1801 Main St,71701,Massachusetts,boston,51-200,REF-1701
Kim Auto Detailing 1702,Linda Davis,Linda,,,(837) 555-1702,Landline,1802 Main St,71702,TE,Dallas,1-10,REF-1702
Smith Accountants 1703,Ana Smith,Linda,owner1703@,,(823) 555-1703,Landline,1803 Main St,71703,Washington,seattle,,REF-1703
Garcia Gyms 1704,Priya Kim,Priya,owner1704@garciagyms1704.com,,(479) 555-1704,Landline,1804 Main St,71704,WA,Seattle,1-10,REF-1704
Brown Plumbing 1705,Michael Patel,James,owner1705@brownplumbing1705.com,www.brownplumbing1705.com/?utm_source=google,(562) 555-1705,Landline,1805 Main St,71705,WA,seattle,,REF-1705
Kim Gyms 1706,Linda Brown,James,owner1706@kimgyms1706.com,www.kimgyms1706.com/?utm_source=google,(798) 555-1706,,1806 Main St,71706,Florida,Miami,51-200,REF-1706
Brown Auto Detailing 1707,James Nguyen,Maria,owner1707@brownautodetailing1707.com,www.brownautodetailing1707.com/?utm_source=google,(743) 555-1707,,1807 Main St,71707,Arizona,phoenix,11-50,REF-1707
Kim Gyms 1708,Michael Johnson,James,owner1708@kimgyms1708.com,www.kimgyms1708.com/?utm_source=google,(777) 555-1708,,1808 Main St,71708,IL,chicago,11-50,REF-1708
Kim Accountants 1709,Ana Garcia,Michael,owner1709@kimaccountants1709.com,,(635) 555-1709,,,71709,Washington,Seattle,,REF-1709
Patel Accountants 1710,David Brown,Maria,owner1710@patelaccountants1710.com,www.patelaccountants1710.com/?utm_source=google,(362) 555-1710,Mobile,1810 Main St,71710,Arizona,Phoenix,51-200,REF-1710
Davis Auto Detailing 1711,Michael Johnson,Priya,owner1711@davisautodetailing1711.com,www.davisautodetailing1711.com/?utm_source=google,(692) 555-1711,Landline,1811 Main St,71711,Florida,Miami,51-200,REF-1711
Davis Restaurants 1712,Linda Garcia,Ana,owner1712@davisrestaurants1712.com,,(742) 555-1712,Mobile,1812 Main St,71712,Illinois,chicago,1-10,REF-1712
Patel HVAC Services 1713,David Smith,David,owner1713@patelhvacservices1713.com,www.patelhvacservices1713.com/?utm_source=google,(441) 555-1713,Mobile,1813 Main St,71713,Florida,Miami,51-200,REF-1713
Smith Auto Repair 1714,Robert Nguyen,Priya,owner1714@smithautorepair1714.com,www.smithautorepair1714.com/?utm_source=google,(786) 555-1714,Mobile,,71714,MA,boston,11-50,REF-1714
Smith Accountants 1715,Michael Kim,Priya,owner1715@smithaccountants1715.com,www.smithaccountants1715.com/?utm_source=google,(920) 555-1715,Landline,,71715,MA,boston,51-200,REF-1715
Nguyen Plumbing 1716,Maria Smith,Priya,owner1716@nguyenplumbing1716.com,www.nguyenplumbing1716.com/?utm_source=google,(673) 555-1716,,,71716,Florida,miami,51-200,REF-1716
Brown Gyms 1717,David Johnson,David,owner1717@browngyms1717.com,www.browngyms1717.com/?utm_source=google,(415) 555-1717,,,71717,IL,chicago,1-10,REF-1717
Johnson Accountants 1718,Priya Davis,Maria,owner1718@johnsonaccountants1718.com,,(807) 555-1718,Landline,1818 Main St,71718,Illinois,Chicago,,REF-1718
Garcia Plumbing 1719,David Garcia,Robert,owner1719@,www.garciaplumbing1719.com/?utm_source=google,(227) 555-1719,,1819 Main St,71719,Texas,dallas,51-200,REF-1719
Garcia Gyms 1720,Robert Nguyen,Priya,,www.garciagyms1720.com/?utm_source=google,(803) 555-1720,,,71720,Illinois,Chicago,11-50,REF-1720
Brown Accountants 1721,Priya Smith,Linda,owner1721@brownaccountants1721.com,www.brownaccountants1721.com/?utm_source=google,(245) 555-1721,Landline,1821 Main St,71721,WA,SEATTLE,51-200,REF-1721
Nguyen Accountants 1722,Priya Smith,Priya,owner1722@nguyenaccountants1722.com,www.nguyenaccountants1722.com/?utm_source=google,(957) 555-1722,Mobile,1822 Main St,71722,Georgia,Atlanta,11-50,REF-1722
Smith Plumbing 1723,Ana Kim,James,owner1723@smithplumbing1723.com,www.smithplumbing1723.com/?utm_source=google,(859) 555-1723,Mobile,1823 Main St,71723,Florida,MIAMI,11-50,REF-1723
Smith Salons 1724,Linda Garcia,Maria,owner1724@smithsalons1724.com,www.smithsalons1724.com/?utm_source=google,(515) 555-1724,Landline,1824 Main St,71724,Colorado,Denver,1-10,REF-1724
Nguyen Plumbing 1725,Priya Garcia,Ana,owner1725@nguyenplumbing1725.com,www.nguyenplumbing1725.com/?utm_source=google,(602) 555-1725,,1825 Main St,71725,Illinois,CHICAGO,51-200,REF-1725
Smith Real Estate Agents 1726,Robert Nguyen,Michael,owner1726@smithrealestateagents1726.com,www.smithrealestateagents1726.com/?utm_source=google,(842) 555-1726,Landline,1826 Main St,71726,MA,boston,51-200,REF-1726
Smith Real Estate Agents 1727,Linda Davis,David,owner1727@smithrealestateagents1727.com,www.smithrealestateagents1727.com/?utm_source=google,(222) 555-1727,Mobile,1827 Main St,71727,Colorado,DENVER,11-50,REF-1727
Kim Real Estate Agents 1728,Linda Garcia,Ana,owner1728@kimrealestateagents1728.com,www.kimrealestateagents1728.com/?utm_source=google,(710) 555-1728,Landline,1828 Main St,71728,Georgia,ATLANTA,1-10,REF-1728
Garcia Real Estate Agents 1729,Linda Smith,Robert,owner1729@garciarealestateagents1729.com,www.garciarealestateagents1729.com/?utm_source=google,(290) 555-1729,Landline,1829 Main St,71729,GE,ATLANTA,1-10,REF-1729
Johnson Restaurants 1730,David Patel,Maria,owner1730@johnsonrestaurants1730.com,www.johnsonrestaurants1730.com/?utm_source=google,(841) 555-1730,,,71730,Georgia,ATLANTA,51-200,REF-1730
Kim HVAC Services 1731,Michael Brown,David,owner1731@kimhvacservices1731.com,www.kimhvacservices1731.com/?utm_source=google,(926) 555-1731,Landline,1831 Main St,71731,Illinois,chicago,11-50,REF-1731
Garcia Accountants 1732,Priya Brown,Maria,owner1732@garciaaccountants1732.com,www.garciaaccountants1732.com/?utm_source=google,(652) 555-1732,Mobile,1832 Main St,71732,Colorado,Denver,,REF-1732
Davis Accountants 1733,Maria Brown,Maria,owner1733@davisaccountants1733.com,www.davisaccountants1733.com/?utm_source=google,(981) 555-1733,Landline,1833 Main St,71733,TE,dallas,,REF-1733
Nguyen Gyms 1734,Priya Brown,James,owner1734@nguyengyms1734.com,www.nguyengyms1734.com/?utm_source=google,(331) 555-1734,,1834 Main St,71734,Colorado,DENVER,51-200,REF-1734
Nguyen Salons 1735,James Johnson,David,owner1735@nguyensalons1735.com,www.nguyensalons1735.com/?utm_source=google,(849) 555-1735,Landline,1835 Main St,71735,Georgia,ATLANTA,51-200,REF-1735
Nguyen Chiropractors 1736,Priya Kim,Maria,owner1736@nguyenchiropractors1736.com,www.nguyenchiropractors1736.com/?utm_source=google,(586) 555-1736,Landline,1836 Main St,71736,Texas,Dallas,1-10,REF-1736
Nguyen Plumbing 1737,James Johnson,Robert,owner1737@nguyenplumbing1737.com,,(915) 555-1737,Mobile,,71737,Washington,Seattle,1-10,REF-1737
Nguyen Real Estate Agents 1738,Priya Patel,James,owner1738@nguyenrealestateagents1738.com,,(663) 555-1738,,,71738,Washington,SEATTLE,11-50,REF-1738
Garcia Salons 1739,James Johnson,Linda,owner1739@garciasalons1739.com,www.garciasalons1739.com/?utm_source=google,(558) 555-1739,Mobile,1839 Main St,71739,WA,seattle,51-200,REF-1739
Davis Salons 1740,Maria Davis,Linda,owner1740@davissalons1740.com,www.davissalons1740.com/?utm_source=google,(331) 555-1740,Landline,,71740,AR,PHOENIX,51-200,REF-1740
Patel Gyms 1741,Robert Johnson,Priya,owner1741@patelgyms1741.com,www.patelgyms1741.com/?utm_source=google,(584) 555-1741,Landline,1841 Main St,71741,FL,MIAMI,,REF-1741
Patel Auto Detailing 1742,Robert Patel,Ana,,,(939) 555-1742,Mobile,1842 Main St,71742,GE,atlanta,11-50,REF-1742
Kim Accountants 1743,Linda Smith,Michael,owner1743@,www.kimaccountants1743.com/?utm_source=google,(446) 555-1743,Mobile,,71743,WA,seattle,51-200,REF-1743
Kim Auto Repair 1744,Linda Johnson,Ana,owner1744@kimautorepair1744.com,,(466) 555-1744,,1844 Main St,71744,FL,MIAMI,51-200,REF-1744
Nguyen Gyms 1745,James Brown,James,,www.nguyengyms1745.com/?utm_source=google,(492) 555-1745,Mobile,1845 Main St,71745,FL,miami,,REF-1745
Smith Accountants 1746,Ana Smith,James,owner1746@smithaccountants1746.com,,(913) 555-1746,,1846 Main St,71746,Georgia,Atlanta,11-50,REF-1746
Patel Restaurants 1747,Maria Brown,Linda,,www.patelrestaurants1747.com/?utm_source=google,(747) 555-1747,Landline,,71747,Texas,Dallas,51-200,REF-1747
Kim Accountants 1748,David Patel,David,,www.kimaccountants1748.com/?utm_source=google,(538) 555-1748,Landline,1848 Main St,71748,TE,DALLAS,,REF-1748
Nguyen Chiropractors 1749,Maria Patel,Michael,owner1749@nguyenchiropractors1749.com,,(960) 555-1749,Mobile,,71749,Washington,Seattle,1-10,REF-1749
Johnson Restaurants 1750,David Patel,Ana,owner1750@johnsonrestaurants1750.com,www.johnsonrestaurants1750.com/?utm_source=google,(219) 555-1750,,1850 Main St,71750,Illinois,Chicago,11-50,REF-1750
Brown Auto Repair 1751,James Davis,David,owner1751@brownautorepair1751.com,www.brownautorepair1751.com/?utm_source=google,(305) 555-1751,Landline,,71751,TE,DALLAS,1-10,REF-1751
Davis Auto Detailing 1752,Linda Nguyen,Robert,owner1752@davisautodetailing1752.com,,(339) 555-1752,Landline,,71752,TE,Dallas,1-10,REF-1752
Smith Chiropractors 1753,Robert Smith,Maria,owner1753@smithchiropractors1753.com,www.smithchiropractors1753.com/?utm_source=google,(956) 555-1753,,1853 Main St,71753,Arizona,Phoenix,1-10,REF-1753
Nguyen Salons 1754,Maria Nguyen,Linda,owner1754@nguyensalons1754.com,www.nguyensalons1754.com/?utm_source=google,(572) 555-1754,Mobile,1854 Main St,71754,Colorado,Denver,1-10,REF-1754
Patel Restaurants 1755,David Brown,Ana,owner1755@patelrestaurants1755.com,,(511) 555-1755,Mobile,1855 Main St,71755,CO,denver,51-200,REF-1755
Johnson HVAC Services 1756,David Davis,Linda,owner1756@johnsonhvacservices1756.com,www.johnsonhvacservices1756.com/?utm_source=google,(963) 555-1756,Mobile,1856 Main St,71756,IL,Chicago,51-200,REF-1756
Nguyen Real Estate Agents 1757,Ana Johnson,Priya,owner1757@nguyenrealestateagents1757.com,www.nguyenrealestateagents1757.com/?utm_source=google,(564) 555-1757,Landline,1857 Main St,71757,Massachusetts,boston,1-10,REF-1757
Patel HVAC Services 1758,Maria Brown,Priya,owner1758@patelhvacservices1758.com,www.patelhvacservices1758.com/?utm_source=google,(599) 555-1758,Mobile,1858 Main St,71758,Washington,SEATTLE,,REF-1758
Davis Gyms 1759,Michael Kim,Ana,owner1759@davisgyms1759.com,www.davisgyms1759.com/?utm_source=google,(614) 555-1759,,1859 Main St,71759,Washington,seattle,51-200,REF-1759
Davis Salons 1760,Linda Patel,Linda,owner1760@davissalons1760.com,www.davissalons1760.com/?utm_source=google,(915) 555-1760,,1860 Main St,71760,WA,Seattle,11-50,REF-1760
Brown Restaurants 1761,David Kim,Robert,owner1761@brownrestaurants1761.com,www.brownrestaurants1761.com/?utm_source=google,(546) 555-1761,Landline,,71761,AR,PHOENIX,51-200,REF-1761
Patel Restaurants 1762,Michael Davis,Ana,owner1762@patelrestaurants1762.com,www.patelrestaurants1762.com/?utm_source=google,(639) 555-1762,Mobile,1862 Main St,71762,Georgia,atlanta,,REF-1762
Brown HVAC Services 1763,Linda Garcia,David,owner1763@brownhvacservices1763.com,,(429) 555-1763,,1863 Main St,71763,Arizona,Phoenix,51-200,REF-1763
Kim Accountants 1764,Linda Smith,Priya,,www.kimaccountants1764.com/?utm_source=google,(685) 555-1764,Mobile,1864 Main St,71764,GE,ATLANTA,1-10,REF-1764
Brown Auto Detailing 1765,David Kim,James,owner1765@brownautodetailing1765.com,www.brownautodetailing1765.com/?utm_source=google,(343) 555-1765,Landline,1865 Main St,71765,Texas,Dallas,1-10,REF-1765
Davis Auto Repair 1766,Michael Kim,David,owner1766@davisautorepair1766.com,,(857) 555-1766,Landline,1866 Main St,71766,Colorado,denver,11-50,REF-1766
Nguyen Plumbing 1767,Linda Garcia,Priya,owner1767@nguyenplumbing1767.com,,(799) 555-1767,,1867 Main St,71767,WA,Seattle,1-10,REF-1767
Garcia HVAC Services 1768,Maria Johnson,David,owner1768@garciahvacservices1768.com,www.garciahvacservices1768.com/?utm_source=google,(592) 555-1768,,,71768,CO,Denver,51-200,REF-1768
Davis Real Estate Agents 1769,Linda Nguyen,Ana,owner1769@davisrealestateagents1769.com,www.davisrealestateagents1769.com/?utm_source=google,(313) 555-1769,Mobile,,71769,IL,Chicago,1-10,REF-1769
Garcia Plumbing 1770,Linda Brown,James,owner1770@garciaplumbing1770.com,www.garciaplumbing1770.com/?utm_source=google,(283) 555-1770,Mobile,,71770,IL,chicago,1-10,REF-1770
Kim Real Estate Agents 1771,Linda Brown,Maria,owner1771@kimrealestateagents1771.com,www.kimrealestateagents1771.com/?utm_source=google,(776) 555-1771,,1871 Main St,71771,WA,Seattle,,REF-1771
Kim Auto Repair 1772,James Garcia,Michael,owner1772@kimautorepair1772.com,www.kimautorepair1772.com/?utm_source=google,(293) 555-1772,Mobile,1872 Main St,71772,WA,SEATTLE,,REF-1772
Brown Auto Detailing 1773,Robert Smith,Robert,owner1773@brownautodetailing1773.com,www.brownautodetailing1773.com/?utm_source=google,(627) 555-1773,Landline,1873 Main St,71773,IL,CHICAGO,,REF-1773
Nguyen Auto Repair 1774,Maria Nguyen,Michael,owner1774@nguyenautorepair1774.com,www.nguyenautorepair1774.com/?utm_source=google,(960) 555-1774,Landline,1874 Main St,71774,IL,Chicago,,REF-1774
Nguyen Restaurants 1775,James Kim,Maria,,www.nguyenrestaurants1775.com/?utm_source=google,(805) 555-1775,Mobile,,71775,FL,Miami,,REF-1775
Garcia Plumbing 1776,Maria Kim,Maria,owner1776@garciaplumbing1776.com,www.garciaplumbing1776.com/?utm_source=google,(338) 555-1776,,,71776,MA,Boston,1-10,REF-1776
Smith Salons 1777,Maria Brown,Maria,owner1777@,,(746) 555-1777,Landline,1877 Main St,71777,MA,boston,1-10,REF-1777
Nguyen Real Estate Agents 1778,Priya Patel,Priya,owner1778@nguyenrealestateagents1778.com,www.nguyenrealestateagents1778.com/?utm_source=google,(638) 555-1778,Mobile,1878 Main St,71778,Texas,DALLAS,,REF-1778
Brown Auto Detailing 1779,Maria Davis,Maria,owner1779@brownautodetailing1779.com,www.brownautodetailing1779.com/?utm_source=google,(493) 555-1779,Mobile,,71779,Massachusetts,Boston,11-50,REF-1779
Garcia Salons 1780,Maria Patel,Linda,owner1780@garciasalons1780.com,www.garciasalons1780.com/?utm_source=google,(620) 555-1780,,1880 Main St,71780,Illinois,chicago,,REF-1780
Patel HVAC Services 1781,Ana Johnson,Priya,owner1781@patelhvacservices1781.com,www.patelhvacservices1781.com/?utm_source=google,(276) 555-1781,Mobile,,71781,CO,denver,51-200,REF-1781
Brown Auto Repair 1782,Ana Davis,David,owner1782@brownautorepair1782.com,www.brownautorepair1782.com/?utm_source=google,(718) 555-1782,,1882 Main St,71782,Massachusetts,Boston,,REF-1782
Patel Plumbing 1783,Ana Davis,Linda,owner1783@patelplumbing1783.com,www.patelplumbing1783.com/?utm_source=google,(716) 555-1783,Landline,1883 Main St,71783,Texas,dallas,,REF-1783
Davis Real Estate Agents 1784,Ana Davis,Ana,owner1784@davisrealestateagents1784.com,,(591) 555-1784,Mobile,1884 Main St,71784,Arizona,Phoenix,11-50,REF-1784
Nguyen Salons 1785,David Davis,Robert,,www.nguyensalons1785.com/?utm_source=google,(917) 555-1785,,1885 Main St,71785,Texas,Dallas,,REF-1785
Smith HVAC Services 1786,Maria Kim,Robert,owner1786@smithhvacservices1786.com,www.smithhvacservices1786.com/?utm_source=google,(207) 555-1786,Landline,1886 Main St,71786,Washington,SEATTLE,,REF-1786
Johnson Auto Repair 1787,Robert Johnson,Robert,owner1787@,,(358) 555-1787,Landline,,71787,FL,miami,11-50,REF-1787
Patel Chiropractors 1788,Michael Smith,James,owner1788@patelchiropractors1788.com,www.patelchiropractors1788.com/?utm_source=google,(239) 555-1788,,1888 Main St,71788,GE,atlanta,,REF-1788
Garcia Restaurants 1789,Linda Patel,James,owner1789@garciarestaurants1789.com,www.garciarestaurants1789.com/?utm_source=google,(521) 555-1789,Mobile,1889 Main St,71789,FL,Miami,1-10,REF-1789
Smith Accountants 1790,David Brown,Maria,owner1790@smithaccountants1790.com,www.smithaccountants1790.com/?utm_source=google,(880) 555-1790,Landline,1890 Main St,71790,Arizona,PHOENIX,51-200,REF-1790
Smith Accountants 1791,James Garcia,James,owner1791@,www.smithaccountants1791.com/?utm_source=google,(304) 555-1791,,,71791,GE,Atlanta,11-50,REF-1791
Johnson Auto Repair 1792,Maria Brown,Michael,owner1792@johnsonautorepair1792.com,www.johnsonautorepair1792.com/?utm_source=google,(619) 555-1792,Landline,,71792,Florida,MIAMI,,REF-1792
Nguyen Chiropractors 1793,Linda Patel,Priya,,www.nguyenchiropractors1793.com/?utm_source=google,(772) 555-1793,,1893 Main St,71793,Texas,DALLAS,1-10,REF-1793
Johnson Real Estate Agents 1794,Priya Brown,Linda,,www.johnsonrealestateagents1794.com/?utm_source=google,(612) 555-1794,,1894 Main St,71794,TE,dallas,11-50,REF-1794
Patel Plumbing 1795,Michael Smith,Michael,owner1795@patelplumbing1795.com,,(954) 555-1795,Mobile,1895 Main St,71795,MA,BOSTON,,REF-1795
Johnson Salons 1796,David Smith,David,owner1796@johnsonsalons1796.com,,(249) 555-1796,Landline,1896 Main St,71796,FL,Miami,1-10,REF-1796
Patel Real Estate Agents 1797,James Garcia,David,owner1797@patelrealestateagents1797.com,www.patelrealestateagents1797.com/?utm_source=google,(654) 555-1797,Landline,,71797,Colorado,denver,,REF-1797
Johnson Salons 1798,James Brown,Linda,owner1798@johnsonsalons1798.com,www.johnsonsalons1798.com/?utm_source=google,(608) 555-1798,,1898 Main St,71798,IL,chicago,11-50,REF-1798
Kim Salons 1799,Robert Patel,James,owner1799@kimsalons1799.com,www.kimsalons1799.com/?utm_source=google,(891) 555-1799,Mobile,,71799,Massachusetts,boston,1-10,REF-1799
Smith Restaurants 1800,Michael Garcia,Priya,owner1800@smithrestaurants1800.com,www.smithrestaurants1800.com/?utm_source=google,(515) 555-1800,Mobile,1900 Main St,71800,CO,Denver,51-200,REF-1800
Patel Gyms 1801,Ana Kim,Michael,owner1801@patelgyms1801.com,www.patelgyms1801.com/?utm_source=google,(798) 555-1801,Mobile,1901 Main St,71801,TE,DALLAS,51-200,REF-1801
Brown Auto Detailing 1802,Priya Smith,Linda,owner1802@,www.brownautodetailing1802.com/?utm_source=google,(418) 555-1802,Mobile,1902 Main St,71802,AR,PHOENIX,11-50,REF-1802
Nguyen Plumbing 1803,Ana Johnson,David,owner1803@nguyenplumbing1803.com,www.nguyenplumbing1803.com/?utm_source=google,(486) 555-1803,Mobile,1903 Main St,71803,Arizona,PHOENIX,51-200,REF-1803
Garcia HVAC Services 1804,Maria Kim,Michael,owner1804@garciahvacservices1804.com,www.garciahvacservices1804.com/?utm_source=google,(814) 555-1804,Mobile,1904 Main St,71804,Arizona,phoenix,,REF-1804
Johnson HVAC Services 1805,Ana Nguyen,Robert,owner1805@johnsonhvacservices1805.com,www.johnsonhvacservices1805.com/?utm_source=google,(591) 555-1805,,,71805,Massachusetts,boston,1-10,REF-1805
Smith Chiropractors 1806,Maria Nguyen,Robert,owner1806@smithchiropractors1806.com,www.smithchiropractors1806.com/?utm_source=google,(509) 555-1806,,1906 Main St,71806,FL,Miami,1-10,REF-1806
Davis Chiropractors 1807,James Garcia,Linda,,www.davischiropractors1807.com/?utm_source=google,(416) 555-1807,Landline,1907 Main St,71807,IL,CHICAGO,51-200,REF-1807
Smith Auto Repair 1808,James Johnson,Ana,,www.smithautorepair1808.com/?utm_source=google,(585) 555-1808,Mobile,,71808,IL,chicago,11-50,REF-1808
Patel Real Estate Agents 1809,Michael Smith,Priya,owner1809@patelrealestateagents1809.com,www.patelrealestateagents1809.com/?utm_source=google,(836) 555-1809,Mobile,,71809,TE,dallas,1-10,REF-1809
Garcia Chiropractors 1810,Priya Kim,Maria,owner1810@garciachiropractors1810.com,www.garciachiropractors1810.com/?utm_source=google,(585) 555-1810,Landline,1910 Main St,71810,GE,Atlanta,51-200,REF-1810
Brown Auto Detailing 1811,Ana Nguyen,Maria,owner1811@brownautodetailing1811.com,www.brownautodetailing1811.com/?utm_source=google,(886) 555-1811,Landline,1911 Main St,71811,TE,dallas,51-200,REF-1811
Patel Plumbing 1812,Priya Davis,Maria,owner1812@,,(789) 555-1812,Mobile,1912 Main St,71812,IL,chicago,,REF-1812
Smith HVAC Services 1813,Linda Garcia,Maria,owner1813@,www.smithhvacservices1813.com/?utm_source=google,(841) 555-1813,,1913 Main St,71813,TE,Dallas,51-200,REF-1813
Nguyen Real Estate Agents 1814,Robert Johnson,Linda,owner1814@nguyenrealestateagents1814.com,www.nguyenrealestateagents1814.com/?utm_source=google,(326) 555-1814,,1914 Main St,71814,Washington,Seattle,1-10,REF-1814
Patel HVAC Services 1815,Priya Garcia,Maria,owner1815@patelhvacservices1815.com,www.patelhvacservices1815.com/?utm_source=google,(355) 555-1815,,1915 Main St,71815,Colorado,Denver,,REF-1815
Patel Restaurants 1816,Linda Johnson,Linda,owner1816@patelrestaurants1816.com,www.patelrestaurants1816.com/?utm_source=google,(274) 555-1816,Mobile,,71816,MA,boston,51-200,REF-1816
Johnson HVAC Services 1817,Michael Garcia,Priya,owner1817@johnsonhvacservices1817.com,www.johnsonhvacservices1817.com/?utm_source=google,(406) 555-1817,,1917 Main St,71817,GE,ATLANTA,,REF-1817
Johnson Plumbing 1818,Maria Brown,James,,www.johnsonplumbing1818.com/?utm_source=google,(561) 555-1818,Mobile,1918 Main St,71818,GE,atlanta,1-10,REF-1818
Nguyen HVAC Services 1819,Ana Garcia,Robert,owner1819@nguyenhvacservices1819.com,www.nguyenhvacservices1819.com/?utm_source=google,(486) 555-1819,Landline,1919 Main St,71819,Massachusetts,Boston,51-200,REF-1819
Patel Plumbing 1820,David Kim,David,owner1820@patelplumbing1820.com,www.patelplumbing1820.com/?utm_source=google,(651) 555-1820,,,71820,WA,Seattle,1-10,REF-1820
Patel Salons 1821,James Brown,David,owner1821@patelsalons1821.com,www.patelsalons1821.com/?utm_source=google,(522) 555-1821,Mobile,1921 Main St,71821,Colorado,DENVER,51-200,REF-1821
Patel Plumbing 1822,Robert Smith,David,owner1822@patelplumbing1822.com,www.patelplumbing1822.com/?utm_source=google,(968) 555-1822,Landline,1922 Main St,71822,WA,Seattle,1-10,REF-1822
Kim Plumbing 1823,Linda Brown,Michael,owner1823@kimplumbing1823.com,www.kimplumbing1823.com/?utm_source=google,(274) 555-1823,Mobile,1923 Main St,71823,IL,chicago,11-50,REF-1823
Johnson Auto Detailing 1824,Michael Kim,Priya,owner1824@johnsonautodetailing1824.com,www.johnsonautodetailing1824.com/?utm_source=google,(906) 555-1824,,1924 Main St,71824,Arizona,phoenix,11-50,REF-1824
Johnson Real Estate Agents 1825,Michael Smith,Priya,owner1825@johnsonrealestateagents1825.com,,(435) 555-1825,,1925 Main St,71825,Massachusetts,Boston,11-50,REF-1825
Nguyen Real Estate Agents 1826,Robert Smith,Michael,owner1826@nguyenrealestateagents1826.com,www.nguyenrealestateagents1826.com/?utm_source=google,(934) 555-1826,Landline,1926 Main St,71826,AR,Phoenix,51-200,REF-1826
Nguyen Restaurants 1827,David Nguyen,James,owner1827@nguyenrestaurants1827.com,,(341) 555-1827,Mobile,,71827,Washington,SEATTLE,11-50,REF-1827
Johnson Accountants 1828,Michael Nguyen,Linda,owner1828@johnsonaccountants1828.com,www.johnsonaccountants1828.com/?utm_source=google,(417) 555-1828,Landline,1928 Main St,71828,CO,Denver,1-10,REF-1828
Kim Accountants 1829,Maria Nguyen,David,owner1829@kimaccountants1829.com,,(543) 555-1829,,1929 Main St,71829,WA,seattle,1-10,REF-1829
Davis Auto Detailing 1830,James Garcia,Linda,owner1830@davisautodetailing1830.com,,(836) 555-1830,Landline,1930 Main St,71830,Florida,MIAMI,1-10,REF-1830
Smith Plumbing 1831,Ana Brown,David,,,(553) 555-1831,,1931 Main St,71831,Illinois,CHICAGO,,REF-1831
Brown Restaurants 1832,Maria Smith,Michael,owner1832@brownrestaurants1832.com,,(447) 555-1832,Mobile,1932 Main St,71832,IL,CHICAGO,11-50,REF-1832
Patel Auto Repair 1833,Maria Brown,Linda,owner1833@patelautorepair1833.com,www.patelautorepair1833.com/?utm_source=google,(669) 555-1833,Landline,1933 Main St,71833,Georgia,Atlanta,,REF-1833
Garcia Gyms 1834,Ana Davis,Michael,owner1834@garciagyms1834.com,www.garciagyms1834.com/?utm_source=google,(698) 555-1834,Landline,1934 Main St,71834,Illinois,Chicago,,REF-1834
Garcia Chiropractors 1835,Linda Kim,Maria,owner1835@garciachiropractors1835.com,www.garciachiropractors1835.com/?utm_source=google,(309) 555-1835,Landline,1935 Main St,71835,MA,boston,51-200,REF-1835
Kim Auto Repair 1836,David Kim,Ana,owner1836@kimautorepair1836.com,www.kimautorepair1836.com/?utm_source=google,(929) 555-1836,,,71836,Texas,Dallas,51-200,REF-1836
Smith Auto Repair 1837,James Patel,Linda,owner1837@smithautorepair1837.com,www.smithautorepair1837.com/?utm_source=google,(461) 555-1837,Landline,1937 Main St,71837,Massachusetts,BOSTON,11-50,REF-1837
Kim HVAC Services 1838,Ana Nguyen,Ana,owner1838@kimhvacservices1838.com,www.kimhvacservices1838.com/?utm_source=google,(453) 555-1838,,1938 Main St,71838,Florida,miami,1-10,REF-1838
Johnson HVAC Services 1839,Priya Patel,James,,,(538) 555-1839,,1939 Main St,71839,WA,seattle,51-200,REF-1839
Smith Gyms 1840,Linda Smith,Robert,owner1840@smithgyms1840.com,www.smithgyms1840.com/?utm_source=google,(549) 555-1840,Mobile,,71840,GE,Atlanta,51-200,REF-1840
Nguyen HVAC Services 1841,Maria Patel,James,owner1841@nguyenhvacservices1841.com,,(328) 555-1841,,1941 Main St,71841,WA,seattle,,REF-1841
Kim Restaurants 1842,James Kim,Robert,owner1842@kimrestaurants1842.com,www.kimrestaurants1842.com/?utm_source=google,(208) 555-1842,,1942 Main St,71842,Illinois,CHICAGO,1-10,REF-1842
Kim Real Estate Agents 1843,Maria Garcia,Michael,owner1843@kimrealestateagents1843.com,,(331) 555-1843,,1943 Main St,71843,MA,Boston,,REF-1843
Smith Gyms 1844,Maria Johnson,Maria,owner1844@smithgyms1844.com,,(344) 555-1844,,1944 Main St,71844,Illinois,Chicago,11-50,REF-1844
Nguyen Salons 1845,James Patel,Priya,owner1845@nguyensalons1845.com,www.nguyensalons1845.com/?utm_source=google,(908) 555-1845,,1945 Main St,71845,MA,Boston,51-200,REF-1845
Garcia Auto Repair 1846,David Patel,David,owner1846@garciaautorepair1846.com,www.garciaautorepair1846.com/?utm_source=google,(666) 555-1846,Landline,,71846,MA,BOSTON,1-10,REF-1846
Brown Restaurants 1847,Ana Johnson,Robert,,www.brownrestaurants1847.com/?utm_source=google,(488) 555-1847,Mobile,1947 Main St,71847,CO,DENVER,11-50,REF-1847
Nguyen Restaurants 1848,Robert Johnson,Maria,owner1848@nguyenrestaurants1848.com,www.nguyenrestaurants1848.com/?utm_source=google,(978) 555-1848,Landline,,71848,Massachusetts,boston,,REF-1848
Kim Plumbing 1849,David Smith,Maria,owner1849@kimplumbing1849.com,www.kimplumbing1849.com/?utm_source=google,(855) 555-1849,,,71849,CO,Denver,,REF-1849
Davis Auto Detailing 1850,Robert Davis,James,owner1850@davisautodetailing1850.com,,(233) 555-1850,Mobile,1950 Main St,71850,Texas,DALLAS,11-50,REF-1850
Kim Real Estate Agents 1851,Linda Nguyen,Ana,owner1851@kimrealestateagents1851.com,www.kimrealestateagents1851.com/?utm_source=google,(712) 555-1851,,,71851,FL,Miami,1-10,REF-1851
Davis Auto Repair 1852,Maria Brown,David,owner1852@davisautorepair1852.com,www.davisautorepair1852.com/?utm_source=google,(927) 555-1852,,1952 Main St,71852,CO,denver,1-10,REF-1852
Nguyen Chiropractors 1853,Priya Johnson,David,,www.nguyenchiropractors1853.com/?utm_source=google,(349) 555-1853,,,71853,IL,CHICAGO,11-50,REF-1853
Kim Salons 1854,Michael Smith,James,owner1854@kimsalons1854.com,www.kimsalons1854.com/?utm_source=google,(905) 555-1854,,1954 Main St,71854,Arizona,Phoenix,51-200,REF-1854
Brown Auto Detailing 1855,David Smith,Ana,owner1855@brownautodetailing1855.com,,(224) 555-1855,,1955 Main St,71855,TE,Dallas,1-10,REF-1855
Davis Real Estate Agents 1856,Linda Smith,Linda,owner1856@davisrealestateagents1856.com,www.davisrealestateagents1856.com/?utm_source=google,(527) 555-1856,Landline,1956 Main St,71856,Texas,dallas,1-10,REF-1856
Smith Auto Detailing 1857,James Smith,Linda,,,(654) 555-1857,,,71857,Texas,dallas,,REF-1857
Patel Chiropractors 1858,Michael Garcia,Ana,owner1858@patelchiropractors1858.com,www.patelchiropractors1858.com/?utm_source=google,(814) 555-1858,Mobile,1958 Main St,71858,Georgia,ATLANTA,1-10,REF-1858
Nguyen Auto Detailing 1859,David Davis,Maria,owner1859@nguyenautodetailing1859.com,www.nguyenautodetailing1859.com/?utm_source=google,(627) 555-1859,Landline,,71859,Colorado,DENVER,,REF-1859
Davis Chiropractors 1860,Ana Brown,Priya,owner1860@davischiropractors1860.com,www.davischiropractors1860.com/?utm_source=google,(462) 555-1860,Landline,1960 Main St,71860,AR,PHOENIX,1-10,REF-1860
Smith Auto Repair 1861,Linda Nguyen,James,owner1861@smithautorepair1861.com,www.smithautorepair1861.com/?utm_source=google,(643) 555-1861,Landline,1961 Main St,71861,TE,DALLAS,11-50,REF-1861
Garcia Chiropractors 1862,Robert Davis,Linda,owner1862@garciachiropractors1862.com,www.garciachiropractors1862.com/?utm_source=google,(617) 555-1862,,1962 Main St,71862,Texas,DALLAS,,REF-1862
Davis HVAC Services 1863,Maria Kim,Priya,owner1863@davishvacservices1863.com,www.davishvacservices1863.com/?utm_source=google,(328) 555-1863,,1963 Main St,71863,Massachusetts,boston,1-10,REF-1863
Smith HVAC Services 1864,David Johnson,Priya,,www.smithhvacservices1864.com/?utm_source=google,(376) 555-1864,,,71864,FL,miami,51-200,REF-1864
Nguyen Real Estate Agents 1865,David Garcia,David,owner1865@nguyenrealestateagents1865.com,www.nguyenrealestateagents1865.com/?utm_source=google,(532) 555-1865,Mobile,,71865,Illinois,chicago,11-50,REF-1865
Patel Gyms 1866,Maria Johnson,Ana,owner1866@patelgyms1866.com,www.patelgyms1866.com/?utm_source=google,(688) 555-1866,Landline,1966 Main St,71866,GE,atlanta,51-200,REF-1866
Smith HVAC Services 1867,Linda Patel,James,owner1867@smithhvacservices1867.com,www.smithhvacservices1867.com/?utm_source=google,(274) 555-1867,,1967 Main St,71867,CO,Denver,51-200,REF-1867
Patel Auto Repair 1868,Linda Garcia,Robert,owner1868@patelautorepair1868.com,www.patelautorepair1868.com/?utm_source=google,(560) 555-1868,Landline,1968 Main St,71868,Washington,SEATTLE,51-200,REF-1868
Brown Auto Repair 1869,James Smith,Ana,owner1869@brownautorepair1869.com,www.brownautorepair1869.com/?utm_source=google,(204) 555-1869,,1969 Main St,71869,TE,dallas,1-10,REF-1869
Kim Accountants 1870,Priya Smith,Linda,owner1870@kimaccountants1870.com,www.kimaccountants1870.com/?utm_source=google,(344) 555-1870,,,71870,Massachusetts,Boston,1-10,REF-1870
Garcia Plumbing 1871,David Smith,Priya,owner1871@garciaplumbing1871.com,www.garciaplumbing1871.com/?utm_source=google,(785) 555-1871,Mobile,1971 Main St,71871,IL,Chicago,1-10,REF-1871
Nguyen Chiropractors 1872,Linda Garcia,James,owner1872@nguyenchiropractors1872.com,www.nguyenchiropractors1872.com/?utm_source=google,(242) 555-1872,Mobile,1972 Main St,71872,GE,ATLANTA,1-10,REF-1872
Brown Auto Detailing 1873,David Davis,Robert,owner1873@brownautodetailing1873.com,www.brownautodetailing1873.com/?utm_source=google,(787) 555-1873,Landline,1973 Main St,71873,AR,PHOENIX,11-50,REF-1873
Kim Auto Detailing 1874,Maria Brown,Michael,owner1874@kimautodetailing1874.com,www.kimautodetailing1874.com/?utm_source=google,(879) 555-1874,,1974 Main St,71874,FL,MIAMI,51-200,REF-1874
Davis Salons 1875,Priya Nguyen,Ana,owner1875@davissalons1875.com,www.davissalons1875.com/?utm_source=google,(459) 555-1875,Landline,,71875,IL,CHICAGO,,REF-1875
Davis Salons 1876,David Patel,Linda,owner1876@davissalons1876.com,www.davissalons1876.com/?utm_source=google,(474) 555-1876,,,71876,WA,SEATTLE,1-10,REF-1876
Johnson Plumbing 1877,Priya Nguyen,David,owner1877@johnsonplumbing1877.com,www.johnsonplumbing1877.com/?utm_source=google,(506) 555-1877,,1977 Main St,71877,Washington,Seattle,51-200,REF-1877
Kim Real Estate Agents 1878,Michael Nguyen,Robert,,www.kimrealestateagents1878.com/?utm_source=google,(866) 555-1878,Landline,1978 Main St,71878,Florida,MIAMI,11-50,REF-1878
Davis Salons 1879,Ana Smith,Ana,owner1879@davissalons1879.com,,(941) 555-1879,Landline,1979 Main St,71879,Georgia,atlanta,,REF-1879
Brown Gyms 1880,Robert Smith,James,owner1880@browngyms1880.com,www.browngyms1880.com/?utm_source=google,(487) 555-1880,Mobile,1980 Main St,71880,Arizona,PHOENIX,,REF-1880
Nguyen Real Estate Agents 1881,Priya Johnson,Ana,owner1881@nguyenrealestateagents1881.com,www.nguyenrealestateagents1881.com/?utm_source=google,(553) 555-1881,,1981 Main St,71881,Massachusetts,Boston,,REF-1881
Johnson Auto Repair 1882,Ana Garcia,Ana,owner1882@johnsonautorepair1882.com,,(335) 555-1882,,1982 Main St,71882,Washington,seattle,11-50,REF-1882
Garcia Auto Detailing 1883,Ana Nguyen,Maria,owner1883@garciaautodetailing1883.com,,(675) 555-1883,,,71883,Arizona,Phoenix,51-200,REF-1883
Nguyen Gyms 1884,Maria Garcia,Robert,,www.nguyengyms1884.com/?utm_source=google,(561) 555-1884,,,71884,Florida,miami,11-50,REF-1884
Brown Chiropractors 1885,David Davis,Robert,owner1885@,www.brownchiropractors1885.com/?utm_source=google,(552) 555-1885,Mobile,1985 Main St,71885,MA,boston,1-10,REF-1885
Patel Accountants 1886,Ana Garcia,Michael,owner1886@patelaccountants1886.com,www.patelaccountants1886.com/?utm_source=google,(641) 555-1886,Mobile,1986 Main St,71886,Georgia,ATLANTA,1-10,REF-1886
Garcia Plumbing 1887,Michael Patel,Ana,owner1887@garciaplumbing1887.com,www.garciaplumbing1887.com/?utm_source=google,(900) 555-1887,Mobile,1987 Main St,71887,Texas,dallas,1-10,REF-1887
Garcia Real Estate Agents 1888,Linda Nguyen,Priya,owner1888@garciarealestateagents1888.com,www.garciarealestateagents1888.com/?utm_source=google,(297) 555-1888,Mobile,1988 Main St,71888,AR,phoenix,11-50,REF-1888
Davis HVAC Services 1889,Maria Johnson,David,owner1889@davishvacservices1889.com,,(463) 555-1889,,,71889,AR,phoenix,1-10,REF-1889
Davis Auto Detailing 1890,Maria Davis,Linda,owner1890@davisautodetailing1890.com,,(440) 555-1890,,1990 Main St,71890,Illinois,chicago,51-200,REF-1890
Patel Auto Detailing 1891,Ana Johnson,Robert,,www.patelautodetailing1891.com/?utm_source=google,(920) 555-1891,,1991 Main St,71891,Colorado,DENVER,,REF-1891
Brown Chiropractors 1892,James Brown,Ana,owner1892@brownchiropractors1892.com,www.brownchiropractors1892.com/?utm_source=google,(292) 555-1892,,,71892,Georgia,Atlanta,1-10,REF-1892
Davis Plumbing 1893,James Johnson,Robert,owner1893@davisplumbing1893.com,www.davisplumbing1893.com/?utm_source=google,(443) 555-1893,Mobile,,71893,Georgia,atlanta,11-50,REF-1893
Davis Plumbing 1894,Maria Garcia,Ana,owner1894@davisplumbing1894.com,www.davisplumbing1894.com/?utm_source=google,(224) 555-1894,,,71894,MA,Boston,,REF-1894
Brown Accountants 1895,Ana Nguyen,Maria,owner1895@brownaccountants1895.com,www.brownaccountants1895.com/?utm_source=google,(902) 555-1895,,1995 Main St,71895,GE,atlanta,,REF-1895
Smith Auto Repair 1896,Maria Kim,Robert,owner1896@smithautorepair1896.com,www.smithautorepair1896.com/?utm_source=google,(547) 555-1896,Mobile,1996 Main St,71896,Florida,Miami,,REF-1896
Garcia HVAC Services 1897,Priya Nguyen,Robert,owner1897@garciahvacservices1897.com,,(807) 555-1897,,,71897,Arizona,phoenix,51-200,REF-1897
Davis Restaurants 1898,Maria Smith,Ana,owner1898@davisrestaurants1898.com,,(726) 555-1898,,1998 Main St,71898,Massachusetts,boston,11-50,REF-1898
Patel Plumbing 1899,James Brown,Michael,owner1899@patelplumbing1899.com,www.patelplumbing1899.com/?utm_source=google,(210) 555-1899,Mobile,,71899,TE,DALLAS,1-10,REF-1899
Smith Accountants 1900,Michael Patel,James,owner1900@smithaccountants1900.com,,(523) 555-1900,,2000 Main St,71900,MA,Boston,1-10,REF-1900
Smith Auto Detailing 1901,Linda Brown,David,owner1901@smithautodetailing1901.com,www.smithautodetailing1901.com/?utm_source=google,(670) 555-1901,,2001 Main St,71901,Colorado,DENVER,1-10,REF-1901
Garcia Restaurants 1902,Linda Johnson,Priya,,,(249) 555-1902,Landline,,71902,Washington,seattle,51-200,REF-1902
Brown Auto Detailing 1903,James Garcia,Linda,owner1903@,www.brownautodetailing1903.com/?utm_source=google,(760) 555-1903,Mobile,2003 Main St,71903,Texas,Dallas,,REF-1903
Garcia Accountants 1904,David Garcia,David,owner1904@garciaaccountants1904.com,www.garciaaccountants1904.com/?utm_source=google,(209) 555-1904,Mobile,2004 Main St,71904,Georgia,ATLANTA,51-200,REF-1904
Smith Restaurants 1905,Michael Kim,David,owner1905@smithrestaurants1905.com,www.smithrestaurants1905.com/?utm_source=google,(247) 555-1905,Mobile,,71905,Washington,Seattle,11-50,REF-1905
Kim Auto Repair 1906,Priya Garcia,David,owner1906@kimautorepair1906.com,www.kimautorepair1906.com/?utm_source=google,(774) 555-1906,Landline,2006 Main St,71906,Illinois,CHICAGO,11-50,REF-1906
Nguyen Auto Repair 1907,Ana Garcia,Maria,owner1907@nguyenautorepair1907.com,www.nguyenautorepair1907.com/?utm_source=google,(798) 555-1907,Mobile,2007 Main St,71907,AR,phoenix,11-50,REF-1907
Kim Plumbing 1908,David Patel,Ana,owner1908@,www.kimplumbing1908.com/?utm_source=google,(317) 555-1908,,,71908,WA,seattle,,REF-1908
Kim Restaurants 1909,Maria Davis,Robert,owner1909@kimrestaurants1909.com,www.kimrestaurants1909.com/?utm_source=google,(446) 555-1909,,2009 Main St,71909,Massachusetts,Boston,51-200,REF-1909
Nguyen HVAC Services 1910,Ana Patel,Priya,owner1910@nguyenhvacservices1910.com,www.nguyenhvacservices1910.com/?utm_source=google,(300) 555-1910,Mobile,2010 Main St,71910,MA,BOSTON,11-50,REF-1910
Johnson Auto Detailing 1911,Michael Davis,Maria,owner1911@johnsonautodetailing1911.com,www.johnsonautodetailing1911.com/?utm_source=google,(600) 555-1911,Landline,,71911,AR,Phoenix,1-10,REF-1911
Garcia Auto Detailing 1912,Priya Davis,Maria,,www.garciaautodetailing1912.com/?utm_source=google,(378) 555-1912,,2012 Main St,71912,CO,Denver,11-50,REF-1912
Garcia Accountants 1913,David Nguyen,David,owner1913@garciaaccountants1913.com,www.garciaaccountants1913.com/?utm_source=google,(227) 555-1913,Landline,2013 Main St,71913,GE,ATLANTA,51-200,REF-1913
Smith Gyms 1914,Linda Smith,James,owner1914@smithgyms1914.com,www.smithgyms1914.com/?utm_source=google,(425) 555-1914,Landline,2014 Main St,71914,Massachusetts,boston,1-10,REF-1914
Johnson Auto Repair 1915,Robert Garcia,Robert,owner1915@johnsonautorepair1915.com,www.johnsonautorepair1915.com/?utm_source=google,(259) 555-1915,Landline,2015 Main St,71915,Florida,miami,,REF-1915
Smith Auto Detailing 1916,Robert Garcia,Maria,owner1916@smithautodetailing1916.com,www.smithautodetailing1916.com/?utm_source=google,(374) 555-1916,Mobile,2016 Main St,71916,CO,denver,,REF-1916
Smith Accountants 1917,Maria Kim,David,,www.smithaccountants1917.com/?utm_source=google,(691) 555-1917,Landline,2017 Main St,71917,GE,ATLANTA,51-200,REF-1917
Smith Salons 1918,Robert Garcia,Priya,owner1918@smithsalons1918.com,,(485) 555-1918,,2018 Main St,71918,MA,boston,11-50,REF-1918
Garcia Accountants 1919,James Davis,Maria,owner1919@garciaaccountants1919.com,www.garciaaccountants1919.com/?utm_source=google,(847) 555-1919,,2019 Main St,71919,TE,dallas,1-10,REF-1919
Nguyen Auto Repair 1920,Robert Kim,Ana,owner1920@nguyenautorepair1920.com,www.nguyenautorepair1920.com/?utm_source=google,(659) 555-1920,Mobile,2020 Main St,71920,WA,Seattle,51-200,REF-1920
Davis Gyms 1921,Maria Garcia,Linda,owner1921@davisgyms1921.com,www.davisgyms1921.com/?utm_source=google,(906) 555-1921,,2021 Main St,71921,Colorado,denver,1-10,REF-1921
Nguyen Auto Detailing 1922,James Kim,Maria,owner1922@nguyenautodetailing1922.com,www.nguyenautodetailing1922.com/?utm_source=google,(705) 555-1922,Landline,,71922,Texas,Dallas,51-200,REF-1922
Davis Restaurants 1923,Linda Garcia,Priya,owner1923@davisrestaurants1923.com,www.davisrestaurants1923.com/?utm_source=google,(739) 555-1923,Landline,,71923,Georgia,Atlanta,11-50,REF-1923
Nguyen Gyms 1924,Robert Patel,Michael,owner1924@nguyengyms1924.com,www.nguyengyms1924.com/?utm_source=google,(540) 555-1924,,,71924,IL,Chicago,,REF-1924
Brown Chiropractors 1925,Linda Johnson,Robert,owner1925@brownchiropractors1925.com,www.brownchiropractors1925.com/?utm_source=google,(550) 555-1925,Mobile,2025 Main St,71925,MA,Boston,1-10,REF-1925
Brown Plumbing 1926,David Johnson,Maria,owner1926@brownplumbing1926.com,www.brownplumbing1926.com/?utm_source=google,(386) 555-1926,,,71926,Texas,Dallas,51-200,REF-1926
Patel Restaurants 1927,Linda Brown,Ana,owner1927@patelrestaurants1927.com,www.patelrestaurants1927.com/?utm_source=google,(521) 555-1927,Landline,,71927,Colorado,DENVER,1-10,REF-1927
Davis Auto Detailing 1928,Ana Smith,David,owner1928@davisautodetailing1928.com,www.davisautodetailing1928.com/?utm_source=google,(513) 555-1928,Landline,2028 Main St,71928,MA,Boston,11-50,REF-1928
Garcia Auto Detailing 1929,Linda Patel,Maria,owner1929@garciaautodetailing1929.com,www.garciaautodetailing1929.com/?utm_source=google,(720) 555-1929,Mobile,,71929,Arizona,Phoenix,51-200,REF-1929
Kim Restaurants 1930,Robert Garcia,Priya,,www.kimrestaurants1930.com/?utm_source=google,(923) 555-1930,Landline,2030 Main St,71930,Washington,seattle,1-10,REF-1930
Brown Chiropractors 1931,Linda Smith,David,,www.brownchiropractors1931.com/?utm_source=google,(451) 555-1931,Mobile,2031 Main St,71931,AR,phoenix,11-50,REF-1931
Garcia Auto Detailing 1932,Michael Brown,Michael,owner1932@garciaautodetailing1932.com,,(979) 555-1932,,2032 Main St,71932,TE,Dallas,,REF-1932
Nguyen Chiropractors 1933,Ana Smith,Michael,owner1933@nguyenchiropractors1933.com,www.nguyenchiropractors1933.com/?utm_source=google,(559) 555-1933,,2033 Main St,71933,Colorado,Denver,51-200,REF-1933
Davis Auto Repair 1934,James Brown,Maria,owner1934@davisautorepair1934.com,www.davisautorepair1934.com/?utm_source=google,(559) 555-1934,Mobile,2034 Main St,71934,Florida,Miami,51-200,REF-1934
Brown Auto Detailing 1935,Robert Brown,Ana,owner1935@brownautodetailing1935.com,www.brownautodetailing1935.com/?utm_source=google,(900) 555-1935,,2035 Main St,71935,Florida,miami,,REF-1935
Nguyen Auto Repair 1936,Ana Brown,Robert,owner1936@nguyenautorepair1936.com,www.nguyenautorepair1936.com/?utm_source=google,(807) 555-1936,Mobile,,71936,Illinois,Chicago,51-200,REF-1936
Davis HVAC Services 1937,David Johnson,Robert,owner1937@davishvacservices1937.com,www.davishvacservices1937.com/?utm_source=google,(439) 555-1937,Mobile,2037 Main St,71937,Washington,SEATTLE,11-50,REF-1937
Nguyen Auto Repair 1938,James Nguyen,Michael,owner1938@nguyenautorepair1938.com,,(869) 555-1938,,2038 Main St,71938,TE,Dallas,51-200,REF-1938
Nguyen HVAC Services 1939,Linda Nguyen,Michael,owner1939@nguyenhvacservices1939.com,www.nguyenhvacservices1939.com/?utm_source=google,(751) 555-1939,,,71939,Arizona,phoenix,1-10,REF-1939
Garcia Real Estate Agents 1940,David Davis,Michael,owner1940@garciarealestateagents1940.com,www.garciarealestateagents1940.com/?utm_source=google,(719) 555-1940,Landline,2040 Main St,71940,FL,miami,1-10,REF-1940
Johnson Salons 1941,Robert Patel,Ana,owner1941@johnsonsalons1941.com,,(475) 555-1941,Mobile,2041 Main St,71941,Georgia,ATLANTA,11-50,REF-1941
Brown Chiropractors 1942,Priya Smith,Linda,owner1942@brownchiropractors1942.com,www.brownchiropractors1942.com/?utm_source=google,(819) 555-1942,Landline,,71942,Florida,miami,,REF-1942
Patel Real Estate Agents 1943,Priya Garcia,Linda,,,(980) 555-1943,,2043 Main St,71943,WA,seattle,1-10,REF-1943
Nguyen Accountants 1944,Michael Davis,David,owner1944@nguyenaccountants1944.com,www.nguyenaccountants1944.com/?utm_source=google,(644) 555-1944,Landline,2044 Main St,71944,MA,boston,,REF-1944
Kim HVAC Services 1945,James Davis,James,owner1945@kimhvacservices1945.com,,(467) 555-1945,,2045 Main St,71945,Texas,Dallas,,REF-1945
Kim Restaurants 1946,David Kim,Ana,,www.kimrestaurants1946.com/?utm_source=google,(945) 555-1946,Landline,,71946,CO,Denver,51-200,REF-1946
Davis Auto Detailing 1947,Michael Brown,Robert,owner1947@davisautodetailing1947.com,www.davisautodetailing1947.com/?utm_source=google,(910) 555-1947,Mobile,2047 Main St,71947,TE,DALLAS,51-200,REF-1947
Smith Gyms 1948,Michael Patel,James,owner1948@smithgyms1948.com,www.smithgyms1948.com/?utm_source=google,(618) 555-1948,Landline,2048 Main St,71948,Florida,miami,11-50,REF-1948
Johnson Salons 1949,Michael Johnson,David,owner1949@johnsonsalons1949.com,,(919) 555-1949,,2049 Main St,71949,IL,chicago,,REF-1949
Johnson Salons 1950,Linda Patel,Priya,owner1950@johnsonsalons1950.com,www.johnsonsalons1950.com/?utm_source=google,(376) 555-1950,Landline,2050 Main St,71950,IL,CHICAGO,,REF-1950
Brown HVAC Services 1951,David Smith,David,owner1951@brownhvacservices1951.com,,(724) 555-1951,Landline,,71951,Georgia,Atlanta,,REF-1951
Davis Chiropractors 1952,Maria Nguyen,James,owner1952@davischiropractors1952.com,www.davischiropractors1952.com/?utm_source=google,(858) 555-1952,,2052 Main St,71952,Massachusetts,BOSTON,51-200,REF-1952
Davis Real Estate Agents 1953,James Nguyen,David,owner1953@davisrealestateagents1953.com,www.davisrealestateagents1953.com/?utm_source=google,(350) 555-1953,Mobile,2053 Main St,71953,FL,Miami,11-50,REF-1953
Nguyen Salons 1954,Michael Davis,David,owner1954@nguyensalons1954.com,www.nguyensalons1954.com/?utm_source=google,(935) 555-1954,Mobile,,71954,Colorado,DENVER,1-10,REF-1954
Patel Restaurants 1955,David Garcia,Priya,owner1955@patelrestaurants1955.com,www.patelrestaurants1955.com/?utm_source=google,(960) 555-1955,Mobile,2055 Main St,71955,Georgia,Atlanta,51-200,REF-1955
Patel Salons 1956,David Johnson,David,owner1956@patelsalons1956.com,www.patelsalons1956.com/?utm_source=google,(597) 555-1956,Mobile,2056 Main St,71956,CO,DENVER,11-50,REF-1956
Kim Auto Detailing 1957,Priya Patel,Michael,owner1957@kimautodetailing1957.com,www.kimautodetailing1957.com/?utm_source=google,(865) 555-1957,Mobile,2057 Main St,71957,MA,Boston,11-50,REF-1957
Kim Restaurants 1958,James Nguyen,Priya,owner1958@kimrestaurants1958.com,www.kimrestaurants1958.com/?utm_source=google,(629) 555-1958,,2058 Main St,71958,Massachusetts,boston,1-10,REF-1958
Davis Auto Detailing 1959,Maria Brown,Priya,owner1959@davisautodetailing1959.com,www.davisautodetailing1959.com/?utm_source=google,(505) 555-1959,Mobile,,71959,MA,Boston,1-10,REF-1959
Smith Auto Detailing 1960,James Brown,James,owner1960@smithautodetailing1960.com,www.smithautodetailing1960.com/?utm_source=google,(581) 555-1960,Landline,2060 Main St,71960,Illinois,Chicago,11-50,REF-1960
Nguyen Salons 1961,Ana Davis,Ana,owner1961@nguyensalons1961.com,www.nguyensalons1961.com/?utm_source=google,(384) 555-1961,Mobile,2061 Main St,71961,Florida,miami,51-200,REF-1961
Smith Auto Detailing 1962,James Garcia,Maria,owner1962@smithautodetailing1962.com,,(451) 555-1962,Landline,2062 Main St,71962,IL,chicago,,REF-1962
Patel Auto Repair 1963,Maria Garcia,Ana,owner1963@patelautorepair1963.com,www.patelautorepair1963.com/?utm_source=google,(966) 555-1963,Landline,2063 Main St,71963,WA,seattle,51-200,REF-1963
Brown Auto Repair 1964,David Garcia,David,owner1964@brownautorepair1964.com,www.brownautorepair1964.com/?utm_source=google,(884) 555-1964,Mobile,,71964,CO,DENVER,51-200,REF-1964
Johnson HVAC Services 1965,James Patel,Robert,owner1965@johnsonhvacservices1965.com,www.johnsonhvacservices1965.com/?utm_source=google,(551) 555-1965,,2065 Main St,71965,Washington,SEATTLE,,REF-1965
Nguyen Salons 1966,James Johnson,Robert,owner1966@nguyensalons1966.com,www.nguyensalons1966.com/?utm_source=google,(492) 555-1966,Mobile,2066 Main St,71966,AR,PHOENIX,1-10,REF-1966
Johnson Gyms 1967,Maria Brown,James,owner1967@johnsongyms1967.com,www.johnsongyms1967.com/?utm_source=google,(421) 555-1967,Mobile,2067 Main St,71967,WA,Seattle,11-50,REF-1967
Kim Real Estate Agents 1968,Linda Garcia,Michael,owner1968@kimrealestateagents1968.com,www.kimrealestateagents1968.com/?utm_source=google,(958) 555-1968,,2068 Main St,71968,CO,denver,11-50,REF-1968
Smith Salons 1969,Michael Brown,Maria,owner1969@smithsalons1969.com,,(964) 555-1969,,,71969,Arizona,PHOENIX,51-200,REF-1969
Garcia Restaurants 1970,David Davis,Michael,owner1970@garciarestaurants1970.com,www.garciarestaurants1970.com/?utm_source=google,(708) 555-1970,Landline,2070 Main St,71970,Florida,Miami,1-10,REF-1970
Nguyen Plumbing 1971,Ana Patel,Linda,,www.nguyenplumbing1971.com/?utm_source=google,(628) 555-1971,Landline,2071 Main St,71971,Texas,dallas,1-10,REF-1971
Johnson Gyms 1972,Priya Patel,Ana,owner1972@johnsongyms1972.com,www.johnsongyms1972.com/?utm_source=google,(834) 555-1972,Mobile,2072 Main St,71972,FL,MIAMI,,REF-1972
Patel Chiropractors 1973,Maria Davis,Priya,owner1973@patelchiropractors1973.com,www.patelchiropractors1973.com/?utm_source=google,(835) 555-1973,Mobile,,71973,Washington,Seattle,1-10,REF-1973
Smith Salons 1974,Linda Garcia,Michael,owner1974@smithsalons1974.com,www.smithsalons1974.com/?utm_source=google,(393) 555-1974,Landline,,71974,Texas,dallas,1-10,REF-1974
Kim Auto Repair 1975,Linda Smith,Maria,owner1975@kimautorepair1975.com,,(727) 555-1975,Landline,,71975,Florida,miami,,REF-1975
Davis Auto Repair 1976,Linda Garcia,Ana,,www.davisautorepair1976.com/?utm_source=google,(564) 555-1976,Landline,,71976,Colorado,Denver,11-50,REF-1976
Nguyen Restaurants 1977,Michael Brown,James,,www.nguyenrestaurants1977.com/?utm_source=google,(745) 555-1977,Mobile,2077 Main St,71977,Illinois,Chicago,51-200,REF-1977
Patel Plumbing 1978,David Davis,Linda,owner1978@patelplumbing1978.com,www.patelplumbing1978.com/?utm_source=google,(512) 555-1978,Landline,2078 Main St,71978,CO,Denver,1-10,REF-1978
Johnson Gyms 1979,Michael Patel,Robert,owner1979@johnsongyms1979.com,,(514) 555-1979,,,71979,Texas,Dallas,51-200,REF-1979
Davis Auto Repair 1980,Maria Smith,James,owner1980@davisautorepair1980.com,www.davisautorepair1980.com/?utm_source=google,(919) 555-1980,,2080 Main St,71980,Washington,Seattle,11-50,REF-1980
Davis Chiropractors 1981,David Johnson,Robert,owner1981@davischiropractors1981.com,www.davischiropractors1981.com/?utm_source=google,(848) 555-1981,Landline,2081 Main St,71981,TE,Dallas,51-200,REF-1981
Johnson Gyms 1982,Linda Brown,Priya,,www.johnsongyms1982.com/?utm_source=google,(925) 555-1982,Mobile,2082 Main St,71982,Washington,seattle,1-10,REF-1982
Kim Chiropractors 1983,Robert Kim,James,owner1983@,www.kimchiropractors1983.com/?utm_source=google,(361) 555-1983,Mobile,,71983,FL,miami,11-50,REF-1983
Johnson Gyms 1984,Linda Kim,Maria,owner1984@johnsongyms1984.com,,(558) 555-1984,Mobile,,71984,Massachusetts,BOSTON,,REF-1984
Johnson Plumbing 1985,David Smith,David,owner1985@johnsonplumbing1985.com,,(765) 555-1985,Mobile,,71985,Illinois,chicago,,REF-1985
Brown HVAC Services 1986,Michael Kim,David,owner1986@brownhvacservices1986.com,www.brownhvacservices1986.com/?utm_source=google,(821) 555-1986,Landline,,71986,Florida,miami,,REF-1986
Davis Accountants 1987,Michael Nguyen,James,owner1987@davisaccountants1987.com,,(598) 555-1987,Landline,2087 Main St,71987,FL,miami,1-10,REF-1987
Kim Restaurants 1988,David Patel,David,owner1988@kimrestaurants1988.com,www.kimrestaurants1988.com/?utm_source=google,(828) 555-1988,,2088 Main St,71988,Massachusetts,Boston,51-200,REF-1988
Johnson Auto Detailing 1989,Robert Smith,Maria,owner1989@johnsonautodetailing1989.com,www.johnsonautodetailing1989.com/?utm_source=google,(944) 555-1989,Mobile,2089 Main St,71989,Washington,seattle,51-200,REF-1989
Kim Gyms 1990,Maria Smith,Linda,owner1990@kimgyms1990.com,www.kimgyms1990.com/?utm_source=google,(412) 555-1990,Landline,,71990,CO,DENVER,11-50,REF-1990
Brown Restaurants 1991,Maria Brown,Priya,owner1991@brownrestaurants1991.com,www.brownrestaurants1991.com/?utm_source=google,(948) 555-1991,Mobile,2091 Main St,71991,Arizona,phoenix,51-200,REF-1991
Patel Chiropractors 1992,David Kim,Linda,owner1992@patelchiropractors1992.com,www.patelchiropractors1992.com/?utm_source=google,(777) 555-1992,Landline,2092 Main St,71992,Georgia,ATLANTA,51-200,REF-1992
Brown Real Estate Agents 1993,David Davis,Ana,owner1993@brownrealestateagents1993.com,www.brownrealestateagents1993.com/?utm_source=google,(876) 555-1993,Mobile,2093 Main St,71993,Illinois,chicago,1-10,REF-1993
Smith Chiropractors 1994,Maria Nguyen,Robert,owner1994@smithchiropractors1994.com,www.smithchiropractors1994.com/?utm_source=google,(414) 555-1994,Mobile,2094 Main St,71994,AR,phoenix,11-50,REF-1994
Davis HVAC Services 1995,James Davis,Michael,owner1995@davishvacservices1995.com,www.davishvacservices1995.com/?utm_source=google,(764) 555-1995,Mobile,2095 Main St,71995,MA,BOSTON,11-50,REF-1995
Kim Gyms 1996,Maria Nguyen,Ana,owner1996@kimgyms1996.com,www.kimgyms1996.com/?utm_source=google,(283) 555-1996,Landline,2096 Main St,71996,FL,MIAMI,11-50,REF-1996
Kim Gyms 1997,Priya Brown,Maria,owner1997@kimgyms1997.com,www.kimgyms1997.com/?utm_source=google,(265) 555-1997,,2097 Main St,71997,AR,PHOENIX,1-10,REF-1997
Patel HVAC Services 1998,Maria Kim,David,owner1998@patelhvacservices1998.com,www.patelhvacservices1998.com/?utm_source=google,(429) 555-1998,Landline,2098 Main St,71998,MA,boston,,REF-1998
Brown Plumbing 1999,David Kim,David,owner1999@brownplumbing1999.com,www.brownplumbing1999.com/?utm_source=google,(939) 555-1999,Mobile,2099 Main St,71999,Washington,SEATTLE,1-10,REF-1999
Smith Plumbing 2000,David Nguyen,James,owner2000@smithplumbing2000.com,,(954) 555-2000,Landline,2100 Main St,72000,Arizona,Phoenix,11-50,REF-2000
Brown Chiropractors 2001,Linda Brown,Robert,owner2001@brownchiropractors2001.com,www.brownchiropractors2001.com/?utm_source=google,(620) 555-2001,,,72001,AR,phoenix,,REF-2001
Brown Auto Repair 2002,Linda Nguyen,Michael,,www.brownautorepair2002.com/?utm_source=google,(273) 555-2002,Landline,2102 Main St,72002,IL,CHICAGO,1-10,REF-2002
Davis Plumbing 2003,Priya Garcia,Ana,owner2003@davisplumbing2003.com,www.davisplumbing2003.com/?utm_source=google,(479) 555-2003,Landline,2103 Main St,72003,WA,Seattle,1-10,REF-2003
Davis HVAC Services 2004,Michael Davis,Robert,owner2004@davishvacservices2004.com,www.davishvacservices2004.com/?utm_source=google,(249) 555-2004,,2104 Main St,72004,Illinois,chicago,11-50,REF-2004
Garcia Gyms 2005,Robert Patel,David,owner2005@garciagyms2005.com,www.garciagyms2005.com/?utm_source=google,(841) 555-2005,,,72005,TE,DALLAS,,REF-2005
Patel Chiropractors 2006,Linda Nguyen,James,owner2006@patelchiropractors2006.com,www.patelchiropractors2006.com/?utm_source=google,(664) 555-2006,Landline,2106 Main St,72006,Texas,Dallas,1-10,REF-2006
Davis HVAC Services 2007,Ana Davis,Priya,owner2007@davishvacservices2007.com,www.davishvacservices2007.com/?utm_source=google,(473) 555-2007,Landline,2107 Main St,72007,Arizona,phoenix,,REF-2007
Garcia Real Estate Agents 2008,Maria Garcia,Priya,owner2008@garciarealestateagents2008.com,www.garciarealestateagents2008.com/?utm_source=google,(579) 555-2008,Mobile,,72008,FL,miami,,REF-2008
Patel Salons 2009,Maria Davis,Michael,owner2009@patelsalons2009.com,www.patelsalons2009.com/?utm_source=google,(382) 555-2009,,2109 Main St,72009,Arizona,PHOENIX,11-50,REF-2009
Brown Gyms 2010,David Patel,David,owner2010@browngyms2010.com,www.browngyms2010.com/?utm_source=google,(796) 555-2010,Mobile,2110 Main St,72010,MA,boston,11-50,REF-2010
Nguyen Gyms 2011,Michael Nguyen,David,owner2011@nguyengyms2011.com,www.nguyengyms2011.com/?utm_source=google,(873) 555-2011,Landline,,72011,CO,DENVER,1-10,REF-2011
Brown Chiropractors 2012,James Kim,David,owner2012@brownchiropractors2012.com,www.brownchiropractors2012.com/?utm_source=google,(910) 555-2012,Mobile,,72012,Illinois,chicago,1-10,REF-2012
Kim Plumbing 2013,James Smith,Maria,owner2013@,,(541) 555-2013,,,72013,MA,Boston,11-50,REF-2013
Nguyen Gyms 2014,Michael Kim,Robert,owner2014@nguyengyms2014.com,,(574) 555-2014,Landline,2114 Main St,72014,CO,denver,11-50,REF-2014
Patel Auto Repair 2015,Priya Brown,Maria,owner2015@patelautorepair2015.com,www.patelautorepair2015.com/?utm_source=google,(536) 555-2015,,2115 Main St,72015,Georgia,ATLANTA,11-50,REF-2015
Johnson Chiropractors 2016,Ana Patel,James,owner2016@johnsonchiropractors2016.com,www.johnsonchiropractors2016.com/?utm_source=google,(890) 555-2016,,2116 Main St,72016,GE,atlanta,11-50,REF-2016
Garcia Real Estate Agents 2017,David Smith,Robert,owner2017@garciarealestateagents2017.com,www.garciarealestateagents2017.com/?utm_source=google,(743) 555-2017,Landline,2117 Main St,72017,Florida,Miami,51-200,REF-2017
Nguyen Chiropractors 2018,Michael Kim,James,owner2018@nguyenchiropractors2018.com,www.nguyenchiropractors2018.com/?utm_source=google,(676) 555-2018,Mobile,,72018,GE,ATLANTA,,REF-2018
Kim Salons 2019,Linda Brown,Maria,owner2019@kimsalons2019.com,www.kimsalons2019.com/?utm_source=google,(930) 555-2019,Landline,2119 Main St,72019,Massachusetts,BOSTON,1-10,REF-2019
Patel Real Estate Agents 2020,David Smith,Maria,owner2020@patelrealestateagents2020.com,www.patelrealestateagents2020.com/?utm_source=google,(395) 555-2020,,2120 Main St,72020,Colorado,Denver,,REF-2020
Smith Real Estate Agents 2021,James Garcia,Priya,owner2021@smithrealestateagents2021.com,www.smithrealestateagents2021.com/?utm_source=google,(592) 555-2021,Landline,2121 Main St,72021,FL,MIAMI,,REF-2021
Johnson Real Estate Agents 2022,Ana Patel,Maria,owner2022@johnsonrealestateagents2022.com,www.johnsonrealestateagents2022.com/?utm_source=google,(920) 555-2022,Mobile,,72022,WA,SEATTLE,1-10,REF-2022
Kim Accountants 2023,Linda Patel,Linda,owner2023@kimaccountants2023.com,www.kimaccountants2023.com/?utm_source=google,(698) 555-2023,Mobile,2123 Main St,72023,WA,SEATTLE,51-200,REF-2023
Smith Auto Detailing 2024,Robert Nguyen,Michael,owner2024@smithautodetailing2024.com,www.smithautodetailing2024.com/?utm_source=google,(418) 555-2024,Mobile,2124 Main St,72024,Massachusetts,Boston,,REF-2024
Nguyen Auto Repair 2025,Priya Brown,Robert,,www.nguyenautorepair2025.com/?utm_source=google,(517) 555-2025,,,72025,CO,DENVER,1-10,REF-2025
Davis Plumbing 2026,Maria Brown,James,owner2026@davisplumbing2026.com,,(986) 555-2026,,,72026,Massachusetts,boston,1-10,REF-2026
Patel Plumbing 2027,Robert Davis,James,owner2027@patelplumbing2027.com,www.patelplumbing2027.com/?utm_source=google,(550) 555-2027,Mobile,2127 Main St,72027,WA,Seattle,51-200,REF-2027
Garcia Gyms 2028,David Davis,Maria,owner2028@,,(329) 555-2028,,,72028,Colorado,Denver,,REF-2028
Patel Salons 2029,David Garcia,Maria,owner2029@patelsalons2029.com,www.patelsalons2029.com/?utm_source=google,(857) 555-2029,,2129 Main St,72029,Arizona,phoenix,11-50,REF-2029
Kim HVAC Services 2030,Michael Davis,Ana,owner2030@kimhvacservices2030.com,www.kimhvacservices2030.com/?utm_source=google,(385) 555-2030,Landline,2130 Main St,72030,FL,miami,11-50,REF-2030
Garcia Auto Repair 2031,Ana Garcia,Linda,owner2031@garciaautorepair2031.com,www.garciaautorepair2031.com/?utm_source=google,(660) 555-2031,Mobile,2131 Main St,72031,Texas,DALLAS,11-50,REF-2031
Nguyen Chiropractors 2032,Maria Nguyen,Priya,owner2032@nguyenchiropractors2032.com,www.nguyenchiropractors2032.com/?utm_source=google,(939) 555-2032,Landline,2132 Main St,72032,Illinois,CHICAGO,11-50,REF-2032
Brown Real Estate Agents 2033,Robert Johnson,James,owner2033@brownrealestateagents2033.com,www.brownrealestateagents2033.com/?utm_source=google,(467) 555-2033,,2133 Main St,72033,Texas,Dallas,11-50,REF-2033
Garcia Salons 2034,Priya Johnson,Linda,,www.garciasalons2034.com/?utm_source=google,(211) 555-2034,Mobile,,72034,IL,chicago,11-50,REF-2034
Smith Real Estate Agents 2035,James Davis,Priya,owner2035@smithrealestateagents2035.com,www.smithrealestateagents2035.com/?utm_source=google,(756) 555-2035,Mobile,2135 Main St,72035,MA,Boston,11-50,REF-2035
Davis Auto Detailing 2036,Maria Davis,Robert,owner2036@davisautodetailing2036.com,www.davisautodetailing2036.com/?utm_source=google,(710) 555-2036,Mobile,,72036,MA,BOSTON,,REF-2036
Davis Salons 2037,Linda Smith,Linda,owner2037@davissalons2037.com,www.davissalons2037.com/?utm_source=google,(887) 555-2037,Mobile,2137 Main St,72037,TE,DALLAS,11-50,REF-2037
Davis HVAC Services 2038,Maria Garcia,David,owner2038@davishvacservices2038.com,,(935) 555-2038,,2138 Main St,72038,Colorado,denver,11-50,REF-2038
Kim Gyms 2039,Linda Brown,Robert,owner2039@kimgyms2039.com,www.kimgyms2039.com/?utm_source=google,(877) 555-2039,Mobile,2139 Main St,72039,IL,CHICAGO,,REF-2039
Patel Auto Repair 2040,Maria Nguyen,David,owner2040@patelautorepair2040.com,www.patelautorepair2040.com/?utm_source=google,(345) 555-2040,,2140 Main St,72040,Texas,dallas,11-50,REF-2040
Patel Chiropractors 2041,Maria Nguyen,David,owner2041@patelchiropractors2041.com,www.patelchiropractors2041.com/?utm_source=google,(549) 555-2041,Mobile,2141 Main St,72041,Texas,Dallas,1-10,REF-2041
Smith Auto Repair 2042,Priya Patel,Michael,owner2042@smithautorepair2042.com,www.smithautorepair2042.com/?utm_source=google,(344) 555-2042,,,72042,WA,SEATTLE,1-10,REF-2042
Nguyen Accountants 2043,Maria Smith,David,owner2043@nguyenaccountants2043.com,www.nguyenaccountants2043.com/?utm_source=google,(445) 555-2043,Landline,2143 Main St,72043,CO,denver,11-50,REF-2043
Nguyen Salons 2044,Ana Garcia,James,owner2044@nguyensalons2044.com,www.nguyensalons2044.com/?utm_source=google,(952) 555-2044,Mobile,2144 Main St,72044,Washington,Seattle,1-10,REF-2044
Patel Restaurants 2045,Priya Smith,Linda,owner2045@patelrestaurants2045.com,www.patelrestaurants2045.com/?utm_source=google,(976) 555-2045,,2145 Main St,72045,TE,dallas,,REF-2045
Nguyen Real Estate Agents 2046,David Kim,James,,www.nguyenrealestateagents2046.com/?utm_source=google,(510) 555-2046,Mobile,,72046,IL,Chicago,11-50,REF-2046
Brown Auto Repair 2047,Linda Patel,Linda,owner2047@brownautorepair2047.com,www.brownautorepair2047.com/?utm_source=google,(594) 555-2047,,,72047,WA,seattle,51-200,REF-2047
Smith Real Estate Agents 2048,Michael Nguyen,Michael,,www.smithrealestateagents2048.com/?utm_source=google,(871) 555-2048,,2148 Main St,72048,WA,SEATTLE,1-10,REF-2048
Nguyen Auto Repair 2049,Linda Johnson,Michael,,www.nguyenautorepair2049.com/?utm_source=google,(630) 555-2049,,2149 Main St,72049,MA,boston,51-200,REF-2049
Garcia Salons 2050,Michael Brown,James,owner2050@garciasalons2050.com,www.garciasalons2050.com/?utm_source=google,(917) 555-2050,Landline,2150 Main St,72050,Florida,Miami,,REF-2050
Smith Plumbing 2051,Michael Johnson,Priya,owner2051@smithplumbing2051.com,,(808) 555-2051,,2151 Main St,72051,WA,SEATTLE,11-50,REF-2051
Garcia Real Estate Agents 2052,James Kim,Priya,,www.garciarealestateagents2052.com/?utm_source=google,(660) 555-2052,Landline,,72052,WA,seattle,11-50,REF-2052
Kim Real Estate Agents 2053,David Nguyen,Michael,owner2053@,www.kimrealestateagents2053.com/?utm_source=google,(474) 555-2053,,,72053,Arizona,PHOENIX,,REF-2053
Davis Gyms 2054,Ana Davis,James,owner2054@davisgyms2054.com,www.davisgyms2054.com/?utm_source=google,(588) 555-2054,,2154 Main St,72054,Colorado,DENVER,51-200,REF-2054
Johnson Auto Repair 2055,Priya Smith,Priya,owner2055@johnsonautorepair2055.com,www.johnsonautorepair2055.com/?utm_source=google,(667) 555-2055,Landline,2155 Main St,72055,GE,Atlanta,1-10,REF-2055
Johnson Gyms 2056,Priya Kim,Robert,owner2056@johnsongyms2056.com,www.johnsongyms2056.com/?utm_source=google,(977) 555-2056,Landline,,72056,Washington,Seattle,51-200,REF-2056
Garcia Restaurants 2057,David Johnson,Robert,owner2057@,www.garciarestaurants2057.com/?utm_source=google,(233) 555-2057,Landline,2157 Main St,72057,Florida,miami,1-10,REF-2057
Nguyen Chiropractors 2058,Linda Smith,Robert,owner2058@nguyenchiropractors2058.com,www.nguyenchiropractors2058.com/?utm_source=google,(803) 555-2058,Mobile,,72058,GE,Atlanta,51-200,REF-2058
Brown Auto Detailing 2059,James Davis,Ana,owner2059@brownautodetailing2059.com,www.brownautodetailing2059.com/?utm_source=google,(395) 555-2059,Landline,2159 Main St,72059,WA,seattle,1-10,REF-2059
Garcia Gyms 2060,Ana Nguyen,Priya,owner2060@,www.garciagyms2060.com/?utm_source=google,(249) 555-2060,Mobile,2160 Main St,72060,CO,denver,11-50,REF-2060
Patel Salons 2061,Maria Smith,Michael,owner2061@patelsalons2061.com,,(558) 555-2061,Landline,2161 Main St,72061,Massachusetts,boston,1-10,REF-2061
Brown Real Estate Agents 2062,Ana Patel,James,owner2062@brownrealestateagents2062.com,www.brownrealestateagents2062.com/?utm_source=google,(634) 555-2062,,2162 Main St,72062,WA,SEATTLE,51-200,REF-2062
Smith Auto Detailing 2063,Robert Johnson,Maria,owner2063@smithautodetailing2063.com,www.smithautodetailing2063.com/?utm_source=google,(276) 555-2063,Landline,,72063,Arizona,PHOENIX,11-50,REF-2063
Davis Accountants 2064,Robert Kim,Priya,owner2064@davisaccountants2064.com,,(731) 555-2064,Landline,,72064,Washington,seattle,1-10,REF-2064
Davis Salons 2065,Maria Kim,David,owner2065@,www.davissalons2065.com/?utm_source=google,(317) 555-2065,Landline,,72065,Florida,Miami,,REF-2065
Smith Real Estate Agents 2066,James Johnson,Priya,owner2066@smithrealestateagents2066.com,www.smithrealestateagents2066.com/?utm_source=google,(901) 555-2066,Mobile,,72066,Illinois,Chicago,1-10,REF-2066
Kim Auto Detailing 2067,Ana Brown,Maria,owner2067@kimautodetailing2067.com,www.kimautodetailing2067.com/?utm_source=google,(742) 555-2067,Landline,2167 Main St,72067,Texas,Dallas,11-50,REF-2067
Johnson HVAC Services 2068,Ana Smith,Maria,owner2068@johnsonhvacservices2068.com,www.johnsonhvacservices2068.com/?utm_source=google,(615) 555-2068,,2168 Main St,72068,WA,seattle,11-50,REF-2068
Nguyen Chiropractors 2069,David Smith,Priya,owner2069@nguyenchiropractors2069.com,www.nguyenchiropractors2069.com/?utm_source=google,(985) 555-2069,Landline,,72069,Illinois,Chicago,,REF-2069
Kim Gyms 2070,Linda Nguyen,David,owner2070@,www.kimgyms2070.com/?utm_source=google,(859) 555-2070,Mobile,2170 Main St,72070,Florida,miami,11-50,REF-2070
Nguyen Real Estate Agents 2071,Priya Garcia,Michael,owner2071@,www.nguyenrealestateagents2071.com/?utm_source=google,(744) 555-2071,Landline,2171 Main St,72071,Arizona,PHOENIX,51-200,REF-2071
Patel Auto Detailing 2072,Maria Davis,Priya,,www.patelautodetailing2072.com/?utm_source=google,(694) 555-2072,,,72072,Texas,dallas,,REF-2072
Smith Gyms 2073,Robert Patel,Robert,,www.smithgyms2073.com/?utm_source=google,(921) 555-2073,Mobile,2173 Main St,72073,AR,Phoenix,11-50,REF-2073
Kim Gyms 2074,Robert Garcia,Ana,owner2074@kimgyms2074.com,www.kimgyms2074.com/?utm_source=google,(846) 555-2074,Landline,2174 Main St,72074,Georgia,Atlanta,51-200,REF-2074
Garcia Restaurants 2075,Robert Smith,Priya,owner2075@garciarestaurants2075.com,www.garciarestaurants2075.com/?utm_source=google,(670) 555-2075,Landline,2175 Main St,72075,Massachusetts,boston,1-10,REF-2075
Nguyen Salons 2076,Robert Davis,Robert,owner2076@nguyensalons2076.com,www.nguyensalons2076.com/?utm_source=google,(281) 555-2076,,2176 Main St,72076,Massachusetts,BOSTON,,REF-2076
Kim Chiropractors 2077,Linda Davis,Priya,owner2077@kimchiropractors2077.com,www.kimchiropractors2077.com/?utm_source=google,(969) 555-2077,Landline,,72077,CO,Denver,11-50,REF-2077
Kim Salons 2078,David Patel,Priya,owner2078@,,(615) 555-2078,,2178 Main St,72078,Massachusetts,BOSTON,,REF-2078
Nguyen Chiropractors 2079,James Brown,Robert,owner2079@nguyenchiropractors2079.com,www.nguyenchiropractors2079.com/?utm_source=google,(795) 555-2079,Landline,2179 Main St,72079,Illinois,CHICAGO,,REF-2079
Smith Gyms 2080,David Patel,Priya,owner2080@smithgyms2080.com,www.smithgyms2080.com/?utm_source=google,(625) 555-2080,Mobile,,72080,Colorado,denver,51-200,REF-2080
Patel Chiropractors 2081,Robert Smith,Linda,owner2081@patelchiropractors2081.com,www.patelchiropractors2081.com/?utm_source=google,(813) 555-2081,Mobile,,72081,Arizona,PHOENIX,11-50,REF-2081
Patel Auto Detailing 2082,Linda Garcia,Maria,owner2082@,www.patelautodetailing2082.com/?utm_source=google,(388) 555-2082,Mobile,2182 Main St,72082,Texas,dallas,51-200,REF-2082
Smith Plumbing 2083,Maria Brown,Robert,owner2083@smithplumbing2083.com,www.smithplumbing2083.com/?utm_source=google,(428) 555-2083,Mobile,2183 Main St,72083,WA,seattle,11-50,REF-2083
Nguyen Chiropractors 2084,Ana Davis,David,owner2084@nguyenchiropractors2084.com,www.nguyenchiropractors2084.com/?utm_source=google,(692) 555-2084,Landline,2184 Main St,72084,Arizona,phoenix,1-10,REF-2084
Johnson Gyms 2085,Robert Brown,Priya,owner2085@,www.johnsongyms2085.com/?utm_source=google,(441) 555-2085,Landline,2185 Main St,72085,Illinois,CHICAGO,1-10,REF-2085
Smith Chiropractors 2086,James Davis,Michael,owner2086@smithchiropractors2086.com,www.smithchiropractors2086.com/?utm_source=google,(616) 555-2086,Mobile,2186 Main St,72086,IL,chicago,1-10,REF-2086
Nguyen Real Estate Agents 2087,Ana Patel,Michael,owner2087@nguyenrealestateagents2087.com,www.nguyenrealestateagents2087.com/?utm_source=google,(253) 555-2087,,2187 Main St,72087,Massachusetts,BOSTON,1-10,REF-2087
Kim Auto Repair 2088,James Davis,Priya,owner2088@kimautorepair2088.com,www.kimautorepair2088.com/?utm_source=google,(474) 555-2088,,,72088,Washington,seattle,1-10,REF-2088
Smith Gyms 2089,Linda Johnson,Ana,owner2089@smithgyms2089.com,,(680) 555-2089,,2189 Main St,72089,WA,seattle,1-10,REF-2089
Nguyen Restaurants 2090,Priya Nguyen,Michael,owner2090@nguyenrestaurants2090.com,www.nguyenrestaurants2090.com/?utm_source=google,(844) 555-2090,,,72090,Texas,Dallas,51-200,REF-2090
Johnson Salons 2091,Priya Brown,James,owner2091@,www.johnsonsalons2091.com/?utm_source=google,(751) 555-2091,Landline,,72091,TE,Dallas,,REF-2091
Patel Restaurants 2092,Maria Davis,James,,,(335) 555-2092,Landline,,72092,Georgia,atlanta,,REF-2092
Patel Plumbing 2093,Priya Smith,Michael,owner2093@patelplumbing2093.com,www.patelplumbing2093.com/?utm_source=google,(915) 555-2093,Mobile,,72093,Florida,MIAMI,11-50,REF-2093
Brown Plumbing 2094,Robert Patel,Ana,,www.brownplumbing2094.com/?utm_source=google,(334) 555-2094,Landline,,72094,Washington,seattle,,REF-2094
Nguyen Gyms 2095,Ana Smith,Ana,owner2095@nguyengyms2095.com,www.nguyengyms2095.com/?utm_source=google,(428) 555-2095,,2195 Main St,72095,TE,Dallas,51-200,REF-2095
Kim Auto Repair 2096,Ana Patel,Priya,owner2096@kimautorepair2096.com,www.kimautorepair2096.com/?utm_source=google,(601) 555-2096,Landline,2196 Main St,72096,Florida,MIAMI,1-10,REF-2096
Nguyen Salons 2097,David Garcia,David,,,(276) 555-2097,,2197 Main St,72097,WA,SEATTLE,51-200,REF-2097
Johnson Restaurants 2098,James Kim,David,,www.johnsonrestaurants2098.com/?utm_source=google,(520) 555-2098,Mobile,,72098,Florida,miami,51-200,REF-2098
Davis Accountants 2099,Priya Garcia,Michael,owner2099@davisaccountants2099.com,,(420) 555-2099,,2199 Main St,72099,Florida,MIAMI,,REF-2099
Garcia Gyms 2100,Michael Davis,Maria,,www.garciagyms2100.com/?utm_source=google,(950) 555-2100,Mobile,2200 Main St,72100,IL,CHICAGO,,REF-2100
Smith Accountants 2101,David Garcia,David,owner2101@smithaccountants2101.com,www.smithaccountants2101.com/?utm_source=google,(768) 555-2101,,,72101,GE,ATLANTA,11-50,REF-2101
Davis Auto Repair 2102,James Patel,James,owner2102@davisautorepair2102.com,www.davisautorepair2102.com/?utm_source=google,(590) 555-2102,Landline,2202 Main St,72102,Florida,miami,51-200,REF-2102
Smith Chiropractors 2103,Robert Kim,Robert,owner2103@smithchiropractors2103.com,www.smithchiropractors2103.com/?utm_source=google,(941) 555-2103,,2203 Main St,72103,Illinois,CHICAGO,11-50,REF-2103
Nguyen Real Estate Agents 2104,Ana Davis,Michael,owner2104@nguyenrealestateagents2104.com,,(728) 555-2104,Mobile,2204 Main St,72104,Arizona,PHOENIX,1-10,REF-2104
Kim Auto Detailing 2105,Ana Garcia,Michael,owner2105@kimautodetailing2105.com,www.kimautodetailing2105.com/?utm_source=google,(490) 555-2105,,2205 Main St,72105,WA,seattle,,REF-2105
Kim Salons 2106,James Davis,David,owner2106@kimsalons2106.com,www.kimsalons2106.com/?utm_source=google,(940) 555-2106,Landline,2206 Main St,72106,Washington,SEATTLE,11-50,REF-2106
Garcia Real Estate Agents 2107,Ana Davis,James,owner2107@garciarealestateagents2107.com,www.garciarealestateagents2107.com/?utm_source=google,(822) 555-2107,Landline,2207 Main St,72107,Texas,dallas,1-10,REF-2107
Kim Auto Repair 2108,Robert Smith,James,owner2108@kimautorepair2108.com,,(741) 555-2108,Landline,2208 Main St,72108,Illinois,Chicago,51-200,REF-2108
Nguyen Real Estate Agents 2109,Linda Garcia,David,,www.nguyenrealestateagents2109.com/?utm_source=google,(770) 555-2109,Landline,,72109,Massachusetts,boston,,REF-2109
Kim Plumbing 2110,James Garcia,Robert,owner2110@kimplumbing2110.com,www.kimplumbing2110.com/?utm_source=google,(258) 555-2110,Mobile,2210 Main St,72110,CO,denver,11-50,REF-2110
Patel Auto Detailing 2111,James Smith,Linda,owner2111@patelautodetailing2111.com,www.patelautodetailing2111.com/?utm_source=google,(707) 555-2111,Landline,2211 Main St,72111,Illinois,CHICAGO,51-200,REF-2111
Davis Chiropractors 2112,Linda Smith,Linda,,www.davischiropractors2112.com/?utm_source=google,(488) 555-2112,Mobile,2212 Main St,72112,Colorado,Denver,,REF-2112
Brown Gyms 2113,Robert Brown,Linda,owner2113@browngyms2113.com,www.browngyms2113.com/?utm_source=google,(703) 555-2113,,2213 Main St,72113,TE,Dallas,51-200,REF-2113
Patel Gyms 2114,David Davis,Robert,owner2114@patelgyms2114.com,www.patelgyms2114.com/?utm_source=google,(708) 555-2114,,,72114,Washington,SEATTLE,51-200,REF-2114
Patel Chiropractors 2115,Ana Davis,James,owner2115@,,(330) 555-2115,Mobile,,72115,Arizona,phoenix,,REF-2115
Kim Plumbing 2116,Maria Johnson,Ana,owner2116@kimplumbing2116.com,,(577) 555-2116,,2216 Main St,72116,Washington,seattle,,REF-2116
Smith Accountants 2117,David Davis,David,owner2117@smithaccountants2117.com,,(755) 555-2117,Mobile,2217 Main St,72117,Arizona,PHOENIX,1-10,REF-2117
Brown Real Estate Agents 2118,James Davis,Linda,owner2118@brownrealestateagents2118.com,www.brownrealestateagents2118.com/?utm_source=google,(534) 555-2118,Mobile,2218 Main St,72118,CO,DENVER,11-50,REF-2118
Johnson Salons 2119,Robert Brown,Robert,,www.johnsonsalons2119.com/?utm_source=google,(757) 555-2119,Landline,,72119,Colorado,Denver,51-200,REF-2119
Garcia Restaurants 2120,James Nguyen,Maria,owner2120@garciarestaurants2120.com,www.garciarestaurants2120.com/?utm_source=google,(312) 555-2120,,,72120,Massachusetts,boston,51-200,REF-2120
Brown Gyms 2121,Linda Davis,James,owner2121@browngyms2121.com,www.browngyms2121.com/?utm_source=google,(225) 555-2121,Landline,2221 Main St,72121,Texas,DALLAS,,REF-2121
Patel Auto Repair 2122,David Johnson,Michael,owner2122@patelautorepair2122.com,www.patelautorepair2122.com/?utm_source=google,(619) 555-2122,,2222 Main St,72122,Arizona,phoenix,,REF-2122
Brown Auto Detailing 2123,Maria Nguyen,Maria,,www.brownautodetailing2123.com/?utm_source=google,(313) 555-2123,,2223 Main St,72123,GE,Atlanta,11-50,REF-2123
Johnson Auto Repair 2124,Maria Kim,James,owner2124@johnsonautorepair2124.com,www.johnsonautorepair2124.com/?utm_source=google,(661) 555-2124,Mobile,2224 Main St,72124,GE,Atlanta,11-50,REF-2124
Kim Auto Detailing 2125,Priya Nguyen,Maria,,,(307) 555-2125,Landline,2225 Main St,72125,WA,seattle,11-50,REF-2125
Johnson Plumbing 2126,Robert Kim,Ana,owner2126@johnsonplumbing2126.com,www.johnsonplumbing2126.com/?utm_source=google,(683) 555-2126,,,72126,Massachusetts,boston,11-50,REF-2126
Nguyen Auto Detailing 2127,Priya Brown,Michael,owner2127@nguyenautodetailing2127.com,www.nguyenautodetailing2127.com/?utm_source=google,(794) 555-2127,,2227 Main St,72127,GE,Atlanta,1-10,REF-2127
Nguyen Restaurants 2128,Michael Garcia,Robert,owner2128@nguyenrestaurants2128.com,www.nguyenrestaurants2128.com/?utm_source=google,(614) 555-2128,Landline,,72128,TE,Dallas,1-10,REF-2128
Kim Chiropractors 2129,Maria Smith,Ana,owner2129@kimchiropractors2129.com,www.kimchiropractors2129.com/?utm_source=google,(606) 555-2129,Mobile,,72129,Washington,Seattle,,REF-2129
Patel Accountants 2130,Maria Johnson,Ana,owner2130@patelaccountants2130.com,www.patelaccountants2130.com/?utm_source=google,(238) 555-2130,Landline,2230 Main St,72130,Washington,Seattle,11-50,REF-2130
Davis Real Estate Agents 2131,Michael Davis,Michael,owner2131@davisrealestateagents2131.com,www.davisrealestateagents2131.com/?utm_source=google,(729) 555-2131,Mobile,2231 Main St,72131,Colorado,denver,,REF-2131
Kim Auto Detailing 2132,James Garcia,Priya,owner2132@kimautodetailing2132.com,www.kimautodetailing2132.com/?utm_source=google,(983) 555-2132,Mobile,2232 Main St,72132,IL,CHICAGO,11-50,REF-2132
Nguyen Gyms 2133,James Kim,Maria,owner2133@nguyengyms2133.com,,(275) 555-2133,Landline,,72133,GE,Atlanta,,REF-2133
Johnson Salons 2134,Michael Brown,Michael,owner2134@johnsonsalons2134.com,,(565) 555-2134,Landline,2234 Main St,72134,IL,chicago,11-50,REF-2134
Nguyen Restaurants 2135,Michael Davis,Ana,owner2135@nguyenrestaurants2135.com,www.nguyenrestaurants2135.com/?utm_source=google,(365) 555-2135,Mobile,2235 Main St,72135,Georgia,atlanta,,REF-2135
Patel Restaurants 2136,James Smith,Michael,owner2136@patelrestaurants2136.com,www.patelrestaurants2136.com/?utm_source=google,(799) 555-2136,,,72136,GE,atlanta,1-10,REF-2136
Kim HVAC Services 2137,Priya Nguyen,Maria,owner2137@kimhvacservices2137.com,www.kimhvacservices2137.com/?utm_source=google,(421) 555-2137,,2237 Main St,72137,TE,DALLAS,1-10,REF-2137
Johnson Salons 2138,Linda Patel,David,owner2138@johnsonsalons2138.com,www.johnsonsalons2138.com/?utm_source=google,(877) 555-2138,Mobile,2238 Main St,72138,Massachusetts,boston,51-200,REF-2138
Garcia Accountants 2139,Maria Nguyen,Michael,owner2139@garciaaccountants2139.com,www.garciaaccountants2139.com/?utm_source=google,(327) 555-2139,Landline,2239 Main St,72139,MA,boston,,REF-2139
Patel HVAC Services 2140,Maria Kim,Linda,owner2140@patelhvacservices2140.com,www.patelhvacservices2140.com/?utm_source=google,(673) 555-2140,,,72140,Illinois,chicago,1-10,REF-2140
Davis Plumbing 2141,Linda Patel,Michael,owner2141@davisplumbing2141.com,www.davisplumbing2141.com/?utm_source=google,(610) 555-2141,Mobile,2241 Main St,72141,IL,Chicago,,REF-2141
Patel Salons 2142,Linda Nguyen,Michael,owner2142@patelsalons2142.com,www.patelsalons2142.com/?utm_source=google,(686) 555-2142,,2242 Main St,72142,Florida,MIAMI,51-200,REF-2142
Patel HVAC Services 2143,James Patel,James,owner2143@patelhvacservices2143.com,www.patelhvacservices2143.com/?utm_source=google,(377) 555-2143,Landline,2243 Main St,72143,Arizona,Phoenix,,REF-2143
Garcia Auto Repair 2144,David Garcia,David,owner2144@garciaautorepair2144.com,,(799) 555-2144,Landline,,72144,IL,chicago,,REF-2144
Nguyen Chiropractors 2145,Robert Nguyen,Michael,,www.nguyenchiropractors2145.com/?utm_source=google,(584) 555-2145,,2245 Main St,72145,TE,dallas,1-10,REF-2145
Garcia Restaurants 2146,Michael Garcia,Priya,,www.garciarestaurants2146.com/?utm_source=google,(677) 555-2146,,,72146,GE,atlanta,11-50,REF-2146
Johnson HVAC Services 2147,Maria Johnson,Robert,owner2147@,,(418) 555-2147,Mobile,2247 Main St,72147,TE,dallas,,REF-2147
Garcia Real Estate Agents 2148,Linda Smith,Robert,owner2148@garciarealestateagents2148.com,,(468) 555-2148,Mobile,2248 Main St,72148,WA,SEATTLE,1-10,REF-2148
Patel HVAC Services 2149,Maria Davis,Priya,owner2149@patelhvacservices2149.com,www.patelhvacservices2149.com/?utm_source=google,(215) 555-2149,Mobile,,72149,Georgia,ATLANTA,1-10,REF-2149
Johnson Chiropractors 2150,Robert Davis,Priya,owner2150@johnsonchiropractors2150.com,www.johnsonchiropractors2150.com/?utm_source=google,(379) 555-2150,Landline,2250 Main St,72150,Florida,miami,11-50,REF-2150
Johnson Gyms 2151,Ana Johnson,David,owner2151@johnsongyms2151.com,www.johnsongyms2151.com/?utm_source=google,(464) 555-2151,Landline,2251 Main St,72151,FL,Miami,51-200,REF-2151
Garcia Accountants 2152,Maria Garcia,Michael,owner2152@garciaaccountants2152.com,www.garciaaccountants2152.com/?utm_source=google,(427) 555-2152,Mobile,,72152,WA,Seattle,,REF-2152
Kim Plumbing 2153,Ana Patel,Ana,,www.kimplumbing2153.com/?utm_source=google,(875) 555-2153,,,72153,MA,BOSTON,1-10,REF-2153
Smith Real Estate Agents 2154,Ana Garcia,Robert,owner2154@,,(947) 555-2154,Landline,2254 Main St,72154,Massachusetts,boston,1-10,REF-2154
Johnson Auto Repair 2155,David Davis,James,owner2155@johnsonautorepair2155.com,www.johnsonautorepair2155.com/?utm_source=google,(394) 555-2155,Landline,2255 Main St,72155,Washington,SEATTLE,,REF-2155
Patel Chiropractors 2156,Priya Kim,Linda,owner2156@patelchiropractors2156.com,www.patelchiropractors2156.com/?utm_source=google,(784) 555-2156,Mobile,2256 Main St,72156,FL,miami,11-50,REF-2156
Johnson Plumbing 2157,Priya Brown,Maria,owner2157@johnsonplumbing2157.com,,(690) 555-2157,,,72157,TE,dallas,,REF-2157
Johnson Restaurants 2158,David Kim,David,owner2158@johnsonrestaurants2158.com,,(364) 555-2158,Landline,2258 Main St,72158,WA,SEATTLE,1-10,REF-2158
Smith Restaurants 2159,James Patel,David,owner2159@smithrestaurants2159.com,www.smithrestaurants2159.com/?utm_source=google,(232) 555-2159,,2259 Main St,72159,Georgia,ATLANTA,1-10,REF-2159
Kim Salons 2160,Robert Garcia,James,owner2160@kimsalons2160.com,www.kimsalons2160.com/?utm_source=google,(899) 555-2160,,2260 Main St,72160,Arizona,Phoenix,1-10,REF-2160
Davis Real Estate Agents 2161,Michael Patel,Robert,owner2161@davisrealestateagents2161.com,,(683) 555-2161,Mobile,,72161,GE,Atlanta,11-50,REF-2161
Brown Chiropractors 2162,Maria Davis,Robert,owner2162@brownchiropractors2162.com,www.brownchiropractors2162.com/?utm_source=google,(914) 555-2162,Landline,2262 Main St,72162,Massachusetts,BOSTON,51-200,REF-2162
Johnson Plumbing 2163,Ana Patel,Ana,owner2163@johnsonplumbing2163.com,,(926) 555-2163,Mobile,,72163,TE,Dallas,,REF-2163
Brown Accountants 2164,Michael Johnson,Robert,owner2164@brownaccountants2164.com,www.brownaccountants2164.com/?utm_source=google,(377) 555-2164,Mobile,2264 Main St,72164,Texas,Dallas,51-200,REF-2164
Johnson Auto Detailing 2165,Ana Smith,Robert,owner2165@,www.johnsonautodetailing2165.com/?utm_source=google,(741) 555-2165,Mobile,,72165,Massachusetts,BOSTON,11-50,REF-2165
Nguyen Chiropractors 2166,Ana Nguyen,Maria,owner2166@nguyenchiropractors2166.com,www.nguyenchiropractors2166.com/?utm_source=google,(985) 555-2166,,,72166,Colorado,DENVER,,REF-2166
Nguyen HVAC Services 2167,David Davis,Priya,owner2167@,www.nguyenhvacservices2167.com/?utm_source=google,(512) 555-2167,Mobile,,72167,Washington,seattle,11-50,REF-2167
Garcia Salons 2168,David Garcia,David,owner2168@garciasalons2168.com,www.garciasalons2168.com/?utm_source=google,(794) 555-2168,Landline,,72168,CO,denver,11-50,REF-2168
Garcia Accountants 2169,Maria Kim,David,owner2169@garciaaccountants2169.com,www.garciaaccountants2169.com/?utm_source=google,(794) 555-2169,Landline,2269 Main St,72169,Illinois,CHICAGO,,REF-2169
Brown Gyms 2170,Ana Smith,Ana,,www.browngyms2170.com/?utm_source=google,(869) 555-2170,,2270 Main St,72170,AR,PHOENIX,51-200,REF-2170
Garcia Auto Repair 2171,Robert Patel,Ana,owner2171@garciaautorepair2171.com,,(450) 555-2171,,,72171,Georgia,atlanta,1-10,REF-2171
Brown Real Estate Agents 2172,Michael Smith,Michael,owner2172@brownrealestateagents2172.com,www.brownrealestateagents2172.com/?utm_source=google,(614) 555-2172,Mobile,2272 Main St,72172,Massachusetts,BOSTON,11-50,REF-2172
Garcia Auto Detailing 2173,Ana Johnson,Ana,,www.garciaautodetailing2173.com/?utm_source=google,(902) 555-2173,Landline,2273 Main St,72173,TE,dallas,1-10,REF-2173
Nguyen HVAC Services 2174,Priya Brown,James,,www.nguyenhvacservices2174.com/?utm_source=google,(220) 555-2174,Landline,2274 Main St,72174,IL,CHICAGO,,REF-2174
Garcia Gyms 2175,David Garcia,Michael,owner2175@garciagyms2175.com,www.garciagyms2175.com/?utm_source=google,(334) 555-2175,Mobile,2275 Main St,72175,Massachusetts,boston,11-50,REF-2175
Johnson Salons 2176,Ana Davis,Priya,,www.johnsonsalons2176.com/?utm_source=google,(707) 555-2176,,2276 Main St,72176,Florida,Miami,1-10,REF-2176
Smith Real Estate Agents 2177,Ana Kim,David,owner2177@smithrealestateagents2177.com,www.smithrealestateagents2177.com/?utm_source=google,(652) 555-2177,Landline,2277 Main St,72177,Georgia,Atlanta,51-200,REF-2177
Kim Auto Detailing 2178,James Garcia,Ana,owner2178@kimautodetailing2178.com,www.kimautodetailing2178.com/?utm_source=google,(371) 555-2178,Mobile,,72178,Florida,Miami,51-200,REF-2178
Smith Accountants 2179,Linda Brown,Priya,,www.smithaccountants2179.com/?utm_source=google,(966) 555-2179,Mobile,,72179,Washington,Seattle,51-200,REF-2179
Garcia Salons 2180,Linda Kim,Robert,owner2180@garciasalons2180.com,www.garciasalons2180.com/?utm_source=google,(848) 555-2180,Landline,2280 Main St,72180,Washington,Seattle,1-10,REF-2180
Patel Accountants 2181,Robert Patel,David,owner2181@patelaccountants2181.com,www.patelaccountants2181.com/?utm_source=google,(307) 555-2181,,2281 Main St,72181,MA,Boston,51-200,REF-2181
Smith HVAC Services 2182,James Smith,Priya,owner2182@smithhvacservices2182.com,www.smithhvacservices2182.com/?utm_source=google,(801) 555-2182,Landline,2282 Main St,72182,GE,atlanta,11-50,REF-2182
Brown Real Estate Agents 2183,James Kim,David,owner2183@brownrealestateagents2183.com,www.brownrealestateagents2183.com/?utm_source=google,(374) 555-2183,,2283 Main St,72183,CO,DENVER,11-50,REF-2183
Brown Salons 2184,Ana Garcia,David,owner2184@brownsalons2184.com,,(951) 555-2184,Landline,,72184,Georgia,ATLANTA,11-50,REF-2184
Kim Gyms 2185,David Patel,Ana,owner2185@kimgyms2185.com,www.kimgyms2185.com/?utm_source=google,(974) 555-2185,Mobile,2285 Main St,72185,IL,chicago,51-200,REF-2185
Davis Accountants 2186,Michael Nguyen,Michael,owner2186@davisaccountants2186.com,www.davisaccountants2186.com/?utm_source=google,(700) 555-2186,,,72186,TE,DALLAS,,REF-2186
Davis Real Estate Agents 2187,Linda Patel,James,,www.davisrealestateagents2187.com/?utm_source=google,(202) 555-2187,Landline,2287 Main St,72187,Massachusetts,boston,1-10,REF-2187
Nguyen Chiropractors 2188,Ana Brown,James,owner2188@nguyenchiropractors2188.com,www.nguyenchiropractors2188.com/?utm_source=google,(393) 555-2188,Landline,2288 Main St,72188,GE,Atlanta,11-50,REF-2188
Nguyen Auto Detailing 2189,Robert Davis,Ana,,,(669) 555-2189,Mobile,2289 Main St,72189,AR,Phoenix,11-50,REF-2189
Johnson Gyms 2190,James Nguyen,Robert,owner2190@johnsongyms2190.com,www.johnsongyms2190.com/?utm_source=google,(451) 555-2190,Landline,2290 Main St,72190,Massachusetts,boston,51-200,REF-2190
Smith Gyms 2191,Ana Patel,Ana,owner2191@smithgyms2191.com,www.smithgyms2191.com/?utm_source=google,(662) 555-2191,Mobile,2291 Main St,72191,Florida,Miami,,REF-2191
Kim HVAC Services 2192,Linda Davis,Michael,owner2192@kimhvacservices2192.com,www.kimhvacservices2192.com/?utm_source=google,(569) 555-2192,,,72192,TE,dallas,,REF-2192
Nguyen Chiropractors 2193,Maria Johnson,Priya,owner2193@nguyenchiropractors2193.com,www.nguyenchiropractors2193.com/?utm_source=google,(973) 555-2193,Mobile,2293 Main St,72193,TE,Dallas,51-200,REF-2193
Johnson HVAC Services 2194,Robert Nguyen,James,owner2194@,www.johnsonhvacservices2194.com/?utm_source=google,(503) 555-2194,Landline,2294 Main St,72194,TE,Dallas,,REF-2194
Patel Salons 2195,Ana Patel,James,owner2195@patelsalons2195.com,,(617) 555-2195,Mobile,2295 Main St,72195,FL,Miami,51-200,REF-2195
Brown Real Estate Agents 2196,Linda Nguyen,Robert,owner2196@brownrealestateagents2196.com,www.brownrealestateagents2196.com/?utm_source=google,(396) 555-2196,,2296 Main St,72196,Massachusetts,boston,51-200,REF-2196
Johnson Auto Detailing 2197,Linda Davis,David,owner2197@johnsonautodetailing2197.com,www.johnsonautodetailing2197.com/?utm_source=google,(345) 555-2197,Landline,2297 Main St,72197,Illinois,Chicago,1-10,REF-2197
Kim Chiropractors 2198,Ana Smith,David,owner2198@kimchiropractors2198.com,,(820) 555-2198,Mobile,2298 Main St,72198,IL,Chicago,,REF-2198
Johnson Plumbing 2199,Linda Nguyen,Michael,,www.johnsonplumbing2199.com/?utm_source=google,(233) 555-2199,Landline,2299 Main St,72199,TE,Dallas,,REF-2199
Garcia HVAC Services 2200,Linda Nguyen,Linda,owner2200@garciahvacservices2200.com,www.garciahvacservices2200.com/?utm_source=google,(850) 555-2200,Mobile,2300 Main St,72200,Arizona,PHOENIX,51-200,REF-2200
Garcia Gyms 2201,Ana Nguyen,James,,www.garciagyms2201.com/?utm_source=google,(363) 555-2201,Mobile,2301 Main St,72201,Arizona,Phoenix,1-10,REF-2201
Kim Chiropractors 2202,Michael Johnson,Priya,owner2202@kimchiropractors2202.com,www.kimchiropractors2202.com/?utm_source=google,(523) 555-2202,Landline,2302 Main St,72202,GE,atlanta,51-200,REF-2202
Smith Chiropractors 2203,Robert Johnson,James,owner2203@smithchiropractors2203.com,www.smithchiropractors2203.com/?utm_source=google,(371) 555-2203,Landline,2303 Main St,72203,Arizona,phoenix,11-50,REF-2203
Patel HVAC Services 2204,Ana Johnson,Michael,owner2204@patelhvacservices2204.com,www.patelhvacservices2204.com/?utm_source=google,(213) 555-2204,,2304 Main St,72204,Washington,SEATTLE,51-200,REF-2204
Johnson Salons 2205,Michael Patel,Robert,owner2205@johnsonsalons2205.com,www.johnsonsalons2205.com/?utm_source=google,(422) 555-2205,Landline,2305 Main St,72205,MA,boston,51-200,REF-2205
Smith Accountants 2206,Michael Davis,Ana,owner2206@smithaccountants2206.com,www.smithaccountants2206.com/?utm_source=google,(669) 555-2206,Mobile,2306 Main St,72206,Colorado,Denver,51-200,REF-2206
Johnson Chiropractors 2207,James Johnson,Robert,owner2207@johnsonchiropractors2207.com,www.johnsonchiropractors2207.com/?utm_source=google,(903) 555-2207,,,72207,CO,denver,,REF-2207
Smith Real Estate Agents 2208,Priya Garcia,David,owner2208@smithrealestateagents2208.com,,(596) 555-2208,,2308 Main St,72208,Illinois,Chicago,,REF-2208
Brown HVAC Services 2209,Ana Garcia,Robert,owner2209@brownhvacservices2209.com,www.brownhvacservices2209.com/?utm_source=google,(736) 555-2209,Mobile,2309 Main St,72209,Washington,seattle,1-10,REF-2209
Nguyen Accountants 2210,Michael Garcia,David,owner2210@nguyenaccountants2210.com,www.nguyenaccountants2210.com/?utm_source=google,(286) 555-2210,,2310 Main St,72210,FL,MIAMI,,REF-2210
Smith Accountants 2211,Maria Kim,James,owner2211@smithaccountants2211.com,www.smithaccountants2211.com/?utm_source=google,(941) 555-2211,,2311 Main St,72211,Massachusetts,boston,1-10,REF-2211
Kim Auto Detailing 2212,James Kim,Michael,owner2212@kimautodetailing2212.com,,(431) 555-2212,Mobile,2312 Main St,72212,MA,BOSTON,51-200,REF-2212
Kim Gyms 2213,Michael Davis,Maria,owner2213@kimgyms2213.com,www.kimgyms2213.com/?utm_source=google,(535) 555-2213,Mobile,,72213,Washington,Seattle,51-200,REF-2213
Kim Auto Detailing 2214,Ana Smith,Robert,owner2214@kimautodetailing2214.com,,(249) 555-2214,Mobile,2314 Main St,72214,TE,DALLAS,51-200,REF-2214
Johnson Chiropractors 2215,James Johnson,Priya,,www.johnsonchiropractors2215.com/?utm_source=google,(839) 555-2215,,2315 Main St,72215,GE,ATLANTA,11-50,REF-2215
Patel Restaurants 2216,Priya Brown,Michael,owner2216@patelrestaurants2216.com,www.patelrestaurants2216.com/?utm_source=google,(371) 555-2216,Landline,,72216,WA,SEATTLE,1-10,REF-2216
Garcia Auto Detailing 2217,Maria Patel,Linda,owner2217@garciaautodetailing2217.com,www.garciaautodetailing2217.com/?utm_source=google,(240) 555-2217,,2317 Main St,72217,Colorado,Denver,1-10,REF-2217
Kim Real Estate Agents 2218,David Kim,David,owner2218@kimrealestateagents2218.com,www.kimrealestateagents2218.com/?utm_source=google,(961) 555-2218,,2318 Main St,72218,Georgia,ATLANTA,11-50,REF-2218
Garcia Plumbing 2219,Priya Brown,James,owner2219@garciaplumbing2219.com,www.garciaplumbing2219.com/?utm_source=google,(733) 555-2219,Landline,2319 Main St,72219,MA,BOSTON,,REF-2219
Smith Salons 2220,Linda Patel,David,owner2220@smithsalons2220.com,,(952) 555-2220,Mobile,2320 Main St,72220,CO,denver,11-50,REF-2220
Davis Plumbing 2221,Michael Patel,Linda,owner2221@davisplumbing2221.com,www.davisplumbing2221.com/?utm_source=google,(651) 555-2221,,2321 Main St,72221,Illinois,Chicago,,REF-2221
Garcia Auto Detailing 2222,Michael Davis,David,owner2222@garciaautodetailing2222.com,www.garciaautodetailing2222.com/?utm_source=google,(824) 555-2222,,2322 Main St,72222,FL,MIAMI,1-10,REF-2222
Nguyen Chiropractors 2223,David Garcia,Linda,owner2223@nguyenchiropractors2223.com,,(874) 555-2223,Landline,2323 Main St,72223,Texas,DALLAS,11-50,REF-2223
Smith Accountants 2224,Robert Davis,Michael,owner2224@smithaccountants2224.com,,(830) 555-2224,Landline,2324 Main St,72224,Illinois,Chicago,11-50,REF-2224
Johnson Plumbing 2225,Priya Garcia,Robert,owner2225@johnsonplumbing2225.com,www.johnsonplumbing2225.com/?utm_source=google,(976) 555-2225,Landline,2325 Main St,72225,CO,DENVER,11-50,REF-2225
Davis Real Estate Agents 2226,Robert Nguyen,Priya,,www.davisrealestateagents2226.com/?utm_source=google,(693) 555-2226,,2326 Main St,72226,CO,DENVER,51-200,REF-2226
Brown Chiropractors 2227,Priya Johnson,Priya,owner2227@brownchiropractors2227.com,www.brownchiropractors2227.com/?utm_source=google,(248) 555-2227,Landline,2327 Main St,72227,Texas,DALLAS,1-10,REF-2227
Davis HVAC Services 2228,Priya Kim,Priya,owner2228@davishvacservices2228.com,www.davishvacservices2228.com/?utm_source=google,(485) 555-2228,Landline,2328 Main St,72228,MA,boston,,REF-2228
Smith Restaurants 2229,Robert Nguyen,David,,www.smithrestaurants2229.com/?utm_source=google,(203) 555-2229,,2329 Main St,72229,CO,Denver,51-200,REF-2229
Nguyen Plumbing 2230,Linda Smith,Maria,owner2230@nguyenplumbing2230.com,,(485) 555-2230,,,72230,TE,dallas,1-10,REF-2230
Davis HVAC Services 2231,Maria Patel,David,,www.davishvacservices2231.com/?utm_source=google,(611) 555-2231,Mobile,2331 Main St,72231,Florida,Miami,51-200,REF-2231
Patel Auto Detailing 2232,James Patel,Linda,owner2232@patelautodetailing2232.com,,(235) 555-2232,Mobile,2332 Main St,72232,WA,SEATTLE,11-50,REF-2232
Smith Restaurants 2233,Priya Johnson,Priya,owner2233@smithrestaurants2233.com,,(623) 555-2233,,2333 Main St,72233,GE,atlanta,51-200,REF-2233
Nguyen Plumbing 2234,Maria Johnson,Maria,owner2234@nguyenplumbing2234.com,www.nguyenplumbing2234.com/?utm_source=google,(915) 555-2234,Mobile,2334 Main St,72234,Washington,SEATTLE,51-200,REF-2234
Davis Accountants 2235,Ana Brown,Ana,owner2235@davisaccountants2235.com,www.davisaccountants2235.com/?utm_source=google,(722) 555-2235,Landline,2335 Main St,72235,IL,Chicago,11-50,REF-2235
Brown HVAC Services 2236,James Johnson,Robert,,www.brownhvacservices2236.com/?utm_source=google,(277) 555-2236,Mobile,2336 Main St,72236,FL,miami,,REF-2236
Davis Plumbing 2237,Michael Johnson,Robert,owner2237@davisplumbing2237.com,www.davisplumbing2237.com/?utm_source=google,(745) 555-2237,Landline,2337 Main St,72237,Colorado,denver,1-10,REF-2237
Garcia Auto Detailing 2238,Robert Kim,Maria,owner2238@garciaautodetailing2238.com,www.garciaautodetailing2238.com/?utm_source=google,(972) 555-2238,Mobile,,72238,Georgia,Atlanta,1-10,REF-2238
Davis HVAC Services 2239,Robert Kim,Priya,owner2239@davishvacservices2239.com,www.davishvacservices2239.com/?utm_source=google,(339) 555-2239,Landline,2339 Main St,72239,WA,Seattle,51-200,REF-2239
Davis Chiropractors 2240,Linda Johnson,James,owner2240@davischiropractors2240.com,www.davischiropractors2240.com/?utm_source=google,(694) 555-2240,Landline,2340 Main St,72240,MA,boston,,REF-2240
Johnson Auto Detailing 2241,Linda Nguyen,Michael,owner2241@johnsonautodetailing2241.com,www.johnsonautodetailing2241.com/?utm_source=google,(555) 555-2241,,2341 Main St,72241,WA,Seattle,11-50,REF-2241
Nguyen HVAC Services 2242,Robert Kim,Priya,owner2242@nguyenhvacservices2242.com,www.nguyenhvacservices2242.com/?utm_source=google,(985) 555-2242,Mobile,,72242,AR,Phoenix,11-50,REF-2242
Kim Accountants 2243,Robert Kim,Linda,owner2243@kimaccountants2243.com,www.kimaccountants2243.com/?utm_source=google,(885) 555-2243,Mobile,,72243,FL,miami,,REF-2243
Brown Salons 2244,Robert Patel,Ana,,www.brownsalons2244.com/?utm_source=google,(620) 555-2244,,2344 Main St,72244,Arizona,PHOENIX,51-200,REF-2244
Brown Real Estate Agents 2245,David Kim,Maria,,www.brownrealestateagents2245.com/?utm_source=google,(797) 555-2245,Landline,2345 Main St,72245,IL,chicago,51-200,REF-2245
Patel Restaurants 2246,James Brown,Michael,owner2246@patelrestaurants2246.com,www.patelrestaurants2246.com/?utm_source=google,(470) 555-2246,,2346 Main St,72246,WA,SEATTLE,1-10,REF-2246
Johnson Restaurants 2247,Maria Johnson,Michael,owner2247@johnsonrestaurants2247.com,www.johnsonrestaurants2247.com/?utm_source=google,(538) 555-2247,Landline,2347 Main St,72247,AR,Phoenix,,REF-2247
Nguyen HVAC Services 2248,Michael Patel,Michael,owner2248@nguyenhvacservices2248.com,www.nguyenhvacservices2248.com/?utm_source=google,(631) 555-2248,Landline,,72248,AR,Phoenix,11-50,REF-2248
Garcia Restaurants 2249,James Nguyen,Linda,owner2249@,www.garciarestaurants2249.com/?utm_source=google,(229) 555-2249,,,72249,IL,Chicago,51-200,REF-2249
Nguyen Chiropractors 2250,James Patel,Maria,owner2250@nguyenchiropractors2250.com,,(889) 555-2250,Mobile,2350 Main St,72250,GE,Atlanta,1-10,REF-2250
Nguyen Real Estate Agents 2251,Priya Smith,Robert,owner2251@nguyenrealestateagents2251.com,www.nguyenrealestateagents2251.com/?utm_source=google,(660) 555-2251,Landline,,72251,CO,Denver,11-50,REF-2251
Davis HVAC Services 2252,Ana Kim,Michael,owner2252@davishvacservices2252.com,www.davishvacservices2252.com/?utm_source=google,(706) 555-2252,Landline,2352 Main St,72252,FL,miami,,REF-2252
Nguyen Plumbing 2253,David Johnson,Maria,owner2253@nguyenplumbing2253.com,www.nguyenplumbing2253.com/?utm_source=google,(507) 555-2253,,2353 Main St,72253,FL,Miami,1-10,REF-2253
Johnson Gyms 2254,Robert Patel,Robert,owner2254@johnsongyms2254.com,www.johnsongyms2254.com/?utm_source=google,(263) 555-2254,Landline,2354 Main St,72254,Florida,Miami,51-200,REF-2254
Garcia Plumbing 2255,Robert Garcia,Michael,owner2255@garciaplumbing2255.com,www.garciaplumbing2255.com/?utm_source=google,(583) 555-2255,Landline,,72255,TE,dallas,1-10,REF-2255
Smith Auto Detailing 2256,Robert Kim,David,owner2256@smithautodetailing2256.com,www.smithautodetailing2256.com/?utm_source=google,(468) 555-2256,Landline,,72256,Georgia,atlanta,,REF-2256
Nguyen Restaurants 2257,Maria Johnson,Michael,owner2257@,www.nguyenrestaurants2257.com/?utm_source=google,(492) 555-2257,Mobile,2357 Main St,72257,Florida,MIAMI,1-10,REF-2257
Brown HVAC Services 2258,James Brown,Maria,owner2258@brownhvacservices2258.com,,(933) 555-2258,Mobile,2358 Main St,72258,Georgia,atlanta,1-10,REF-2258
Patel Plumbing 2259,James Smith,Michael,owner2259@patelplumbing2259.com,www.patelplumbing2259.com/?utm_source=google,(689) 555-2259,,2359 Main St,72259,Massachusetts,Boston,1-10,REF-2259
Brown Chiropractors 2260,Maria Garcia,Maria,owner2260@brownchiropractors2260.com,www.brownchiropractors2260.com/?utm_source=google,(509) 555-2260,,2360 Main St,72260,Florida,miami,11-50,REF-2260
Nguyen Real Estate Agents 2261,David Johnson,Priya,owner2261@nguyenrealestateagents2261.com,www.nguyenrealestateagents2261.com/?utm_source=google,(625) 555-2261,Mobile,,72261,Texas,dallas,1-10,REF-2261
Johnson Auto Repair 2262,Robert Garcia,Linda,,www.johnsonautorepair2262.com/?utm_source=google,(429) 555-2262,Mobile,,72262,TE,DALLAS,,REF-2262
Garcia Chiropractors 2263,David Brown,Ana,owner2263@garciachiropractors2263.com,,(319) 555-2263,,,72263,Illinois,CHICAGO,1-10,REF-2263
Nguyen Auto Repair 2264,Linda Garcia,Priya,owner2264@nguyenautorepair2264.com,www.nguyenautorepair2264.com/?utm_source=google,(439) 555-2264,Landline,2364 Main St,72264,GE,atlanta,,REF-2264
Kim Salons 2265,Linda Garcia,Maria,,www.kimsalons2265.com/?utm_source=google,(981) 555-2265,Landline,,72265,TE,Dallas,,REF-2265
Johnson Restaurants 2266,Linda Brown,Michael,,www.johnsonrestaurants2266.com/?utm_source=google,(640) 555-2266,Mobile,2366 Main St,72266,Georgia,atlanta,51-200,REF-2266
Smith HVAC Services 2267,Priya Kim,Ana,owner2267@smithhvacservices2267.com,www.smithhvacservices2267.com/?utm_source=google,(357) 555-2267,Landline,2367 Main St,72267,FL,Miami,1-10,REF-2267
Nguyen Auto Repair 2268,James Nguyen,Priya,,www.nguyenautorepair2268.com/?utm_source=google,(715) 555-2268,,,72268,Washington,seattle,51-200,REF-2268
Davis Auto Detailing 2269,Linda Smith,David,owner2269@davisautodetailing2269.com,www.davisautodetailing2269.com/?utm_source=google,(672) 555-2269,Mobile,,72269,GE,atlanta,51-200,REF-2269
Johnson HVAC Services 2270,Linda Nguyen,Priya,owner2270@johnsonhvacservices2270.com,,(704) 555-2270,Mobile,2370 Main St,72270,GE,ATLANTA,,REF-2270
Garcia Auto Detailing 2271,James Davis,Linda,owner2271@garciaautodetailing2271.com,www.garciaautodetailing2271.com/?utm_source=google,(421) 555-2271,Landline,,72271,Massachusetts,boston,11-50,REF-2271
Brown Accountants 2272,Linda Johnson,Linda,owner2272@brownaccountants2272.com,www.brownaccountants2272.com/?utm_source=google,(814) 555-2272,,,72272,MA,Boston,1-10,REF-2272
Johnson Accountants 2273,Ana Brown,Ana,owner2273@johnsonaccountants2273.com,www.johnsonaccountants2273.com/?utm_source=google,(315) 555-2273,Mobile,2373 Main St,72273,Florida,MIAMI,51-200,REF-2273
Brown Auto Detailing 2274,Robert Nguyen,David,owner2274@brownautodetailing2274.com,www.brownautodetailing2274.com/?utm_source=google,(774) 555-2274,Mobile,2374 Main St,72274,GE,Atlanta,51-200,REF-2274
Johnson Gyms 2275,James Smith,Michael,owner2275@johnsongyms2275.com,www.johnsongyms2275.com/?utm_source=google,(621) 555-2275,Landline,2375 Main St,72275,GE,atlanta,51-200,REF-2275
Kim Salons 2276,Michael Garcia,David,owner2276@kimsalons2276.com,www.kimsalons2276.com/?utm_source=google,(985) 555-2276,Mobile,,72276,WA,Seattle,,REF-2276
Patel Real Estate Agents 2277,Priya Kim,David,owner2277@patelrealestateagents2277.com,,(466) 555-2277,Landline,2377 Main St,72277,Florida,MIAMI,,REF-2277
Brown Auto Repair 2278,Ana Kim,Robert,owner2278@brownautorepair2278.com,www.brownautorepair2278.com/?utm_source=google,(923) 555-2278,Landline,2378 Main St,72278,CO,Denver,,REF-2278
Garcia HVAC Services 2279,David Smith,Linda,,www.garciahvacservices2279.com/?utm_source=google,(277) 555-2279,Mobile,2379 Main St,72279,Washington,seattle,,REF-2279
Patel Plumbing 2280,Michael Davis,Ana,owner2280@patelplumbing2280.com,www.patelplumbing2280.com/?utm_source=google,(379) 555-2280,,2380 Main St,72280,Florida,miami,11-50,REF-2280
Kim Restaurants 2281,Michael Smith,Linda,,www.kimrestaurants2281.com/?utm_source=google,(892) 555-2281,Landline,2381 Main St,72281,MA,boston,11-50,REF-2281
Davis Gyms 2282,James Smith,Linda,owner2282@davisgyms2282.com,www.davisgyms2282.com/?utm_source=google,(288) 555-2282,Mobile,2382 Main St,72282,FL,MIAMI,1-10,REF-2282
Johnson Chiropractors 2283,David Kim,Michael,owner2283@johnsonchiropractors2283.com,www.johnsonchiropractors2283.com/?utm_source=google,(907) 555-2283,Mobile,2383 Main St,72283,MA,BOSTON,1-10,REF-2283
Patel HVAC Services 2284,James Patel,Priya,owner2284@patelhvacservices2284.com,,(799) 555-2284,Mobile,,72284,Georgia,atlanta,11-50,REF-2284
Garcia Auto Detailing 2285,Michael Smith,Linda,owner2285@garciaautodetailing2285.com,www.garciaautodetailing2285.com/?utm_source=google,(740) 555-2285,,,72285,TE,Dallas,51-200,REF-2285
Smith Real Estate Agents 2286,Robert Kim,Ana,owner2286@smithrealestateagents2286.com,www.smithrealestateagents2286.com/?utm_source=google,(790) 555-2286,Landline,2386 Main St,72286,Illinois,chicago,1-10,REF-2286
Brown Gyms 2287,David Davis,Ana,owner2287@browngyms2287.com,www.browngyms2287.com/?utm_source=google,(286) 555-2287,,2387 Main St,72287,FL,MIAMI,11-50,REF-2287
Kim HVAC Services 2288,James Smith,Maria,owner2288@kimhvacservices2288.com,www.kimhvacservices2288.com/?utm_source=google,(960) 555-2288,,2388 Main St,72288,AR,Phoenix,11-50,REF-2288
Brown Salons 2289,Ana Johnson,Linda,owner2289@brownsalons2289.com,www.brownsalons2289.com/?utm_source=google,(320) 555-2289,Landline,2389 Main St,72289,Massachusetts,Boston,51-200,REF-2289
Garcia Salons 2290,James Smith,Maria,owner2290@garciasalons2290.com,www.garciasalons2290.com/?utm_source=google,(676) 555-2290,,2390 Main St,72290,Massachusetts,Boston,11-50,REF-2290
Davis Plumbing 2291,Linda Smith,Michael,owner2291@davisplumbing2291.com,www.davisplumbing2291.com/?utm_source=google,(779) 555-2291,Landline,2391 Main St,72291,Massachusetts,BOSTON,11-50,REF-2291
Patel Chiropractors 2292,Robert Nguyen,Linda,owner2292@patelchiropractors2292.com,www.patelchiropractors2292.com/?utm_source=google,(890) 555-2292,,2392 Main St,72292,GE,atlanta,51-200,REF-2292
Nguyen Gyms 2293,Robert Davis,Ana,,www.nguyengyms2293.com/?utm_source=google,(852) 555-2293,Landline,2393 Main St,72293,TE,Dallas,,REF-2293
Garcia Plumbing 2294,Priya Smith,Michael,owner2294@garciaplumbing2294.com,,(938) 555-2294,Mobile,2394 Main St,72294,Arizona,Phoenix,51-200,REF-2294
Brown Auto Repair 2295,Michael Brown,David,owner2295@brownautorepair2295.com,www.brownautorepair2295.com/?utm_source=google,(283) 555-2295,Mobile,2395 Main St,72295,Texas,Dallas,51-200,REF-2295
Johnson Plumbing 2296,Michael Kim,Linda,owner2296@johnsonplumbing2296.com,www.johnsonplumbing2296.com/?utm_source=google,(988) 555-2296,,2396 Main St,72296,CO,DENVER,1-10,REF-2296
Kim Restaurants 2297,Priya Kim,James,owner2297@kimrestaurants2297.com,,(773) 555-2297,,2397 Main St,72297,Massachusetts,boston,1-10,REF-2297
Garcia Chiropractors 2298,James Johnson,Robert,owner2298@,www.garciachiropractors2298.com/?utm_source=google,(785) 555-2298,,,72298,FL,MIAMI,51-200,REF-2298
Johnson HVAC Services 2299,Ana Nguyen,Linda,owner2299@johnsonhvacservices2299.com,www.johnsonhvacservices2299.com/?utm_source=google,(862) 555-2299,Landline,2399 Main St,72299,IL,chicago,51-200,REF-2299
Garcia Accountants 2300,James Smith,Linda,owner2300@garciaaccountants2300.com,www.garciaaccountants2300.com/?utm_source=google,(962) 555-2300,Landline,,72300,Arizona,phoenix,,REF-2300
Smith Restaurants 2301,David Davis,Linda,owner2301@smithrestaurants2301.com,,(710) 555-2301,,,72301,Massachusetts,boston,11-50,REF-2301
Davis Gyms 2302,Michael Kim,David,owner2302@davisgyms2302.com,www.davisgyms2302.com/?utm_source=google,(380) 555-2302,,2402 Main St,72302,Arizona,phoenix,11-50,REF-2302
Davis Salons 2303,Robert Davis,Priya,owner2303@davissalons2303.com,www.davissalons2303.com/?utm_source=google,(893) 555-2303,Landline,,72303,Florida,MIAMI,,REF-2303
Kim Real Estate Agents 2304,Ana Smith,James,owner2304@kimrealestateagents2304.com,,(541) 555-2304,Mobile,2404 Main St,72304,Colorado,Denver,51-200,REF-2304
Nguyen Chiropractors 2305,Robert Davis,Michael,,www.nguyenchiropractors2305.com/?utm_source=google,(580) 555-2305,Landline,,72305,Washington,SEATTLE,,REF-2305
Smith Real Estate Agents 2306,Linda Patel,Maria,owner2306@smithrealestateagents2306.com,www.smithrealestateagents2306.com/?utm_source=google,(551) 555-2306,Mobile,2406 Main St,72306,CO,denver,51-200,REF-2306
Garcia Real Estate Agents 2307,Linda Kim,James,owner2307@,,(566) 555-2307,Mobile,2407 Main St,72307,FL,MIAMI,1-10,REF-2307
Kim Restaurants 2308,Linda Brown,Robert,owner2308@kimrestaurants2308.com,,(563) 555-2308,,2408 Main St,72308,Arizona,phoenix,1-10,REF-2308
Johnson Restaurants 2309,Linda Garcia,James,owner2309@johnsonrestaurants2309.com,www.johnsonrestaurants2309.com/?utm_source=google,(434) 555-2309,,2409 Main St,72309,Massachusetts,Boston,11-50,REF-2309
Brown Chiropractors 2310,James Nguyen,Priya,owner2310@brownchiropractors2310.com,,(402) 555-2310,Mobile,,72310,Georgia,ATLANTA,,REF-2310
Brown Accountants 2311,Maria Johnson,Ana,owner2311@brownaccountants2311.com,www.brownaccountants2311.com/?utm_source=google,(760) 555-2311,,2411 Main St,72311,GE,atlanta,1-10,REF-2311
Patel Real Estate Agents 2312,Maria Kim,David,owner2312@patelrealestateagents2312.com,www.patelrealestateagents2312.com/?utm_source=google,(594) 555-2312,,,72312,TE,dallas,11-50,REF-2312
Brown Plumbing 2313,Robert Garcia,Ana,owner2313@brownplumbing2313.com,www.brownplumbing2313.com/?utm_source=google,(913) 555-2313,,2413 Main St,72313,CO,DENVER,1-10,REF-2313
Smith HVAC Services 2314,Robert Kim,Linda,owner2314@smithhvacservices2314.com,www.smithhvacservices2314.com/?utm_source=google,(816) 555-2314,Landline,2414 Main St,72314,CO,DENVER,1-10,REF-2314
Nguyen Salons 2315,James Nguyen,Priya,owner2315@nguyensalons2315.com,www.nguyensalons2315.com/?utm_source=google,(821) 555-2315,Landline,2415 Main St,72315,Arizona,PHOENIX,1-10,REF-2315
Smith Auto Repair 2316,Maria Patel,David,owner2316@smithautorepair2316.com,www.smithautorepair2316.com/?utm_source=google,(571) 555-2316,Mobile,2416 Main St,72316,Florida,Miami,11-50,REF-2316
Davis Auto Detailing 2317,David Smith,David,owner2317@davisautodetailing2317.com,www.davisautodetailing2317.com/?utm_source=google,(428) 555-2317,Landline,2417 Main St,72317,WA,Seattle,11-50,REF-2317
Nguyen Gyms 2318,Ana Garcia,James,owner2318@,www.nguyengyms2318.com/?utm_source=google,(542) 555-2318,Mobile,2418 Main St,72318,WA,seattle,1-10,REF-2318
Patel Chiropractors 2319,David Nguyen,Priya,owner2319@patelchiropractors2319.com,www.patelchiropractors2319.com/?utm_source=google,(786) 555-2319,,2419 Main St,72319,Texas,DALLAS,11-50,REF-2319
Brown Gyms 2320,Ana Patel,Michael,,www.browngyms2320.com/?utm_source=google,(645) 555-2320,,2420 Main St,72320,Florida,Miami,51-200,REF-2320
Nguyen Auto Detailing 2321,Robert Garcia,James,,www.nguyenautodetailing2321.com/?utm_source=google,(953) 555-2321,Landline,2421 Main St,72321,MA,BOSTON,51-200,REF-2321
Patel Restaurants 2322,Priya Nguyen,Robert,owner2322@patelrestaurants2322.com,,(947) 555-2322,Mobile,,72322,AR,phoenix,1-10,REF-2322
Davis Gyms 2323,James Garcia,Maria,owner2323@davisgyms2323.com,,(210) 555-2323,Landline,2423 Main St,72323,TE,dallas,,REF-2323
Johnson Real Estate Agents 2324,Michael Kim,Linda,owner2324@johnsonrealestateagents2324.com,www.johnsonrealestateagents2324.com/?utm_source=google,(726) 555-2324,Landline,2424 Main St,72324,GE,Atlanta,51-200,REF-2324
Smith HVAC Services 2325,Priya Garcia,David,owner2325@smithhvacservices2325.com,www.smithhvacservices2325.com/?utm_source=google,(989) 555-2325,,2425 Main St,72325,IL,CHICAGO,,REF-2325
Patel Auto Detailing 2326,Linda Brown,David,owner2326@patelautodetailing2326.com,www.patelautodetailing2326.com/?utm_source=google,(788) 555-2326,Landline,,72326,CO,Denver,1-10,REF-2326
Smith Accountants 2327,Ana Johnson,James,owner2327@smithaccountants2327.com,www.smithaccountants2327.com/?utm_source=google,(598) 555-2327,Landline,2427 Main St,72327,Massachusetts,BOSTON,1-10,REF-2327
Kim Real Estate Agents 2328,Linda Kim,Michael,owner2328@kimrealestateagents2328.com,www.kimrealestateagents2328.com/?utm_source=google,(470) 555-2328,Landline,,72328,CO,DENVER,11-50,REF-2328
Smith Gyms 2329,Ana Smith,Robert,owner2329@smithgyms2329.com,www.smithgyms2329.com/?utm_source=google,(723) 555-2329,,2429 Main St,72329,GE,atlanta,51-200,REF-2329
Brown Gyms 2330,Michael Nguyen,Ana,owner2330@browngyms2330.com,www.browngyms2330.com/?utm_source=google,(615) 555-2330,,2430 Main St,72330,Arizona,Phoenix,,REF-2330
Smith Plumbing 2331,Priya Garcia,James,owner2331@smithplumbing2331.com,www.smithplumbing2331.com/?utm_source=google,(246) 555-2331,Mobile,2431 Main St,72331,WA,seattle,11-50,REF-2331
Smith HVAC Services 2332,James Nguyen,Priya,owner2332@smithhvacservices2332.com,www.smithhvacservices2332.com/?utm_source=google,(651) 555-2332,Landline,2432 Main St,72332,Washington,SEATTLE,,REF-2332
Johnson HVAC Services 2333,Ana Smith,Linda,owner2333@,www.johnsonhvacservices2333.com/?utm_source=google,(896) 555-2333,Landline,2433 Main St,72333,TE,DALLAS,51-200,REF-2333
Smith Accountants 2334,Michael Garcia,Ana,,www.smithaccountants2334.com/?utm_source=google,(426) 555-2334,Mobile,,72334,Texas,DALLAS,51-200,REF-2334
Garcia HVAC Services 2335,Ana Patel,James,owner2335@garciahvacservices2335.com,www.garciahvacservices2335.com/?utm_source=google,(226) 555-2335,Mobile,2435 Main St,72335,IL,Chicago,,REF-2335
Garcia Auto Repair 2336,Michael Patel,Priya,owner2336@garciaautorepair2336.com,,(754) 555-2336,Mobile,2436 Main St,72336,Illinois,chicago,,REF-2336
Garcia Gyms 2337,David Patel,James,owner2337@garciagyms2337.com,www.garciagyms2337.com/?utm_source=google,(544) 555-2337,Mobile,2437 Main St,72337,Colorado,DENVER,51-200,REF-2337
Garcia Accountants 2338,Priya Garcia,Priya,owner2338@garciaaccountants2338.com,,(211) 555-2338,,2438 Main St,72338,Massachusetts,BOSTON,1-10,REF-2338
Smith Chiropractors 2339,Maria Davis,Maria,owner2339@smithchiropractors2339.com,,(805) 555-2339,Mobile,,72339,Florida,Miami,1-10,REF-2339
Johnson Salons 2340,James Brown,James,owner2340@johnsonsalons2340.com,www.johnsonsalons2340.com/?utm_source=google,(418) 555-2340,Landline,2440 Main St,72340,Florida,miami,51-200,REF-2340
Davis Plumbing 2341,Priya Brown,James,owner2341@,www.davisplumbing2341.com/?utm_source=google,(308) 555-2341,Mobile,2441 Main St,72341,Florida,miami,1-10,REF-2341
Smith Auto Detailing 2342,Ana Garcia,David,owner2342@smithautodetailing2342.com,www.smithautodetailing2342.com/?utm_source=google,(889) 555-2342,Mobile,,72342,Georgia,ATLANTA,51-200,REF-2342
Garcia Auto Detailing 2343,Robert Nguyen,Linda,owner2343@garciaautodetailing2343.com,,(386) 555-2343,Landline,2443 Main St,72343,TE,DALLAS,1-10,REF-2343
Johnson Auto Detailing 2344,Michael Patel,David,owner2344@johnsonautodetailing2344.com,www.johnsonautodetailing2344.com/?utm_source=google,(904) 555-2344,,2444 Main St,72344,Washington,Seattle,51-200,REF-2344
Smith Auto Repair 2345,Ana Smith,Ana,owner2345@smithautorepair2345.com,,(266) 555-2345,Mobile,2445 Main St,72345,Washington,seattle,,REF-2345
Davis Accountants 2346,Maria Smith,Michael,owner2346@davisaccountants2346.com,www.davisaccountants2346.com/?utm_source=google,(616) 555-2346,Mobile,2446 Main St,72346,Texas,DALLAS,51-200,REF-2346
Smith Auto Repair 2347,Linda Brown,David,owner2347@smithautorepair2347.com,www.smithautorepair2347.com/?utm_source=google,(469) 555-2347,Landline,2447 Main St,72347,CO,Denver,51-200,REF-2347
Smith Auto Detailing 2348,Robert Kim,Michael,owner2348@smithautodetailing2348.com,www.smithautodetailing2348.com/?utm_source=google,(642) 555-2348,,2448 Main St,72348,FL,MIAMI,,REF-2348
Johnson Real Estate Agents 2349,Michael Garcia,Michael,owner2349@johnsonrealestateagents2349.com,,(833) 555-2349,,,72349,CO,denver,51-200,REF-2349
Patel HVAC Services 2350,Michael Kim,David,owner2350@patelhvacservices2350.com,www.patelhvacservices2350.com/?utm_source=google,(819) 555-2350,Mobile,2450 Main St,72350,AR,Phoenix,,REF-2350
Brown Auto Repair 2351,David Garcia,Priya,owner2351@brownautorepair2351.com,www.brownautorepair2351.com/?utm_source=google,(888) 555-2351,,2451 Main St,72351,WA,SEATTLE,,REF-2351
Johnson Chiropractors 2352,Priya Davis,Maria,owner2352@johnsonchiropractors2352.com,,(599) 555-2352,Landline,,72352,WA,seattle,,REF-2352
Johnson Restaurants 2353,David Davis,Priya,owner2353@johnsonrestaurants2353.com,www.johnsonrestaurants2353.com/?utm_source=google,(327) 555-2353,Landline,2453 Main St,72353,Colorado,denver,51-200,REF-2353
Johnson Salons 2354,Ana Kim,Robert,,www.johnsonsalons2354.com/?utm_source=google,(934) 555-2354,Mobile,2454 Main St,72354,IL,Chicago,1-10,REF-2354
Patel Plumbing 2355,David Smith,James,owner2355@patelplumbing2355.com,www.patelplumbing2355.com/?utm_source=google,(963) 555-2355,,2455 Main St,72355,AR,PHOENIX,51-200,REF-2355
Johnson Auto Repair 2356,James Patel,Robert,,,(568) 555-2356,,2456 Main St,72356,MA,Boston,,REF-2356
Brown Restaurants 2357,David Smith,Ana,owner2357@brownrestaurants2357.com,www.brownrestaurants2357.com/?utm_source=google,(838) 555-2357,Mobile,,72357,Texas,Dallas,1-10,REF-2357
Smith Chiropractors 2358,Robert Brown,Michael,owner2358@smithchiropractors2358.com,www.smithchiropractors2358.com/?utm_source=google,(431) 555-2358,,,72358,TE,DALLAS,,REF-2358
Kim Salons 2359,Michael Nguyen,Priya,owner2359@kimsalons2359.com,www.kimsalons2359.com/?utm_source=google,(693) 555-2359,,2459 Main St,72359,Illinois,CHICAGO,11-50,REF-2359
Garcia Auto Detailing 2360,David Johnson,Linda,owner2360@garciaautodetailing2360.com,,(703) 555-2360,,2460 Main St,72360,Arizona,PHOENIX,,REF-2360
Davis Auto Detailing 2361,Michael Johnson,David,owner2361@,www.davisautodetailing2361.com/?utm_source=google,(674) 555-2361,,2461 Main St,72361,IL,Chicago,11-50,REF-2361
Kim Plumbing 2362,Ana Johnson,David,owner2362@kimplumbing2362.com,www.kimplumbing2362.com/?utm_source=google,(919) 555-2362,Landline,2462 Main St,72362,Massachusetts,Boston,51-200,REF-2362
Brown Chiropractors 2363,Robert Johnson,Ana,owner2363@brownchiropractors2363.com,www.brownchiropractors2363.com/?utm_source=google,(319) 555-2363,Mobile,2463 Main St,72363,Florida,MIAMI,,REF-2363
Nguyen Plumbing 2364,Ana Nguyen,Robert,owner2364@nguyenplumbing2364.com,www.nguyenplumbing2364.com/?utm_source=google,(683) 555-2364,Mobile,,72364,IL,chicago,51-200,REF-2364
Davis Real Estate Agents 2365,James Johnson,Priya,owner2365@davisrealestateagents2365.com,www.davisrealestateagents2365.com/?utm_source=google,(923) 555-2365,,2465 Main St,72365,WA,Seattle,1-10,REF-2365
Patel Auto Detailing 2366,Linda Davis,Ana,owner2366@patelautodetailing2366.com,www.patelautodetailing2366.com/?utm_source=google,(305) 555-2366,Landline,2466 Main St,72366,Massachusetts,boston,1-10,REF-2366
Kim Auto Repair 2367,Maria Brown,Michael,owner2367@kimautorepair2367.com,www.kimautorepair2367.com/?utm_source=google,(850) 555-2367,Mobile,,72367,IL,Chicago,11-50,REF-2367
Johnson Salons 2368,David Brown,Ana,owner2368@johnsonsalons2368.com,www.johnsonsalons2368.com/?utm_source=google,(519) 555-2368,Landline,2468 Main St,72368,Florida,Miami,51-200,REF-2368
Patel Auto Repair 2369,Linda Brown,Priya,owner2369@patelautorepair2369.com,,(642) 555-2369,,2469 Main St,72369,Texas,Dallas,,REF-2369
Nguyen Restaurants 2370,Priya Patel,Ana,owner2370@nguyenrestaurants2370.com,www.nguyenrestaurants2370.com/?utm_source=google,(934) 555-2370,Landline,2470 Main St,72370,Colorado,denver,51-200,REF-2370
Garcia Auto Detailing 2371,Robert Kim,Michael,owner2371@garciaautodetailing2371.com,www.garciaautodetailing2371.com/?utm_source=google,(647) 555-2371,Mobile,2471 Main St,72371,AR,phoenix,,REF-2371
Garcia Restaurants 2372,Robert Nguyen,Ana,owner2372@,www.garciarestaurants2372.com/?utm_source=google,(241) 555-2372,Landline,,72372,GE,Atlanta,,REF-2372
Davis Salons 2373,Michael Kim,Priya,owner2373@davissalons2373.com,www.davissalons2373.com/?utm_source=google,(708) 555-2373,Landline,,72373,Georgia,Atlanta,51-200,REF-2373
Patel HVAC Services 2374,James Kim,David,owner2374@patelhvacservices2374.com,www.patelhvacservices2374.com/?utm_source=google,(342) 555-2374,Mobile,2474 Main St,72374,Washington,Seattle,1-10,REF-2374
Garcia Accountants 2375,Linda Davis,Robert,owner2375@garciaaccountants2375.com,www.garciaaccountants2375.com/?utm_source=google,(467) 555-2375,Landline,,72375,AR,PHOENIX,1-10,REF-2375
Nguyen Gyms 2376,Michael Patel,David,owner2376@nguyengyms2376.com,www.nguyengyms2376.com/?utm_source=google,(878) 555-2376,Mobile,2476 Main St,72376,GE,ATLANTA,51-200,REF-2376
Patel Auto Detailing 2377,Maria Johnson,Linda,owner2377@patelautodetailing2377.com,www.patelautodetailing2377.com/?utm_source=google,(470) 555-2377,Mobile,2477 Main St,72377,CO,DENVER,,REF-2377
Davis Auto Repair 2378,Robert Brown,Robert,owner2378@davisautorepair2378.com,,(598) 555-2378,,,72378,Colorado,denver,,REF-2378
Davis Salons 2379,Maria Garcia,David,owner2379@davissalons2379.com,www.davissalons2379.com/?utm_source=google,(793) 555-2379,Landline,2479 Main St,72379,GE,ATLANTA,11-50,REF-2379
Nguyen Chiropractors 2380,Linda Garcia,Linda,owner2380@nguyenchiropractors2380.com,www.nguyenchiropractors2380.com/?utm_source=google,(619) 555-2380,Mobile,2480 Main St,72380,TE,dallas,51-200,REF-2380
Davis Chiropractors 2381,Priya Kim,Priya,owner2381@davischiropractors2381.com,www.davischiropractors2381.com/?utm_source=google,(414) 555-2381,Landline,2481 Main St,72381,MA,Boston,1-10,REF-2381
Kim Salons 2382,Maria Patel,Linda,owner2382@kimsalons2382.com,www.kimsalons2382.com/?utm_source=google,(768) 555-2382,Mobile,2482 Main St,72382,TE,Dallas,51-200,REF-2382
Nguyen Real Estate Agents 2383,James Kim,David,owner2383@nguyenrealestateagents2383.com,,(228) 555-2383,Mobile,,72383,Arizona,Phoenix,,REF-2383
Smith Plumbing 2384,Robert Nguyen,David,owner2384@smithplumbing2384.com,www.smithplumbing2384.com/?utm_source=google,(711) 555-2384,,,72384,Colorado,denver,,REF-2384
Davis Auto Repair 2385,David Brown,Priya,,www.davisautorepair2385.com/?utm_source=google,(218) 555-2385,Landline,2485 Main St,72385,Illinois,chicago,51-200,REF-2385
Davis Restaurants 2386,David Kim,Linda,owner2386@davisrestaurants2386.com,www.davisrestaurants2386.com/?utm_source=google,(385) 555-2386,Mobile,2486 Main St,72386,IL,Chicago,,REF-2386
Kim Chiropractors 2387,Michael Nguyen,Robert,owner2387@kimchiropractors2387.com,,(721) 555-2387,Landline,2487 Main St,72387,GE,Atlanta,11-50,REF-2387
Garcia Plumbing 2388,Ana Patel,Priya,owner2388@garciaplumbing2388.com,www.garciaplumbing2388.com/?utm_source=google,(360) 555-2388,Landline,2488 Main St,72388,Massachusetts,Boston,11-50,REF-2388
Kim Salons 2389,Linda Johnson,David,owner2389@kimsalons2389.com,,(800) 555-2389,Landline,2489 Main St,72389,TE,DALLAS,51-200,REF-2389
Patel Auto Repair 2390,Priya Nguyen,Ana,owner2390@patelautorepair2390.com,www.patelautorepair2390.com/?utm_source=google,(690) 555-2390,,,72390,Illinois,CHICAGO,1-10,REF-2390
Brown HVAC Services 2391,James Johnson,David,owner2391@brownhvacservices2391.com,www.brownhvacservices2391.com/?utm_source=google,(701) 555-2391,Landline,2491 Main St,72391,CO,denver,51-200,REF-2391
Kim Salons 2392,David Davis,Michael,owner2392@kimsalons2392.com,www.kimsalons2392.com/?utm_source=google,(848) 555-2392,Landline,2492 Main St,72392,Florida,miami,11-50,REF-2392
Kim Restaurants 2393,Ana Smith,Robert,owner2393@kimrestaurants2393.com,www.kimrestaurants2393.com/?utm_source=google,(573) 555-2393,Mobile,2493 Main St,72393,Colorado,DENVER,,REF-2393
Davis Accountants 2394,Linda Brown,Ana,owner2394@davisaccountants2394.com,www.davisaccountants2394.com/?utm_source=google,(442) 555-2394,Landline,2494 Main St,72394,CO,denver,,REF-2394
Patel Real Estate Agents 2395,Linda Nguyen,Ana,owner2395@patelrealestateagents2395.com,www.patelrealestateagents2395.com/?utm_source=google,(794) 555-2395,Mobile,,72395,Illinois,Chicago,51-200,REF-2395
Brown Gyms 2396,James Brown,James,owner2396@browngyms2396.com,www.browngyms2396.com/?utm_source=google,(669) 555-2396,Mobile,,72396,WA,Seattle,11-50,REF-2396
Nguyen Auto Detailing 2397,Michael Smith,Ana,owner2397@,,(955) 555-2397,Mobile,2497 Main St,72397,Washington,SEATTLE,51-200,REF-2397
Nguyen Gyms 2398,Michael Davis,Priya,owner2398@nguyengyms2398.com,www.nguyengyms2398.com/?utm_source=google,(637) 555-2398,Landline,2498 Main St,72398,WA,seattle,,REF-2398
Johnson Restaurants 2399,Linda Kim,Michael,owner2399@johnsonrestaurants2399.com,,(808) 555-2399,Mobile,2499 Main St,72399,GE,Atlanta,,REF-2399
Johnson Auto Repair 2400,David Smith,Priya,owner2400@johnsonautorepair2400.com,www.johnsonautorepair2400.com/?utm_source=google,(312) 555-2400,,2500 Main St,72400,IL,Chicago,51-200,REF-2400
Kim Salons 2401,Priya Nguyen,Linda,owner2401@kimsalons2401.com,www.kimsalons2401.com/?utm_source=google,(222) 555-2401,Landline,,72401,CO,Denver,11-50,REF-2401
Brown Real Estate Agents 2402,Priya Nguyen,Ana,owner2402@brownrealestateagents2402.com,,(552) 555-2402,,2502 Main St,72402,Florida,miami,,REF-2402
Smith Chiropractors 2403,Priya Patel,David,owner2403@smithchiropractors2403.com,www.smithchiropractors2403.com/?utm_source=google,(261) 555-2403,Landline,,72403,Massachusetts,Boston,1-10,REF-2403
Garcia Restaurants 2404,Maria Johnson,Linda,owner2404@garciarestaurants2404.com,www.garciarestaurants2404.com/?utm_source=google,(459) 555-2404,Landline,2504 Main St,72404,WA,SEATTLE,,REF-2404
Kim Restaurants 2405,Priya Smith,Ana,owner2405@kimrestaurants2405.com,www.kimrestaurants2405.com/?utm_source=google,(717) 555-2405,Mobile,2505 Main St,72405,Georgia,Atlanta,51-200,REF-2405
Smith Plumbing 2406,Michael Smith,Priya,owner2406@smithplumbing2406.com,,(665) 555-2406,,,72406,TE,dallas,11-50,REF-2406
Smith Accountants 2407,Ana Kim,Linda,owner2407@smithaccountants2407.com,www.smithaccountants2407.com/?utm_source=google,(536) 555-2407,,,72407,Georgia,atlanta,11-50,REF-2407
Kim Gyms 2408,James Smith,Linda,owner2408@kimgyms2408.com,,(662) 555-2408,,2508 Main St,72408,Arizona,PHOENIX,51-200,REF-2408
Garcia Salons 2409,Ana Brown,Michael,owner2409@garciasalons2409.com,www.garciasalons2409.com/?utm_source=google,(242) 555-2409,,2509 Main St,72409,GE,ATLANTA,1-10,REF-2409
Johnson Auto Detailing 2410,James Kim,Ana,owner2410@johnsonautodetailing2410.com,www.johnsonautodetailing2410.com/?utm_source=google,(930) 555-2410,Landline,,72410,Georgia,Atlanta,11-50,REF-2410
Smith Chiropractors 2411,David Davis,Linda,owner2411@smithchiropractors2411.com,www.smithchiropractors2411.com/?utm_source=google,(814) 555-2411,Mobile,2511 Main St,72411,GE,atlanta,11-50,REF-2411
Nguyen Salons 2412,Maria Patel,Michael,,www.nguyensalons2412.com/?utm_source=google,(261) 555-2412,Mobile,2512 Main St,72412,Illinois,Chicago,,REF-2412
Patel Auto Repair 2413,Ana Smith,James,owner2413@patelautorepair2413.com,www.patelautorepair2413.com/?utm_source=google,(405) 555-2413,Mobile,2513 Main St,72413,Arizona,PHOENIX,,REF-2413
Smith HVAC Services 2414,Maria Smith,Linda,owner2414@smithhvacservices2414.com,www.smithhvacservices2414.com/?utm_source=google,(257) 555-2414,Landline,,72414,AR,PHOENIX,51-200,REF-2414
Kim Restaurants 2415,Priya Kim,Linda,owner2415@kimrestaurants2415.com,www.kimrestaurants2415.com/?utm_source=google,(738) 555-2415,,,72415,FL,MIAMI,11-50,REF-2415
Patel Restaurants 2416,Robert Kim,Robert,owner2416@patelrestaurants2416.com,www.patelrestaurants2416.com/?utm_source=google,(392) 555-2416,,2516 Main St,72416,TE,dallas,1-10,REF-2416
Garcia Gyms 2417,Robert Patel,Ana,owner2417@garciagyms2417.com,www.garciagyms2417.com/?utm_source=google,(902) 555-2417,Landline,2517 Main St,72417,Florida,miami,11-50,REF-2417
Nguyen Gyms 2418,Maria Davis,Ana,,www.nguyengyms2418.com/?utm_source=google,(468) 555-2418,,2518 Main St,72418,IL,Chicago,11-50,REF-2418
Brown Auto Detailing 2419,Maria Patel,James,owner2419@brownautodetailing2419.com,www.brownautodetailing2419.com/?utm_source=google,(339) 555-2419,,,72419,CO,DENVER,11-50,REF-2419
Patel Auto Detailing 2420,David Patel,Ana,,www.patelautodetailing2420.com/?utm_source=google,(815) 555-2420,,2520 Main St,72420,Georgia,atlanta,11-50,REF-2420
Smith Accountants 2421,Robert Johnson,Priya,owner2421@smithaccountants2421.com,www.smithaccountants2421.com/?utm_source=google,(537) 555-2421,Landline,2521 Main St,72421,TE,DALLAS,51-200,REF-2421
Patel Real Estate Agents 2422,Robert Patel,Michael,owner2422@patelrealestateagents2422.com,www.patelrealestateagents2422.com/?utm_source=google,(320) 555-2422,Mobile,,72422,CO,Denver,11-50,REF-2422
Kim Gyms 2423,James Smith,Priya,owner2423@kimgyms2423.com,,(491) 555-2423,Landline,2523 Main St,72423,GE,ATLANTA,11-50,REF-2423
Kim Gyms 2424,Maria Davis,David,owner2424@kimgyms2424.com,,(894) 555-2424,,2524 Main St,72424,WA,SEATTLE,51-200,REF-2424
Patel Auto Repair 2425,Linda Patel,James,owner2425@patelautorepair2425.com,www.patelautorepair2425.com/?utm_source=google,(661) 555-2425,Landline,2525 Main St,72425,Arizona,phoenix,11-50,REF-2425
Johnson Auto Repair 2426,Priya Davis,Ana,owner2426@johnsonautorepair2426.com,,(264) 555-2426,Landline,2526 Main St,72426,Arizona,PHOENIX,1-10,REF-2426
Kim Salons 2427,James Smith,Ana,owner2427@kimsalons2427.com,www.kimsalons2427.com/?utm_source=google,(573) 555-2427,Landline,2527 Main St,72427,TE,dallas,11-50,REF-2427
Patel Gyms 2428,Robert Garcia,David,owner2428@patelgyms2428.com,www.patelgyms2428.com/?utm_source=google,(879) 555-2428,Mobile,,72428,FL,MIAMI,51-200,REF-2428
Patel HVAC Services 2429,Michael Garcia,James,owner2429@patelhvacservices2429.com,www.patelhvacservices2429.com/?utm_source=google,(977) 555-2429,,,72429,Illinois,Chicago,51-200,REF-2429
Patel Auto Repair 2430,Ana Johnson,Maria,owner2430@patelautorepair2430.com,www.patelautorepair2430.com/?utm_source=google,(792) 555-2430,Landline,2530 Main St,72430,Florida,miami,51-200,REF-2430
Garcia Auto Detailing 2431,David Smith,Ana,owner2431@garciaautodetailing2431.com,www.garciaautodetailing2431.com/?utm_source=google,(225) 555-2431,Mobile,,72431,GE,ATLANTA,1-10,REF-2431
Garcia Gyms 2432,Linda Johnson,James,,,(491) 555-2432,Mobile,,72432,Texas,DALLAS,1-10,REF-2432
Nguyen Restaurants 2433,James Johnson,James,owner2433@nguyenrestaurants2433.com,www.nguyenrestaurants2433.com/?utm_source=google,(441) 555-2433,,2533 Main St,72433,WA,SEATTLE,1-10,REF-2433
Brown Auto Repair 2434,Priya Garcia,David,owner2434@brownautorepair2434.com,www.brownautorepair2434.com/?utm_source=google,(642) 555-2434,Landline,,72434,GE,Atlanta,,REF-2434
Brown Accountants 2435,Maria Johnson,Michael,owner2435@brownaccountants2435.com,,(984) 555-2435,Landline,2535 Main St,72435,GE,atlanta,1-10,REF-2435
Brown HVAC Services 2436,Michael Kim,Linda,owner2436@brownhvacservices2436.com,www.brownhvacservices2436.com/?utm_source=google,(983) 555-2436,Mobile,2536 Main St,72436,CO,denver,1-10,REF-2436
Garcia Real Estate Agents 2437,Priya Kim,Michael,owner2437@garciarealestateagents2437.com,www.garciarealestateagents2437.com/?utm_source=google,(780) 555-2437,Mobile,2537 Main St,72437,FL,MIAMI,,REF-2437
Davis Salons 2438,Linda Patel,Linda,owner2438@davissalons2438.com,,(534) 555-2438,Landline,2538 Main St,72438,CO,denver,1-10,REF-2438
Smith Restaurants 2439,David Smith,David,owner2439@smithrestaurants2439.com,www.smithrestaurants2439.com/?utm_source=google,(803) 555-2439,Landline,2539 Main St,72439,Colorado,Denver,1-10,REF-2439
Nguyen Chiropractors 2440,Robert Brown,David,owner2440@nguyenchiropractors2440.com,www.nguyenchiropractors2440.com/?utm_source=google,(340) 555-2440,Mobile,2540 Main St,72440,Arizona,phoenix,1-10,REF-2440
Brown Restaurants 2441,David Garcia,Linda,,www.brownrestaurants2441.com/?utm_source=google,(703) 555-2441,Landline,2541 Main St,72441,MA,boston,1-10,REF-2441
Patel Auto Detailing 2442,David Patel,Priya,owner2442@patelautodetailing2442.com,www.patelautodetailing2442.com/?utm_source=google,(867) 555-2442,,2542 Main St,72442,CO,denver,51-200,REF-2442
Smith Accountants 2443,Ana Garcia,Robert,owner2443@smithaccountants2443.com,www.smithaccountants2443.com/?utm_source=google,(852) 555-2443,,2543 Main St,72443,IL,chicago,11-50,REF-2443
Nguyen Gyms 2444,Linda Johnson,Priya,owner2444@nguyengyms2444.com,,(620) 555-2444,Mobile,,72444,CO,denver,1-10,REF-2444
Johnson Salons 2445,Michael Johnson,Maria,,www.johnsonsalons2445.com/?utm_source=google,(722) 555-2445,Landline,2545 Main St,72445,CO,DENVER,,REF-2445
Smith Plumbing 2446,Maria Garcia,Ana,owner2446@smithplumbing2446.com,www.smithplumbing2446.com/?utm_source=google,(873) 555-2446,Mobile,2546 Main St,72446,AR,phoenix,,REF-2446
Patel Restaurants 2447,Ana Smith,Maria,owner2447@patelrestaurants2447.com,www.patelrestaurants2447.com/?utm_source=google,(392) 555-2447,Mobile,2547 Main St,72447,GE,atlanta,51-200,REF-2447
Kim Restaurants 2448,James Brown,Robert,owner2448@kimrestaurants2448.com,www.kimrestaurants2448.com/?utm_source=google,(761) 555-2448,Mobile,,72448,Arizona,PHOENIX,,REF-2448
Smith Real Estate Agents 2449,Robert Garcia,Michael,owner2449@smithrealestateagents2449.com,www.smithrealestateagents2449.com/?utm_source=google,(870) 555-2449,Landline,2549 Main St,72449,IL,chicago,,REF-2449
Kim Plumbing 2450,Robert Patel,David,,,(315) 555-2450,Landline,,72450,Arizona,Phoenix,11-50,REF-2450
Kim Auto Detailing 2451,Ana Garcia,Linda,owner2451@kimautodetailing2451.com,,(278) 555-2451,Mobile,2551 Main St,72451,Massachusetts,Boston,,REF-2451
Brown HVAC Services 2452,Linda Kim,Maria,owner2452@brownhvacservices2452.com,www.brownhvacservices2452.com/?utm_source=google,(657) 555-2452,Mobile,2552 Main St,72452,Massachusetts,Boston,11-50,REF-2452
Johnson Restaurants 2453,Linda Garcia,Robert,owner2453@johnsonrestaurants2453.com,www.johnsonrestaurants2453.com/?utm_source=google,(621) 555-2453,Landline,2553 Main St,72453,Texas,Dallas,1-10,REF-2453
Garcia Restaurants 2454,Ana Patel,James,owner2454@garciarestaurants2454.com,www.garciarestaurants2454.com/?utm_source=google,(349) 555-2454,Landline,2554 Main St,72454,WA,seattle,1-10,REF-2454
Johnson HVAC Services 2455,Linda Davis,Priya,owner2455@johnsonhvacservices2455.com,www.johnsonhvacservices2455.com/?utm_source=google,(347) 555-2455,Landline,2555 Main St,72455,Massachusetts,Boston,,REF-2455
Kim Plumbing 2456,James Patel,Priya,,www.kimplumbing2456.com/?utm_source=google,(272) 555-2456,Mobile,,72456,Washington,seattle,51-200,REF-2456
Johnson Gyms 2457,Ana Nguyen,Linda,owner2457@johnsongyms2457.com,www.johnsongyms2457.com/?utm_source=google,(436) 555-2457,Mobile,2557 Main St,72457,GE,atlanta,11-50,REF-2457
Garcia Gyms 2458,David Patel,Priya,owner2458@garciagyms2458.com,www.garciagyms2458.com/?utm_source=google,(652) 555-2458,,,72458,Florida,Miami,1-10,REF-2458
Brown Auto Detailing 2459,Michael Davis,Ana,owner2459@,www.brownautodetailing2459.com/?utm_source=google,(900) 555-2459,Landline,2559 Main St,72459,Arizona,Phoenix,,REF-2459
Garcia Salons 2460,Michael Smith,Ana,owner2460@garciasalons2460.com,,(821) 555-2460,Mobile,,72460,TE,dallas,1-10,REF-2460
Nguyen Restaurants 2461,James Patel,Priya,owner2461@nguyenrestaurants2461.com,www.nguyenrestaurants2461.com/?utm_source=google,(577) 555-2461,,2561 Main St,72461,WA,SEATTLE,,REF-2461
Garcia Auto Detailing 2462,Michael Nguyen,Priya,owner2462@garciaautodetailing2462.com,www.garciaautodetailing2462.com/?utm_source=google,(233) 555-2462,,2562 Main St,72462,Colorado,denver,,REF-2462
Smith Salons 2463,Robert Patel,Robert,,www.smithsalons2463.com/?utm_source=google,(896) 555-2463,Mobile,2563 Main St,72463,MA,Boston,51-200,REF-2463
Davis Accountants 2464,Priya Davis,Priya,owner2464@davisaccountants2464.com,www.davisaccountants2464.com/?utm_source=google,(563) 555-2464,,,72464,Florida,MIAMI,1-10,REF-2464
Smith Auto Detailing 2465,Ana Garcia,David,owner2465@smithautodetailing2465.com,www.smithautodetailing2465.com/?utm_source=google,(761) 555-2465,Mobile,,72465,Texas,dallas,1-10,REF-2465
Kim HVAC Services 2466,Michael Brown,James,,www.kimhvacservices2466.com/?utm_source=google,(921) 555-2466,,2566 Main St,72466,CO,denver,1-10,REF-2466
Patel Plumbing 2467,Priya Davis,Ana,owner2467@patelplumbing2467.com,,(467) 555-2467,Landline,,72467,Georgia,atlanta,11-50,REF-2467
Johnson HVAC Services 2468,Robert Davis,James,owner2468@johnsonhvacservices2468.com,www.johnsonhvacservices2468.com/?utm_source=google,(846) 555-2468,,2568 Main St,72468,Arizona,Phoenix,51-200,REF-2468
Garcia Accountants 2469,Linda Davis,James,,www.garciaaccountants2469.com/?utm_source=google,(269) 555-2469,,,72469,Illinois,CHICAGO,,REF-2469
Smith Real Estate Agents 2470,Robert Kim,David,owner2470@smithrealestateagents2470.com,www.smithrealestateagents2470.com/?utm_source=google,(740) 555-2470,Mobile,2570 Main St,72470,IL,chicago,51-200,REF-2470
Garcia Real Estate Agents 2471,Priya Johnson,David,owner2471@garciarealestateagents2471.com,www.garciarealestateagents2471.com/?utm_source=google,(302) 555-2471,Mobile,2571 Main St,72471,IL,CHICAGO,51-200,REF-2471
Smith Salons 2472,Priya Nguyen,Ana,owner2472@smithsalons2472.com,www.smithsalons2472.com/?utm_source=google,(570) 555-2472,Landline,2572 Main St,72472,Washington,SEATTLE,1-10,REF-2472
Patel Chiropractors 2473,Maria Nguyen,Ana,owner2473@patelchiropractors2473.com,www.patelchiropractors2473.com/?utm_source=google,(946) 555-2473,,2573 Main St,72473,IL,chicago,1-10,REF-2473
Smith Plumbing 2474,Maria Davis,Priya,owner2474@smithplumbing2474.com,www.smithplumbing2474.com/?utm_source=google,(939) 555-2474,,2574 Main St,72474,IL,Chicago,11-50,REF-2474
Johnson Accountants 2475,Priya Kim,Michael,owner2475@johnsonaccountants2475.com,www.johnsonaccountants2475.com/?utm_source=google,(488) 555-2475,Landline,2575 Main St,72475,Texas,dallas,11-50,REF-2475
Nguyen Accountants 2476,Ana Davis,Priya,owner2476@nguyenaccountants2476.com,www.nguyenaccountants2476.com/?utm_source=google,(381) 555-2476,Landline,,72476,Colorado,Denver,1-10,REF-2476
Brown Auto Detailing 2477,Maria Johnson,David,owner2477@brownautodetailing2477.com,www.brownautodetailing2477.com/?utm_source=google,(314) 555-2477,,,72477,WA,SEATTLE,1-10,REF-2477
Nguyen Restaurants 2478,Linda Garcia,Linda,owner2478@nguyenrestaurants2478.com,www.nguyenrestaurants2478.com/?utm_source=google,(689) 555-2478,,,72478,FL,MIAMI,51-200,REF-2478
Kim Accountants 2479,Linda Patel,Ana,owner2479@kimaccountants2479.com,,(906) 555-2479,Mobile,,72479,AR,PHOENIX,51-200,REF-2479
Garcia Salons 2480,Robert Davis,Linda,,www.garciasalons2480.com/?utm_source=google,(577) 555-2480,Mobile,2580 Main St,72480,Massachusetts,Boston,1-10,REF-2480
Garcia Gyms 2481,Priya Davis,Ana,owner2481@garciagyms2481.com,www.garciagyms2481.com/?utm_source=google,(208) 555-2481,Mobile,2581 Main St,72481,GE,ATLANTA,51-200,REF-2481
Patel Plumbing 2482,Priya Kim,Priya,owner2482@patelplumbing2482.com,www.patelplumbing2482.com/?utm_source=google,(776) 555-2482,Mobile,2582 Main St,72482,Illinois,Chicago,1-10,REF-2482
Brown Salons 2483,Linda Patel,Linda,owner2483@brownsalons2483.com,www.brownsalons2483.com/?utm_source=google,(912) 555-2483,Mobile,,72483,GE,atlanta,11-50,REF-2483
Kim Auto Detailing 2484,Michael Smith,Linda,owner2484@,www.kimautodetailing2484.com/?utm_source=google,(918) 555-2484,Landline,2584 Main St,72484,AR,phoenix,1-10,REF-2484
Nguyen Gyms 2485,Maria Davis,David,owner2485@nguyengyms2485.com,www.nguyengyms2485.com/?utm_source=google,(671) 555-2485,Mobile,2585 Main St,72485,CO,denver,,REF-2485
Nguyen HVAC Services 2486,Michael Brown,Maria,owner2486@nguyenhvacservices2486.com,,(934) 555-2486,Mobile,,72486,Colorado,denver,51-200,REF-2486
Patel Salons 2487,Robert Garcia,James,owner2487@patelsalons2487.com,,(737) 555-2487,Mobile,2587 Main St,72487,GE,ATLANTA,,REF-2487
Nguyen Restaurants 2488,Ana Nguyen,Michael,owner2488@nguyenrestaurants2488.com,www.nguyenrestaurants2488.com/?utm_source=google,(849) 555-2488,Mobile,,72488,AR,PHOENIX,51-200,REF-2488
Brown Auto Detailing 2489,David Smith,Maria,owner2489@brownautodetailing2489.com,www.brownautodetailing2489.com/?utm_source=google,(621) 555-2489,Landline,2589 Main St,72489,Georgia,atlanta,1-10,REF-2489
Patel Salons 2490,Robert Smith,Robert,owner2490@patelsalons2490.com,www.patelsalons2490.com/?utm_source=google,(436) 555-2490,Landline,2590 Main St,72490,FL,MIAMI,1-10,REF-2490
Brown Chiropractors 2491,Maria Kim,Linda,,www.brownchiropractors2491.com/?utm_source=google,(434) 555-2491,Landline,2591 Main St,72491,Georgia,ATLANTA,11-50,REF-2491
Smith Salons 2492,James Davis,James,owner2492@smithsalons2492.com,www.smithsalons2492.com/?utm_source=google,(455) 555-2492,,2592 Main St,72492,Massachusetts,Boston,51-200,REF-2492
Garcia Gyms 2493,Ana Johnson,Maria,owner2493@garciagyms2493.com,www.garciagyms2493.com/?utm_source=google,(980) 555-2493,,,72493,Florida,Miami,1-10,REF-2493
Garcia Chiropractors 2494,David Garcia,David,owner2494@garciachiropractors2494.com,www.garciachiropractors2494.com/?utm_source=google,(821) 555-2494,Landline,2594 Main St,72494,Colorado,DENVER,11-50,REF-2494
Nguyen Salons 2495,Linda Davis,David,owner2495@nguyensalons2495.com,www.nguyensalons2495.com/?utm_source=google,(212) 555-2495,Mobile,2595 Main St,72495,Texas,dallas,51-200,REF-2495
Kim Plumbing 2496,Maria Patel,Priya,owner2496@kimplumbing2496.com,www.kimplumbing2496.com/?utm_source=google,(779) 555-2496,Mobile,2596 Main St,72496,Texas,DALLAS,11-50,REF-2496
Johnson Gyms 2497,Maria Garcia,Michael,,,(796) 555-2497,,,72497,Arizona,phoenix,,REF-2497
Garcia Salons 2498,Ana Davis,Linda,owner2498@garciasalons2498.com,www.garciasalons2498.com/?utm_source=google,(491) 555-2498,Mobile,2598 Main St,72498,Illinois,Chicago,,REF-2498
Garcia Chiropractors 2499,James Johnson,James,owner2499@garciachiropractors2499.com,www.garciachiropractors2499.com/?utm_source=google,(718) 555-2499,,2599 Main St,72499,IL,chicago,51-200,REF-2499
Brown HVAC Services 2500,Robert Kim,Robert,owner2500@brownhvacservices2500.com,www.brownhvacservices2500.com/?utm_source=google,(814) 555-2500,Mobile,,72500,FL,miami,11-50,REF-2500
Davis Gyms 2501,Michael Garcia,Ana,owner2501@davisgyms2501.com,,(353) 555-2501,,,72501,Texas,Dallas,,REF-2501
Patel Restaurants 2502,Linda Garcia,Ana,owner2502@patelrestaurants2502.com,www.patelrestaurants2502.com/?utm_source=google,(746) 555-2502,Mobile,2602 Main St,72502,Illinois,chicago,1-10,REF-2502
Smith Accountants 2503,Robert Brown,David,owner2503@smithaccountants2503.com,,(602) 555-2503,Landline,2603 Main St,72503,Colorado,Denver,,REF-2503
Nguyen Chiropractors 2504,Michael Johnson,Linda,owner2504@nguyenchiropractors2504.com,www.nguyenchiropractors2504.com/?utm_source=google,(651) 555-2504,Mobile,2604 Main St,72504,FL,miami,,REF-2504
Nguyen Salons 2505,Priya Davis,David,owner2505@nguyensalons2505.com,www.nguyensalons2505.com/?utm_source=google,(509) 555-2505,Mobile,2605 Main St,72505,AR,phoenix,1-10,REF-2505
Kim Auto Repair 2506,Robert Brown,James,owner2506@kimautorepair2506.com,,(423) 555-2506,,,72506,IL,Chicago,,REF-2506
Johnson Gyms 2507,Priya Johnson,Ana,owner2507@johnsongyms2507.com,www.johnsongyms2507.com/?utm_source=google,(642) 555-2507,Landline,,72507,Massachusetts,boston,1-10,REF-2507
Kim Gyms 2508,David Nguyen,Ana,owner2508@kimgyms2508.com,www.kimgyms2508.com/?utm_source=google,(424) 555-2508,,2608 Main St,72508,Arizona,PHOENIX,1-10,REF-2508
Johnson HVAC Services 2509,Priya Davis,James,owner2509@johnsonhvacservices2509.com,www.johnsonhvacservices2509.com/?utm_source=google,(955) 555-2509,Mobile,,72509,Georgia,atlanta,51-200,REF-2509
Patel Restaurants 2510,Maria Garcia,David,owner2510@patelrestaurants2510.com,www.patelrestaurants2510.com/?utm_source=google,(807) 555-2510,Mobile,2610 Main St,72510,Texas,dallas,1-10,REF-2510
Smith Salons 2511,Priya Smith,Priya,owner2511@smithsalons2511.com,www.smithsalons2511.com/?utm_source=google,(206) 555-2511,,2611 Main St,72511,MA,BOSTON,11-50,REF-2511
Nguyen Gyms 2512,Priya Davis,David,owner2512@nguyengyms2512.com,www.nguyengyms2512.com/?utm_source=google,(624) 555-2512,Mobile,2612 Main St,72512,Washington,SEATTLE,,REF-2512
Garcia Plumbing 2513,Michael Brown,Ana,owner2513@garciaplumbing2513.com,www.garciaplumbing2513.com/?utm_source=google,(375) 555-2513,Mobile,2613 Main St,72513,FL,miami,,REF-2513
Smith Restaurants 2514,Maria Patel,Michael,owner2514@smithrestaurants2514.com,,(623) 555-2514,Mobile,2614 Main St,72514,GE,Atlanta,,REF-2514
Kim Auto Detailing 2515,Maria Nguyen,David,owner2515@kimautodetailing2515.com,www.kimautodetailing2515.com/?utm_source=google,(974) 555-2515,Landline,2615 Main St,72515,Washington,seattle,,REF-2515
Kim Salons 2516,Robert Johnson,Linda,owner2516@kimsalons2516.com,www.kimsalons2516.com/?utm_source=google,(629) 555-2516,,2616 Main St,72516,TE,Dallas,1-10,REF-2516
Garcia Chiropractors 2517,Maria Kim,Maria,owner2517@,www.garciachiropractors2517.com/?utm_source=google,(738) 555-2517,,2617 Main St,72517,Georgia,atlanta,11-50,REF-2517
Johnson Real Estate Agents 2518,Maria Garcia,Robert,owner2518@johnsonrealestateagents2518.com,www.johnsonrealestateagents2518.com/?utm_source=google,(524) 555-2518,,2618 Main St,72518,FL,Miami,,REF-2518
Nguyen Auto Repair 2519,Maria Smith,David,owner2519@nguyenautorepair2519.com,,(446) 555-2519,Mobile,2619 Main St,72519,CO,DENVER,11-50,REF-2519
Nguyen Auto Detailing 2520,Maria Smith,Linda,owner2520@nguyenautodetailing2520.com,www.nguyenautodetailing2520.com/?utm_source=google,(504) 555-2520,,2620 Main St,72520,Illinois,CHICAGO,,REF-2520
Garcia Auto Detailing 2521,Michael Garcia,Michael,owner2521@garciaautodetailing2521.com,,(289) 555-2521,Landline,,72521,AR,phoenix,,REF-2521
Kim HVAC Services 2522,Linda Johnson,Maria,owner2522@kimhvacservices2522.com,www.kimhvacservices2522.com/?utm_source=google,(821) 555-2522,,2622 Main St,72522,Massachusetts,Boston,1-10,REF-2522
Nguyen Auto Detailing 2523,Priya Brown,Linda,owner2523@nguyenautodetailing2523.com,www.nguyenautodetailing2523.com/?utm_source=google,(514) 555-2523,Landline,,72523,Colorado,denver,11-50,REF-2523
Smith Auto Repair 2524,David Smith,Maria,owner2524@smithautorepair2524.com,,(499) 555-2524,Mobile,,72524,Illinois,chicago,11-50,REF-2524
Brown Plumbing 2525,Priya Johnson,Robert,owner2525@,www.brownplumbing2525.com/?utm_source=google,(811) 555-2525,Landline,2625 Main St,72525,MA,Boston,,REF-2525
Garcia Real Estate Agents 2526,Priya Kim,Priya,owner2526@garciarealestateagents2526.com,www.garciarealestateagents2526.com/?utm_source=google,(953) 555-2526,Landline,2626 Main St,72526,Washington,Seattle,51-200,REF-2526
Johnson Real Estate Agents 2527,Maria Nguyen,Priya,owner2527@johnsonrealestateagents2527.com,www.johnsonrealestateagents2527.com/?utm_source=google,(364) 555-2527,Mobile,,72527,TE,Dallas,,REF-2527
Garcia Salons 2528,Ana Patel,David,owner2528@garciasalons2528.com,www.garciasalons2528.com/?utm_source=google,(286) 555-2528,,2628 Main St,72528,FL,MIAMI,1-10,REF-2528
Smith Salons 2529,David Brown,James,owner2529@smithsalons2529.com,www.smithsalons2529.com/?utm_source=google,(848) 555-2529,Mobile,2629 Main St,72529,TE,dallas,11-50,REF-2529
Garcia Gyms 2530,Ana Nguyen,David,owner2530@garciagyms2530.com,www.garciagyms2530.com/?utm_source=google,(233) 555-2530,Landline,2630 Main St,72530,GE,ATLANTA,1-10,REF-2530
Kim Restaurants 2531,Ana Brown,James,,www.kimrestaurants2531.com/?utm_source=google,(433) 555-2531,,2631 Main St,72531,AR,phoenix,,REF-2531
Kim Chiropractors 2532,Maria Patel,Linda,owner2532@kimchiropractors2532.com,www.kimchiropractors2532.com/?utm_source=google,(872) 555-2532,Landline,,72532,IL,chicago,11-50,REF-2532
Patel Plumbing 2533,James Kim,David,owner2533@patelplumbing2533.com,www.patelplumbing2533.com/?utm_source=google,(915) 555-2533,,2633 Main St,72533,Georgia,ATLANTA,1-10,REF-2533
Smith Auto Repair 2534,Robert Smith,Michael,owner2534@smithautorepair2534.com,,(974) 555-2534,,2634 Main St,72534,Illinois,Chicago,1-10,REF-2534
Garcia Salons 2535,Ana Kim,James,owner2535@garciasalons2535.com,www.garciasalons2535.com/?utm_source=google,(486) 555-2535,Mobile,2635 Main St,72535,Washington,SEATTLE,11-50,REF-2535
Davis Accountants 2536,David Brown,Michael,owner2536@davisaccountants2536.com,,(643) 555-2536,Mobile,2636 Main St,72536,WA,seattle,,REF-2536
Kim Salons 2537,James Garcia,Priya,,www.kimsalons2537.com/?utm_source=google,(214) 555-2537,Mobile,,72537,WA,seattle,,REF-2537
Nguyen Salons 2538,James Kim,Linda,owner2538@nguyensalons2538.com,,(585) 555-2538,,2638 Main St,72538,CO,DENVER,11-50,REF-2538
Nguyen Gyms 2539,James Brown,Linda,owner2539@nguyengyms2539.com,www.nguyengyms2539.com/?utm_source=google,(303) 555-2539,Landline,2639 Main St,72539,Illinois,chicago,51-200,REF-2539
Brown Gyms 2540,Michael Garcia,Maria,owner2540@browngyms2540.com,www.browngyms2540.com/?utm_source=google,(896) 555-2540,Mobile,,72540,AR,phoenix,1-10,REF-2540
Garcia Chiropractors 2541,Ana Davis,Ana,owner2541@garciachiropractors2541.com,,(327) 555-2541,Mobile,2641 Main St,72541,Georgia,atlanta,,REF-2541
Brown Auto Detailing 2542,Priya Brown,Linda,owner2542@brownautodetailing2542.com,www.brownautodetailing2542.com/?utm_source=google,(358) 555-2542,Landline,2642 Main St,72542,GE,atlanta,,REF-2542
Davis Plumbing 2543,Maria Johnson,Linda,owner2543@,,(544) 555-2543,Landline,,72543,Georgia,Atlanta,,REF-2543
Davis Chiropractors 2544,Maria Nguyen,David,,www.davischiropractors2544.com/?utm_source=google,(408) 555-2544,Mobile,2644 Main St,72544,IL,Chicago,1-10,REF-2544
Brown Auto Repair 2545,David Kim,Linda,owner2545@,www.brownautorepair2545.com/?utm_source=google,(574) 555-2545,Mobile,2645 Main St,72545,Colorado,denver,51-200,REF-2545
Davis Auto Repair 2546,Ana Brown,Michael,,www.davisautorepair2546.com/?utm_source=google,(623) 555-2546,,,72546,TE,dallas,11-50,REF-2546
Patel Restaurants 2547,Robert Davis,Robert,owner2547@patelrestaurants2547.com,www.patelrestaurants2547.com/?utm_source=google,(839) 555-2547,Landline,,72547,Massachusetts,boston,11-50,REF-2547
Nguyen Auto Detailing 2548,Ana Patel,Linda,owner2548@,www.nguyenautodetailing2548.com/?utm_source=google,(723) 555-2548,Mobile,2648 Main St,72548,AR,PHOENIX,1-10,REF-2548
Patel Accountants 2549,Priya Patel,James,,www.patelaccountants2549.com/?utm_source=google,(933) 555-2549,,2649 Main St,72549,IL,Chicago,11-50,REF-2549
Johnson Salons 2550,Michael Kim,Priya,owner2550@johnsonsalons2550.com,www.johnsonsalons2550.com/?utm_source=google,(459) 555-2550,Landline,2650 Main St,72550,CO,DENVER,51-200,REF-2550
Smith Salons 2551,Michael Smith,James,owner2551@smithsalons2551.com,www.smithsalons2551.com/?utm_source=google,(595) 555-2551,,2651 Main St,72551,Georgia,atlanta,11-50,REF-2551
Johnson Accountants 2552,Priya Patel,Ana,owner2552@johnsonaccountants2552.com,www.johnsonaccountants2552.com/?utm_source=google,(708) 555-2552,Landline,2652 Main St,72552,WA,SEATTLE,11-50,REF-2552
Garcia HVAC Services 2553,James Brown,James,owner2553@,www.garciahvacservices2553.com/?utm_source=google,(569) 555-2553,Landline,2653 Main St,72553,IL,CHICAGO,1-10,REF-2553
Smith Gyms 2554,David Smith,Linda,,,(847) 555-2554,,,72554,Washington,seattle,1-10,REF-2554
Patel HVAC Services 2555,Maria Kim,Michael,owner2555@patelhvacservices2555.com,www.patelhvacservices2555.com/?utm_source=google,(902) 555-2555,Landline,2655 Main St,72555,Arizona,Phoenix,11-50,REF-2555
Brown Auto Detailing 2556,Michael Brown,Robert,owner2556@brownautodetailing2556.com,www.brownautodetailing2556.com/?utm_source=google,(786) 555-2556,Landline,,72556,Georgia,atlanta,,REF-2556
Davis Real Estate Agents 2557,Ana Brown,Ana,owner2557@davisrealestateagents2557.com,www.davisrealestateagents2557.com/?utm_source=google,(562) 555-2557,Landline,2657 Main St,72557,Colorado,Denver,51-200,REF-2557
Kim Restaurants 2558,Michael Johnson,Priya,owner2558@kimrestaurants2558.com,www.kimrestaurants2558.com/?utm_source=google,(741) 555-2558,Mobile,,72558,Texas,DALLAS,11-50,REF-2558
Nguyen Auto Detailing 2559,Linda Davis,Robert,owner2559@nguyenautodetailing2559.com,www.nguyenautodetailing2559.com/?utm_source=google,(304) 555-2559,Landline,2659 Main St,72559,AR,PHOENIX,,REF-2559
Brown Salons 2560,David Patel,Ana,owner2560@brownsalons2560.com,,(367) 555-2560,,2660 Main St,72560,Illinois,Chicago,,REF-2560
Johnson Plumbing 2561,Robert Johnson,James,owner2561@johnsonplumbing2561.com,www.johnsonplumbing2561.com/?utm_source=google,(865) 555-2561,Landline,2661 Main St,72561,IL,CHICAGO,11-50,REF-2561
Kim Chiropractors 2562,David Kim,Priya,owner2562@kimchiropractors2562.com,www.kimchiropractors2562.com/?utm_source=google,(386) 555-2562,Mobile,2662 Main St,72562,AR,PHOENIX,11-50,REF-2562
Kim Restaurants 2563,Robert Kim,Linda,owner2563@kimrestaurants2563.com,www.kimrestaurants2563.com/?utm_source=google,(988) 555-2563,,2663 Main St,72563,Georgia,atlanta,,REF-2563
Johnson Auto Detailing 2564,Priya Kim,Robert,owner2564@johnsonautodetailing2564.com,,(398) 555-2564,,2664 Main St,72564,IL,CHICAGO,51-200,REF-2564
Kim Plumbing 2565,Ana Kim,Linda,,,(226) 555-2565,Landline,,72565,Georgia,Atlanta,51-200,REF-2565
Patel Restaurants 2566,Linda Nguyen,Priya,,www.patelrestaurants2566.com/?utm_source=google,(433) 555-2566,Mobile,2666 Main St,72566,IL,Chicago,11-50,REF-2566
Patel Auto Repair 2567,Robert Kim,Ana,,www.patelautorepair2567.com/?utm_source=google,(913) 555-2567,Mobile,2667 Main St,72567,CO,DENVER,,REF-2567
Kim Auto Detailing 2568,James Kim,Maria,owner2568@,www.kimautodetailing2568.com/?utm_source=google,(971) 555-2568,Mobile,2668 Main St,72568,IL,chicago,1-10,REF-2568
Davis Restaurants 2569,Robert Nguyen,Linda,owner2569@davisrestaurants2569.com,,(535) 555-2569,,2669 Main St,72569,FL,miami,,REF-2569
Kim Real Estate Agents 2570,James Nguyen,Robert,owner2570@kimrealestateagents2570.com,,(764) 555-2570,,2670 Main St,72570,FL,Miami,11-50,REF-2570
Patel Auto Repair 2571,Michael Garcia,Linda,,www.patelautorepair2571.com/?utm_source=google,(248) 555-2571,Landline,2671 Main St,72571,MA,boston,11-50,REF-2571
Patel Accountants 2572,Ana Smith,Ana,owner2572@patelaccountants2572.com,www.patelaccountants2572.com/?utm_source=google,(299) 555-2572,Landline,2672 Main St,72572,MA,BOSTON,51-200,REF-2572
Davis Chiropractors 2573,Michael Davis,Robert,owner2573@davischiropractors2573.com,www.davischiropractors2573.com/?utm_source=google,(713) 555-2573,Landline,2673 Main St,72573,Georgia,ATLANTA,,REF-2573
Smith Salons 2574,Linda Brown,Ana,owner2574@smithsalons2574.com,www.smithsalons2574.com/?utm_source=google,(898) 555-2574,,,72574,AR,Phoenix,,REF-2574
Brown Real Estate Agents 2575,Michael Nguyen,Michael,owner2575@brownrealestateagents2575.com,,(932) 555-2575,Landline,2675 Main St,72575,Washington,seattle,51-200,REF-2575
Patel Gyms 2576,Maria Garcia,James,owner2576@patelgyms2576.com,www.patelgyms2576.com/?utm_source=google,(647) 555-2576,Landline,2676 Main St,72576,FL,miami,,REF-2576
Nguyen Accountants 2577,Priya Patel,Linda,owner2577@nguyenaccountants2577.com,www.nguyenaccountants2577.com/?utm_source=google,(253) 555-2577,Mobile,2677 Main St,72577,MA,BOSTON,1-10,REF-2577
Brown Auto Repair 2578,Robert Brown,Linda,owner2578@brownautorepair2578.com,www.brownautorepair2578.com/?utm_source=google,(649) 555-2578,,,72578,WA,Seattle,11-50,REF-2578
Nguyen Auto Detailing 2579,Maria Kim,Ana,owner2579@nguyenautodetailing2579.com,www.nguyenautodetailing2579.com/?utm_source=google,(793) 555-2579,Mobile,2679 Main St,72579,Massachusetts,Boston,1-10,REF-2579
Nguyen Chiropractors 2580,Priya Garcia,Robert,owner2580@nguyenchiropractors2580.com,www.nguyenchiropractors2580.com/?utm_source=google,(695) 555-2580,Mobile,2680 Main St,72580,Massachusetts,Boston,,REF-2580
Kim Auto Detailing 2581,Ana Garcia,Ana,owner2581@kimautodetailing2581.com,www.kimautodetailing2581.com/?utm_source=google,(922) 555-2581,Landline,,72581,FL,miami,,REF-2581
Patel Auto Detailing 2582,Linda Davis,James,owner2582@patelautodetailing2582.com,www.patelautodetailing2582.com/?utm_source=google,(410) 555-2582,Mobile,,72582,IL,Chicago,1-10,REF-2582
Nguyen HVAC Services 2583,Ana Davis,Michael,owner2583@,www.nguyenhvacservices2583.com/?utm_source=google,(895) 555-2583,,2683 Main St,72583,FL,MIAMI,51-200,REF-2583
Smith Auto Detailing 2584,James Kim,Michael,owner2584@smithautodetailing2584.com,www.smithautodetailing2584.com/?utm_source=google,(301) 555-2584,Landline,2684 Main St,72584,Massachusetts,boston,,REF-2584
Garcia Auto Detailing 2585,Priya Brown,Michael,owner2585@garciaautodetailing2585.com,,(773) 555-2585,Landline,,72585,CO,Denver,51-200,REF-2585
Garcia HVAC Services 2586,Priya Kim,Michael,owner2586@garciahvacservices2586.com,www.garciahvacservices2586.com/?utm_source=google,(956) 555-2586,Landline,,72586,AR,PHOENIX,51-200,REF-2586
Johnson HVAC Services 2587,Priya Brown,Maria,owner2587@johnsonhvacservices2587.com,www.johnsonhvacservices2587.com/?utm_source=google,(700) 555-2587,,2687 Main St,72587,Texas,DALLAS,,REF-2587
Kim Salons 2588,Linda Brown,Robert,owner2588@,,(364) 555-2588,Mobile,,72588,Texas,DALLAS,1-10,REF-2588
Smith Auto Repair 2589,Maria Nguyen,Robert,,www.smithautorepair2589.com/?utm_source=google,(206) 555-2589,Landline,2689 Main St,72589,FL,miami,51-200,REF-2589
Garcia Real Estate Agents 2590,Michael Garcia,Priya,owner2590@garciarealestateagents2590.com,www.garciarealestateagents2590.com/?utm_source=google,(588) 555-2590,Landline,,72590,MA,boston,1-10,REF-2590
Garcia Gyms 2591,Michael Patel,Priya,owner2591@garciagyms2591.com,www.garciagyms2591.com/?utm_source=google,(703) 555-2591,,2691 Main St,72591,TE,dallas,51-200,REF-2591
Davis HVAC Services 2592,Priya Davis,James,owner2592@davishvacservices2592.com,www.davishvacservices2592.com/?utm_source=google,(328) 555-2592,Mobile,2692 Main St,72592,WA,SEATTLE,1-10,REF-2592
Brown Gyms 2593,Ana Johnson,Maria,owner2593@browngyms2593.com,www.browngyms2593.com/?utm_source=google,(263) 555-2593,Landline,2693 Main St,72593,WA,SEATTLE,1-10,REF-2593
Johnson Gyms 2594,Michael Brown,Robert,owner2594@johnsongyms2594.com,,(641) 555-2594,Mobile,2694 Main St,72594,MA,BOSTON,,REF-2594
Kim HVAC Services 2595,Linda Davis,Michael,owner2595@kimhvacservices2595.com,,(589) 555-2595,Landline,,72595,AR,phoenix,1-10,REF-2595
Nguyen Gyms 2596,Maria Brown,Linda,owner2596@,,(291) 555-2596,,2696 Main St,72596,Illinois,Chicago,,REF-2596
Garcia Auto Repair 2597,Michael Smith,David,owner2597@garciaautorepair2597.com,www.garciaautorepair2597.com/?utm_source=google,(713) 555-2597,,2697 Main St,72597,TE,dallas,11-50,REF-2597
Patel Chiropractors 2598,David Garcia,Ana,owner2598@,,(397) 555-2598,Landline,2698 Main St,72598,CO,denver,51-200,REF-2598
Patel Accountants 2599,Priya Nguyen,Priya,,www.patelaccountants2599.com/?utm_source=google,(291) 555-2599,,,72599,GE,atlanta,51-200,REF-2599
Nguyen Gyms 2600,Linda Patel,David,owner2600@nguyengyms2600.com,www.nguyengyms2600.com/?utm_source=google,(269) 555-2600,Landline,2700 Main St,72600,Washington,seattle,51-200,REF-2600
Garcia Auto Detailing 2601,David Johnson,Michael,owner2601@garciaautodetailing2601.com,www.garciaautodetailing2601.com/?utm_source=google,(817) 555-2601,Landline,2701 Main St,72601,TE,DALLAS,1-10,REF-2601
Davis Gyms 2602,Michael Johnson,David,owner2602@davisgyms2602.com,www.davisgyms2602.com/?utm_source=google,(570) 555-2602,Mobile,2702 Main St,72602,GE,Atlanta,51-200,REF-2602
Garcia Real Estate Agents 2603,James Johnson,Priya,owner2603@garciarealestateagents2603.com,www.garciarealestateagents2603.com/?utm_source=google,(821) 555-2603,Mobile,2703 Main St,72603,IL,CHICAGO,1-10,REF-2603
Kim Auto Detailing 2604,Robert Garcia,Ana,owner2604@,www.kimautodetailing2604.com/?utm_source=google,(785) 555-2604,Mobile,2704 Main St,72604,GE,ATLANTA,51-200,REF-2604
Brown Chiropractors 2605,Robert Johnson,James,owner2605@brownchiropractors2605.com,,(544) 555-2605,Landline,2705 Main St,72605,Colorado,DENVER,1-10,REF-2605
Johnson Plumbing 2606,Robert Davis,Robert,owner2606@johnsonplumbing2606.com,www.johnsonplumbing2606.com/?utm_source=google,(889) 555-2606,,,72606,IL,Chicago,1-10,REF-2606
Patel Auto Detailing 2607,Michael Garcia,Michael,owner2607@patelautodetailing2607.com,www.patelautodetailing2607.com/?utm_source=google,(262) 555-2607,Mobile,2707 Main St,72607,MA,Boston,11-50,REF-2607
Brown Auto Detailing 2608,Linda Nguyen,Robert,owner2608@brownautodetailing2608.com,www.brownautodetailing2608.com/?utm_source=google,(798) 555-2608,,2708 Main St,72608,MA,Boston,1-10,REF-2608
Smith Salons 2609,Linda Garcia,James,owner2609@smithsalons2609.com,www.smithsalons2609.com/?utm_source=google,(212) 555-2609,Landline,2709 Main St,72609,Colorado,Denver,11-50,REF-2609
Kim Restaurants 2610,Linda Kim,David,owner2610@kimrestaurants2610.com,www.kimrestaurants2610.com/?utm_source=google,(463) 555-2610,Landline,2710 Main St,72610,AR,Phoenix,51-200,REF-2610
Nguyen Plumbing 2611,Michael Garcia,Michael,owner2611@nguyenplumbing2611.com,www.nguyenplumbing2611.com/?utm_source=google,(299) 555-2611,Mobile,2711 Main St,72611,MA,boston,,REF-2611
Nguyen Plumbing 2612,Robert Brown,Robert,owner2612@nguyenplumbing2612.com,www.nguyenplumbing2612.com/?utm_source=google,(252) 555-2612,Mobile,2712 Main St,72612,GE,Atlanta,,REF-2612
Nguyen Restaurants 2613,James Davis,Robert,owner2613@nguyenrestaurants2613.com,www.nguyenrestaurants2613.com/?utm_source=google,(958) 555-2613,,2713 Main St,72613,CO,DENVER,1-10,REF-2613
Kim Salons 2614,Maria Johnson,James,owner2614@kimsalons2614.com,www.kimsalons2614.com/?utm_source=google,(314) 555-2614,,2714 Main St,72614,Massachusetts,boston,11-50,REF-2614
Patel Gyms 2615,Maria Brown,Robert,owner2615@patelgyms2615.com,,(957) 555-2615,Mobile,2715 Main St,72615,Georgia,Atlanta,,REF-2615
Garcia HVAC Services 2616,Michael Brown,Linda,,www.garciahvacservices2616.com/?utm_source=google,(420) 555-2616,Landline,,72616,FL,Miami,1-10,REF-2616
Garcia Gyms 2617,Robert Smith,James,owner2617@garciagyms2617.com,www.garciagyms2617.com/?utm_source=google,(353) 555-2617,Mobile,2717 Main St,72617,WA,seattle,1-10,REF-2617
Kim Plumbing 2618,Priya Patel,Priya,owner2618@kimplumbing2618.com,,(816) 555-2618,Mobile,,72618,AR,Phoenix,,REF-2618
Smith Auto Detailing 2619,David Nguyen,Robert,owner2619@smithautodetailing2619.com,www.smithautodetailing2619.com/?utm_source=google,(948) 555-2619,Landline,2719 Main St,72619,IL,chicago,11-50,REF-2619
Patel Salons 2620,Maria Kim,Robert,owner2620@patelsalons2620.com,www.patelsalons2620.com/?utm_source=google,(516) 555-2620,Landline,2720 Main St,72620,Washington,seattle,11-50,REF-2620
Nguyen HVAC Services 2621,Michael Davis,Ana,owner2621@nguyenhvacservices2621.com,www.nguyenhvacservices2621.com/?utm_source=google,(978) 555-2621,,2721 Main St,72621,GE,Atlanta,11-50,REF-2621
Nguyen Salons 2622,Priya Patel,Priya,owner2622@nguyensalons2622.com,www.nguyensalons2622.com/?utm_source=google,(974) 555-2622,Mobile,2722 Main St,72622,WA,Seattle,51-200,REF-2622
Patel HVAC Services 2623,Ana Davis,Ana,owner2623@patelhvacservices2623.com,www.patelhvacservices2623.com/?utm_source=google,(212) 555-2623,Mobile,2723 Main St,72623,Washington,SEATTLE,1-10,REF-2623
Johnson Real Estate Agents 2624,David Brown,Michael,owner2624@johnsonrealestateagents2624.com,www.johnsonrealestateagents2624.com/?utm_source=google,(290) 555-2624,Mobile,2724 Main St,72624,Florida,Miami,11-50,REF-2624
Patel Auto Repair 2625,Ana Nguyen,Priya,owner2625@patelautorepair2625.com,www.patelautorepair2625.com/?utm_source=google,(435) 555-2625,Landline,2725 Main St,72625,Colorado,denver,,REF-2625
Davis Salons 2626,James Johnson,Priya,owner2626@davissalons2626.com,,(279) 555-2626,Mobile,2726 Main St,72626,Arizona,Phoenix,1-10,REF-2626
Nguyen Auto Repair 2627,Robert Brown,Linda,owner2627@nguyenautorepair2627.com,www.nguyenautorepair2627.com/?utm_source=google,(370) 555-2627,,2727 Main St,72627,Illinois,Chicago,11-50,REF-2627
Johnson Gyms 2628,James Kim,David,owner2628@johnsongyms2628.com,www.johnsongyms2628.com/?utm_source=google,(883) 555-2628,,2728 Main St,72628,Washington,SEATTLE,,REF-2628
Nguyen Accountants 2629,Michael Kim,David,owner2629@nguyenaccountants2629.com,www.nguyenaccountants2629.com/?utm_source=google,(838) 555-2629,Mobile,,72629,MA,BOSTON,1-10,REF-2629
Davis Salons 2630,David Davis,Michael,owner2630@davissalons2630.com,www.davissalons2630.com/?utm_source=google,(427) 555-2630,Landline,2730 Main St,72630,Colorado,DENVER,11-50,REF-2630
Johnson Restaurants 2631,Ana Smith,Ana,owner2631@johnsonrestaurants2631.com,www.johnsonrestaurants2631.com/?utm_source=google,(385) 555-2631,Landline,2731 Main St,72631,WA,Seattle,51-200,REF-2631
Davis Chiropractors 2632,Robert Nguyen,Robert,owner2632@davischiropractors2632.com,www.davischiropractors2632.com/?utm_source=google,(952) 555-2632,Mobile,2732 Main St,72632,WA,SEATTLE,51-200,REF-2632
Kim Accountants 2633,Michael Kim,Robert,owner2633@kimaccountants2633.com,,(888) 555-2633,,,72633,AR,phoenix,51-200,REF-2633
Smith HVAC Services 2634,Michael Davis,Maria,owner2634@smithhvacservices2634.com,www.smithhvacservices2634.com/?utm_source=google,(587) 555-2634,,2734 Main St,72634,TE,DALLAS,51-200,REF-2634
Brown Gyms 2635,Michael Smith,Linda,owner2635@browngyms2635.com,www.browngyms2635.com/?utm_source=google,(977) 555-2635,,2735 Main St,72635,AR,Phoenix,51-200,REF-2635
Davis Gyms 2636,Linda Brown,Michael,owner2636@davisgyms2636.com,,(774) 555-2636,,,72636,Florida,Miami,1-10,REF-2636
Garcia Accountants 2637,Linda Brown,Priya,owner2637@garciaaccountants2637.com,www.garciaaccountants2637.com/?utm_source=google,(269) 555-2637,Mobile,2737 Main St,72637,Illinois,chicago,51-200,REF-2637
Smith Gyms 2638,Robert Johnson,James,,,(420) 555-2638,Mobile,2738 Main St,72638,GE,Atlanta,,REF-2638
Nguyen Auto Detailing 2639,Ana Johnson,Linda,owner2639@nguyenautodetailing2639.com,,(399) 555-2639,Mobile,2739 Main St,72639,AR,PHOENIX,1-10,REF-2639
Smith Auto Repair 2640,Robert Garcia,Robert,owner2640@smithautorepair2640.com,www.smithautorepair2640.com/?utm_source=google,(387) 555-2640,Mobile,,72640,CO,denver,1-10,REF-2640
Johnson Auto Detailing 2641,James Nguyen,Maria,owner2641@johnsonautodetailing2641.com,www.johnsonautodetailing2641.com/?utm_source=google,(667) 555-2641,Landline,2741 Main St,72641,TE,DALLAS,,REF-2641
Garcia Auto Detailing 2642,Maria Kim,David,owner2642@garciaautodetailing2642.com,www.garciaautodetailing2642.com/?utm_source=google,(417) 555-2642,Mobile,2742 Main St,72642,IL,CHICAGO,1-10,REF-2642
Kim Salons 2643,Maria Patel,Michael,,www.kimsalons2643.com/?utm_source=google,(511) 555-2643,Landline,2743 Main St,72643,Georgia,atlanta,,REF-2643
Smith Accountants 2644,Robert Johnson,James,owner2644@,www.smithaccountants2644.com/?utm_source=google,(254) 555-2644,Mobile,2744 Main St,72644,Massachusetts,BOSTON,1-10,REF-2644
Johnson Salons 2645,Robert Garcia,David,owner2645@johnsonsalons2645.com,www.johnsonsalons2645.com/?utm_source=google,(212) 555-2645,Mobile,2745 Main St,72645,Texas,Dallas,11-50,REF-2645
Johnson Auto Repair 2646,Ana Johnson,Priya,owner2646@johnsonautorepair2646.com,www.johnsonautorepair2646.com/?utm_source=google,(569) 555-2646,Mobile,2746 Main St,72646,Georgia,Atlanta,,REF-2646
Garcia Restaurants 2647,Ana Brown,Robert,owner2647@garciarestaurants2647.com,www.garciarestaurants2647.com/?utm_source=google,(962) 555-2647,Mobile,,72647,TE,dallas,,REF-2647
Davis Auto Repair 2648,Maria Garcia,David,owner2648@davisautorepair2648.com,www.davisautorepair2648.com/?utm_source=google,(679) 555-2648,,2748 Main St,72648,Texas,DALLAS,,REF-2648
Garcia Chiropractors 2649,David Brown,Robert,owner2649@garciachiropractors2649.com,www.garciachiropractors2649.com/?utm_source=google,(439) 555-2649,Mobile,,72649,Florida,MIAMI,11-50,REF-2649
Patel Auto Repair 2650,James Brown,James,owner2650@patelautorepair2650.com,www.patelautorepair2650.com/?utm_source=google,(402) 555-2650,Mobile,2750 Main St,72650,MA,Boston,,REF-2650
Kim Plumbing 2651,Ana Smith,Michael,owner2651@kimplumbing2651.com,www.kimplumbing2651.com/?utm_source=google,(367) 555-2651,,,72651,IL,chicago,,REF-2651
Brown Restaurants 2652,Priya Smith,James,owner2652@brownrestaurants2652.com,www.brownrestaurants2652.com/?utm_source=google,(943) 555-2652,Mobile,2752 Main St,72652,MA,boston,11-50,REF-2652
Patel Salons 2653,Linda Patel,Ana,owner2653@patelsalons2653.com,www.patelsalons2653.com/?utm_source=google,(207) 555-2653,Mobile,2753 Main St,72653,Illinois,chicago,1-10,REF-2653
Nguyen Real Estate Agents 2654,Robert Johnson,James,owner2654@nguyenrealestateagents2654.com,,(906) 555-2654,,2754 Main St,72654,Massachusetts,Boston,11-50,REF-2654
Johnson Auto Repair 2655,Linda Brown,James,,www.johnsonautorepair2655.com/?utm_source=google,(400) 555-2655,Landline,2755 Main St,72655,Texas,DALLAS,,REF-2655
Johnson Plumbing 2656,David Patel,Maria,owner2656@johnsonplumbing2656.com,,(680) 555-2656,,2756 Main St,72656,IL,chicago,,REF-2656
Smith Auto Repair 2657,Michael Patel,Priya,owner2657@smithautorepair2657.com,www.smithautorepair2657.com/?utm_source=google,(722) 555-2657,,2757 Main St,72657,Massachusetts,BOSTON,,REF-2657
Smith Chiropractors 2658,James Brown,Michael,owner2658@smithchiropractors2658.com,www.smithchiropractors2658.com/?utm_source=google,(282) 555-2658,Mobile,2758 Main St,72658,Colorado,DENVER,,REF-2658
Brown Auto Repair 2659,Ana Davis,Priya,owner2659@brownautorepair2659.com,www.brownautorepair2659.com/?utm_source=google,(611) 555-2659,Landline,2759 Main St,72659,Texas,DALLAS,11-50,REF-2659
Davis Chiropractors 2660,Maria Kim,James,owner2660@davischiropractors2660.com,www.davischiropractors2660.com/?utm_source=google,(296) 555-2660,Landline,2760 Main St,72660,CO,Denver,51-200,REF-2660
Johnson Real Estate Agents 2661,Linda Smith,Michael,owner2661@johnsonrealestateagents2661.com,www.johnsonrealestateagents2661.com/?utm_source=google,(558) 555-2661,Mobile,2761 Main St,72661,Illinois,chicago,51-200,REF-2661
Nguyen Chiropractors 2662,James Patel,Robert,owner2662@nguyenchiropractors2662.com,www.nguyenchiropractors2662.com/?utm_source=google,(736) 555-2662,,2762 Main St,72662,Florida,miami,51-200,REF-2662
Johnson Chiropractors 2663,Linda Nguyen,Ana,owner2663@johnsonchiropractors2663.com,www.johnsonchiropractors2663.com/?utm_source=google,(900) 555-2663,,,72663,MA,Boston,1-10,REF-2663
Davis Gyms 2664,Michael Davis,Michael,owner2664@davisgyms2664.com,www.davisgyms2664.com/?utm_source=google,(472) 555-2664,Mobile,2764 Main St,72664,Washington,SEATTLE,1-10,REF-2664
Patel Plumbing 2665,Linda Garcia,David,owner2665@,www.patelplumbing2665.com/?utm_source=google,(614) 555-2665,Mobile,2765 Main St,72665,Washington,seattle,1-10,REF-2665
Nguyen Plumbing 2666,James Davis,Robert,owner2666@nguyenplumbing2666.com,,(306) 555-2666,Landline,2766 Main St,72666,Georgia,atlanta,,REF-2666
Johnson Auto Repair 2667,David Nguyen,Michael,,www.johnsonautorepair2667.com/?utm_source=google,(551) 555-2667,Mobile,2767 Main St,72667,CO,Denver,51-200,REF-2667
Johnson Chiropractors 2668,Linda Patel,Priya,owner2668@johnsonchiropractors2668.com,,(482) 555-2668,Landline,2768 Main St,72668,Washington,SEATTLE,11-50,REF-2668
Brown Restaurants 2669,Maria Garcia,Maria,owner2669@brownrestaurants2669.com,www.brownrestaurants2669.com/?utm_source=google,(471) 555-2669,,,72669,CO,denver,11-50,REF-2669
Brown Chiropractors 2670,Michael Davis,Linda,owner2670@,www.brownchiropractors2670.com/?utm_source=google,(575) 555-2670,Mobile,,72670,Texas,Dallas,51-200,REF-2670
Johnson Salons 2671,David Brown,Robert,owner2671@johnsonsalons2671.com,www.johnsonsalons2671.com/?utm_source=google,(713) 555-2671,Landline,,72671,MA,BOSTON,1-10,REF-2671
Kim Plumbing 2672,Maria Patel,Linda,owner2672@kimplumbing2672.com,www.kimplumbing2672.com/?utm_source=google,(262) 555-2672,Landline,2772 Main St,72672,Georgia,atlanta,11-50,REF-2672
Brown Auto Repair 2673,Robert Nguyen,James,owner2673@brownautorepair2673.com,www.brownautorepair2673.com/?utm_source=google,(676) 555-2673,,,72673,GE,ATLANTA,1-10,REF-2673
Garcia Auto Repair 2674,David Brown,Linda,owner2674@,www.garciaautorepair2674.com/?utm_source=google,(747) 555-2674,,2774 Main St,72674,IL,Chicago,11-50,REF-2674
Garcia Restaurants 2675,David Smith,David,owner2675@garciarestaurants2675.com,www.garciarestaurants2675.com/?utm_source=google,(961) 555-2675,,2775 Main St,72675,Illinois,chicago,51-200,REF-2675
Brown Restaurants 2676,Robert Garcia,Priya,owner2676@brownrestaurants2676.com,www.brownrestaurants2676.com/?utm_source=google,(916) 555-2676,,,72676,MA,Boston,51-200,REF-2676
Kim Auto Repair 2677,James Garcia,Maria,,www.kimautorepair2677.com/?utm_source=google,(526) 555-2677,Mobile,,72677,Colorado,Denver,51-200,REF-2677
Brown Auto Detailing 2678,Robert Kim,Robert,owner2678@brownautodetailing2678.com,www.brownautodetailing2678.com/?utm_source=google,(835) 555-2678,,2778 Main St,72678,Illinois,CHICAGO,1-10,REF-2678
Smith Auto Repair 2679,Maria Brown,Michael,owner2679@smithautorepair2679.com,,(237) 555-2679,Landline,2779 Main St,72679,AR,PHOENIX,51-200,REF-2679
Johnson Accountants 2680,James Garcia,Michael,,,(476) 555-2680,Mobile,,72680,Colorado,DENVER,51-200,REF-2680
Johnson Restaurants 2681,David Garcia,Ana,owner2681@johnsonrestaurants2681.com,www.johnsonrestaurants2681.com/?utm_source=google,(373) 555-2681,,2781 Main St,72681,MA,BOSTON,11-50,REF-2681
Kim Real Estate Agents 2682,Linda Kim,Robert,owner2682@kimrealestateagents2682.com,www.kimrealestateagents2682.com/?utm_source=google,(229) 555-2682,Landline,2782 Main St,72682,FL,MIAMI,51-200,REF-2682
Davis Gyms 2683,James Kim,Michael,owner2683@davisgyms2683.com,www.davisgyms2683.com/?utm_source=google,(302) 555-2683,Mobile,2783 Main St,72683,Georgia,ATLANTA,11-50,REF-2683
Patel Accountants 2684,Michael Nguyen,James,,www.patelaccountants2684.com/?utm_source=google,(549) 555-2684,Landline,2784 Main St,72684,Texas,DALLAS,11-50,REF-2684
Davis Accountants 2685,James Davis,Linda,owner2685@davisaccountants2685.com,www.davisaccountants2685.com/?utm_source=google,(892) 555-2685,Landline,2785 Main St,72685,WA,Seattle,51-200,REF-2685
Johnson Plumbing 2686,Maria Brown,Robert,,www.johnsonplumbing2686.com/?utm_source=google,(879) 555-2686,Mobile,2786 Main St,72686,TE,Dallas,,REF-2686
Patel Chiropractors 2687,James Patel,Linda,owner2687@patelchiropractors2687.com,www.patelchiropractors2687.com/?utm_source=google,(582) 555-2687,Mobile,2787 Main St,72687,CO,DENVER,1-10,REF-2687
Patel Real Estate Agents 2688,Priya Davis,Ana,,www.patelrealestateagents2688.com/?utm_source=google,(530) 555-2688,Landline,2788 Main St,72688,MA,boston,11-50,REF-2688
Garcia Chiropractors 2689,Ana Brown,David,owner2689@,www.garciachiropractors2689.com/?utm_source=google,(806) 555-2689,,,72689,FL,miami,1-10,REF-2689
Johnson Chiropractors 2690,David Patel,Robert,owner2690@johnsonchiropractors2690.com,www.johnsonchiropractors2690.com/?utm_source=google,(839) 555-2690,Landline,2790 Main St,72690,Massachusetts,Boston,,REF-2690
Brown Restaurants 2691,James Smith,Michael,,www.brownrestaurants2691.com/?utm_source=google,(550) 555-2691,,2791 Main St,72691,Florida,miami,1-10,REF-2691
Kim HVAC Services 2692,Linda Patel,Maria,owner2692@kimhvacservices2692.com,www.kimhvacservices2692.com/?utm_source=google,(406) 555-2692,,2792 Main St,72692,FL,miami,1-10,REF-2692
Brown Plumbing 2693,Michael Johnson,David,owner2693@brownplumbing2693.com,www.brownplumbing2693.com/?utm_source=google,(222) 555-2693,Landline,,72693,AR,Phoenix,,REF-2693
Nguyen HVAC Services 2694,David Garcia,Maria,owner2694@nguyenhvacservices2694.com,www.nguyenhvacservices2694.com/?utm_source=google,(710) 555-2694,,2794 Main St,72694,GE,Atlanta,1-10,REF-2694
Nguyen HVAC Services 2695,James Brown,Maria,owner2695@nguyenhvacservices2695.com,www.nguyenhvacservices2695.com/?utm_source=google,(827) 555-2695,Mobile,2795 Main St,72695,FL,Miami,1-10,REF-2695
Smith Restaurants 2696,Ana Brown,Michael,owner2696@smithrestaurants2696.com,,(865) 555-2696,Landline,,72696,GE,Atlanta,1-10,REF-2696
Garcia Auto Detailing 2697,James Johnson,Maria,owner2697@garciaautodetailing2697.com,,(446) 555-2697,Landline,2797 Main St,72697,GE,atlanta,51-200,REF-2697
Nguyen Real Estate Agents 2698,Ana Kim,David,owner2698@nguyenrealestateagents2698.com,www.nguyenrealestateagents2698.com/?utm_source=google,(556) 555-2698,Landline,2798 Main St,72698,Massachusetts,Boston,11-50,REF-2698
Patel Accountants 2699,Michael Nguyen,Ana,owner2699@patelaccountants2699.com,www.patelaccountants2699.com/?utm_source=google,(939) 555-2699,Mobile,,72699,Texas,Dallas,51-200,REF-2699
Patel Gyms 2700,Linda Smith,Robert,owner2700@patelgyms2700.com,,(455) 555-2700,Mobile,2800 Main St,72700,Georgia,Atlanta,11-50,REF-2700
Patel Auto Repair 2701,James Kim,James,owner2701@patelautorepair2701.com,,(456) 555-2701,Mobile,2801 Main St,72701,CO,Denver,51-200,REF-2701
Garcia Real Estate Agents 2702,Maria Brown,Michael,owner2702@garciarealestateagents2702.com,www.garciarealestateagents2702.com/?utm_source=google,(688) 555-2702,Landline,,72702,CO,denver,1-10,REF-2702
Kim Salons 2703,Priya Nguyen,James,owner2703@kimsalons2703.com,,(488) 555-2703,Mobile,2803 Main St,72703,AR,phoenix,1-10,REF-2703
Smith Plumbing 2704,Ana Nguyen,Priya,owner2704@,www.smithplumbing2704.com/?utm_source=google,(314) 555-2704,Mobile,2804 Main St,72704,Arizona,PHOENIX,11-50,REF-2704
Brown Accountants 2705,Ana Garcia,David,owner2705@brownaccountants2705.com,www.brownaccountants2705.com/?utm_source=google,(541) 555-2705,,2805 Main St,72705,TE,dallas,51-200,REF-2705
Davis Salons 2706,Ana Johnson,Linda,owner2706@davissalons2706.com,www.davissalons2706.com/?utm_source=google,(206) 555-2706,Mobile,,72706,CO,Denver,11-50,REF-2706
Kim Chiropractors 2707,Ana Brown,Priya,owner2707@kimchiropractors2707.com,www.kimchiropractors2707.com/?utm_source=google,(270) 555-2707,,2807 Main St,72707,WA,SEATTLE,11-50,REF-2707
Brown Auto Detailing 2708,James Nguyen,David,owner2708@brownautodetailing2708.com,www.brownautodetailing2708.com/?utm_source=google,(976) 555-2708,,2808 Main St,72708,Texas,DALLAS,1-10,REF-2708
Smith Accountants 2709,Michael Garcia,Priya,owner2709@smithaccountants2709.com,www.smithaccountants2709.com/?utm_source=google,(928) 555-2709,Mobile,2809 Main St,72709,IL,Chicago,11-50,REF-2709
Nguyen HVAC Services 2710,Maria Nguyen,Michael,,,(699) 555-2710,,2810 Main St,72710,Illinois,chicago,11-50,REF-2710
Patel Plumbing 2711,Priya Patel,Michael,owner2711@patelplumbing2711.com,www.patelplumbing2711.com/?utm_source=google,(934) 555-2711,,2811 Main St,72711,Massachusetts,Boston,51-200,REF-2711
Garcia Real Estate Agents 2712,James Davis,David,owner2712@garciarealestateagents2712.com,www.garciarealestateagents2712.com/?utm_source=google,(720) 555-2712,Mobile,2812 Main St,72712,FL,Miami,11-50,REF-2712
Davis Plumbing 2713,David Davis,Michael,,www.davisplumbing2713.com/?utm_source=google,(779) 555-2713,Mobile,2813 Main St,72713,Washington,seattle,11-50,REF-2713
Patel HVAC Services 2714,Ana Patel,Maria,owner2714@patelhvacservices2714.com,www.patelhvacservices2714.com/?utm_source=google,(319) 555-2714,Mobile,,72714,IL,chicago,1-10,REF-2714
Brown Chiropractors 2715,Maria Johnson,Ana,owner2715@brownchiropractors2715.com,www.brownchiropractors2715.com/?utm_source=google,(613) 555-2715,Mobile,2815 Main St,72715,Arizona,Phoenix,51-200,REF-2715
Brown Gyms 2716,David Kim,Michael,owner2716@browngyms2716.com,www.browngyms2716.com/?utm_source=google,(784) 555-2716,,2816 Main St,72716,MA,BOSTON,1-10,REF-2716
Nguyen Auto Repair 2717,Robert Kim,James,,www.nguyenautorepair2717.com/?utm_source=google,(409) 555-2717,Landline,2817 Main St,72717,Washington,Seattle,11-50,REF-2717
Davis Gyms 2718,Linda Smith,Maria,owner2718@davisgyms2718.com,,(488) 555-2718,Landline,2818 Main St,72718,Texas,Dallas,51-200,REF-2718
Garcia HVAC Services 2719,Maria Davis,Linda,owner2719@garciahvacservices2719.com,www.garciahvacservices2719.com/?utm_source=google,(898) 555-2719,,,72719,GE,ATLANTA,11-50,REF-2719
Smith Restaurants 2720,Robert Johnson,Linda,owner2720@smithrestaurants2720.com,,(393) 555-2720,Landline,2820 Main St,72720,Washington,SEATTLE,11-50,REF-2720
Patel Real Estate Agents 2721,Michael Johnson,Michael,owner2721@patelrealestateagents2721.com,www.patelrealestateagents2721.com/?utm_source=google,(201) 555-2721,Landline,2821 Main St,72721,Massachusetts,Boston,1-10,REF-2721
Smith Real Estate Agents 2722,Robert Brown,Robert,owner2722@smithrealestateagents2722.com,www.smithrealestateagents2722.com/?utm_source=google,(511) 555-2722,,2822 Main St,72722,Georgia,ATLANTA,11-50,REF-2722
Patel Chiropractors 2723,Maria Garcia,Robert,owner2723@patelchiropractors2723.com,,(448) 555-2723,,,72723,GE,ATLANTA,11-50,REF-2723
Johnson Accountants 2724,Ana Nguyen,Maria,owner2724@johnsonaccountants2724.com,www.johnsonaccountants2724.com/?utm_source=google,(296) 555-2724,,2824 Main St,72724,Washington,seattle,51-200,REF-2724
Nguyen Gyms 2725,David Davis,David,owner2725@nguyengyms2725.com,www.nguyengyms2725.com/?utm_source=google,(866) 555-2725,,2825 Main St,72725,IL,chicago,1-10,REF-2725
Nguyen Accountants 2726,Ana Brown,Ana,owner2726@,,(405) 555-2726,,2826 Main St,72726,Texas,DALLAS,1-10,REF-2726
Smith Gyms 2727,Priya Patel,Linda,owner2727@smithgyms2727.com,www.smithgyms2727.com/?utm_source=google,(905) 555-2727,Mobile,2827 Main St,72727,Colorado,DENVER,1-10,REF-2727
Patel Chiropractors 2728,Priya Patel,David,owner2728@,www.patelchiropractors2728.com/?utm_source=google,(300) 555-2728,,2828 Main St,72728,Colorado,DENVER,1-10,REF-2728
Davis Auto Detailing 2729,James Kim,Maria,owner2729@davisautodetailing2729.com,,(607) 555-2729,Landline,,72729,FL,MIAMI,,REF-2729
Johnson Accountants 2730,Linda Johnson,James,owner2730@johnsonaccountants2730.com,www.johnsonaccountants2730.com/?utm_source=google,(275) 555-2730,Landline,,72730,FL,miami,51-200,REF-2730
Garcia HVAC Services 2731,Maria Davis,Ana,owner2731@garciahvacservices2731.com,www.garciahvacservices2731.com/?utm_source=google,(554) 555-2731,Mobile,2831 Main St,72731,Colorado,Denver,51-200,REF-2731
Brown Auto Repair 2732,James Johnson,Michael,owner2732@brownautorepair2732.com,www.brownautorepair2732.com/?utm_source=google,(469) 555-2732,,2832 Main St,72732,Florida,MIAMI,11-50,REF-2732
Kim Plumbing 2733,David Davis,Maria,owner2733@kimplumbing2733.com,www.kimplumbing2733.com/?utm_source=google,(443) 555-2733,,2833 Main St,72733,MA,boston,11-50,REF-2733
Garcia Auto Detailing 2734,Ana Davis,Priya,owner2734@garciaautodetailing2734.com,www.garciaautodetailing2734.com/?utm_source=google,(345) 555-2734,Mobile,2834 Main St,72734,IL,CHICAGO,1-10,REF-2734
Garcia HVAC Services 2735,Michael Garcia,Robert,owner2735@garciahvacservices2735.com,www.garciahvacservices2735.com/?utm_source=google,(231) 555-2735,Landline,2835 Main St,72735,IL,CHICAGO,1-10,REF-2735
Kim HVAC Services 2736,Priya Johnson,James,owner2736@kimhvacservices2736.com,www.kimhvacservices2736.com/?utm_source=google,(229) 555-2736,Mobile,2836 Main St,72736,Illinois,CHICAGO,,REF-2736
Smith Auto Repair 2737,David Davis,Priya,owner2737@smithautorepair2737.com,www.smithautorepair2737.com/?utm_source=google,(425) 555-2737,Landline,,72737,Arizona,Phoenix,51-200,REF-2737
Brown Restaurants 2738,David Patel,David,owner2738@brownrestaurants2738.com,www.brownrestaurants2738.com/?utm_source=google,(671) 555-2738,,,72738,Colorado,denver,51-200,REF-2738
Brown Plumbing 2739,Linda Davis,Priya,owner2739@brownplumbing2739.com,www.brownplumbing2739.com/?utm_source=google,(525) 555-2739,Landline,2839 Main St,72739,MA,Boston,1-10,REF-2739
Brown Auto Repair 2740,James Patel,Michael,owner2740@brownautorepair2740.com,www.brownautorepair2740.com/?utm_source=google,(762) 555-2740,,2840 Main St,72740,Washington,SEATTLE,,REF-2740
Garcia Plumbing 2741,Robert Patel,Linda,,www.garciaplumbing2741.com/?utm_source=google,(339) 555-2741,,2841 Main St,72741,WA,seattle,1-10,REF-2741
Kim Plumbing 2742,James Smith,Ana,owner2742@kimplumbing2742.com,www.kimplumbing2742.com/?utm_source=google,(513) 555-2742,Mobile,2842 Main St,72742,CO,denver,,REF-2742
Smith Plumbing 2743,Maria Smith,James,,www.smithplumbing2743.com/?utm_source=google,(731) 555-2743,,2843 Main St,72743,MA,boston,51-200,REF-2743
Kim Restaurants 2744,David Nguyen,James,owner2744@kimrestaurants2744.com,www.kimrestaurants2744.com/?utm_source=google,(482) 555-2744,Mobile,,72744,CO,DENVER,51-200,REF-2744
Nguyen Real Estate Agents 2745,Linda Smith,Ana,owner2745@,www.nguyenrealestateagents2745.com/?utm_source=google,(876) 555-2745,,2845 Main St,72745,Texas,dallas,,REF-2745
Smith Auto Repair 2746,Ana Brown,James,owner2746@smithautorepair2746.com,www.smithautorepair2746.com/?utm_source=google,(370) 555-2746,,2846 Main St,72746,Texas,Dallas,11-50,REF-2746
Smith Gyms 2747,Linda Johnson,Linda,owner2747@smithgyms2747.com,www.smithgyms2747.com/?utm_source=google,(926) 555-2747,Landline,2847 Main St,72747,MA,boston,51-200,REF-2747
Johnson Auto Detailing 2748,Ana Garcia,Linda,owner2748@johnsonautodetailing2748.com,www.johnsonautodetailing2748.com/?utm_source=google,(517) 555-2748,Mobile,2848 Main St,72748,WA,SEATTLE,1-10,REF-2748
Brown Accountants 2749,Linda Smith,Maria,owner2749@brownaccountants2749.com,www.brownaccountants2749.com/?utm_source=google,(617) 555-2749,Mobile,,72749,Massachusetts,BOSTON,51-200,REF-2749
Davis Auto Detailing 2750,Linda Johnson,James,owner2750@davisautodetailing2750.com,www.davisautodetailing2750.com/?utm_source=google,(556) 555-2750,Landline,2850 Main St,72750,AR,Phoenix,1-10,REF-2750
Garcia Restaurants 2751,David Smith,Ana,owner2751@garciarestaurants2751.com,www.garciarestaurants2751.com/?utm_source=google,(659) 555-2751,Landline,2851 Main St,72751,TE,Dallas,1-10,REF-2751
Smith Accountants 2752,James Johnson,Priya,owner2752@smithaccountants2752.com,www.smithaccountants2752.com/?utm_source=google,(648) 555-2752,Landline,,72752,Arizona,Phoenix,,REF-2752
Smith Restaurants 2753,Priya Kim,Maria,owner2753@smithrestaurants2753.com,www.smithrestaurants2753.com/?utm_source=google,(858) 555-2753,Mobile,,72753,WA,SEATTLE,1-10,REF-2753
Patel HVAC Services 2754,Priya Garcia,Linda,owner2754@patelhvacservices2754.com,www.patelhvacservices2754.com/?utm_source=google,(488) 555-2754,,2854 Main St,72754,FL,miami,11-50,REF-2754
Patel Auto Repair 2755,Ana Johnson,Ana,owner2755@patelautorepair2755.com,www.patelautorepair2755.com/?utm_source=google,(507) 555-2755,Landline,2855 Main St,72755,Colorado,denver,1-10,REF-2755
Garcia HVAC Services 2756,Ana Garcia,Maria,owner2756@garciahvacservices2756.com,www.garciahvacservices2756.com/?utm_source=google,(522) 555-2756,,2856 Main St,72756,Illinois,Chicago,11-50,REF-2756
Kim Auto Repair 2757,David Kim,James,owner2757@kimautorepair2757.com,www.kimautorepair2757.com/?utm_source=google,(261) 555-2757,,2857 Main St,72757,Florida,MIAMI,1-10,REF-2757
Garcia Accountants 2758,Linda Brown,David,owner2758@garciaaccountants2758.com,www.garciaaccountants2758.com/?utm_source=google,(261) 555-2758,Mobile,2858 Main St,72758,GE,ATLANTA,51-200,REF-2758
Brown Auto Detailing 2759,Ana Davis,Linda,owner2759@brownautodetailing2759.com,www.brownautodetailing2759.com/?utm_source=google,(411) 555-2759,,2859 Main St,72759,Georgia,atlanta,11-50,REF-2759
Patel Chiropractors 2760,Ana Garcia,Ana,owner2760@patelchiropractors2760.com,www.patelchiropractors2760.com/?utm_source=google,(545) 555-2760,,2860 Main St,72760,Colorado,denver,1-10,REF-2760
Nguyen Accountants 2761,Michael Johnson,Priya,owner2761@nguyenaccountants2761.com,,(312) 555-2761,,2861 Main St,72761,IL,Chicago,51-200,REF-2761
Brown Gyms 2762,Robert Nguyen,Priya,owner2762@browngyms2762.com,,(900) 555-2762,,2862 Main St,72762,MA,boston,51-200,REF-2762
Garcia Chiropractors 2763,Linda Garcia,Robert,owner2763@garciachiropractors2763.com,,(785) 555-2763,Landline,,72763,Washington,SEATTLE,1-10,REF-2763
Davis Chiropractors 2764,Linda Brown,Maria,owner2764@davischiropractors2764.com,www.davischiropractors2764.com/?utm_source=google,(569) 555-2764,Landline,2864 Main St,72764,IL,Chicago,1-10,REF-2764
Garcia Plumbing 2765,James Smith,Linda,owner2765@garciaplumbing2765.com,www.garciaplumbing2765.com/?utm_source=google,(430) 555-2765,Mobile,,72765,Georgia,ATLANTA,1-10,REF-2765
Nguyen HVAC Services 2766,Michael Smith,Michael,owner2766@nguyenhvacservices2766.com,www.nguyenhvacservices2766.com/?utm_source=google,(793) 555-2766,,2866 Main St,72766,MA,boston,,REF-2766
Johnson HVAC Services 2767,Robert Patel,James,,www.johnsonhvacservices2767.com/?utm_source=google,(376) 555-2767,,2867 Main St,72767,WA,seattle,11-50,REF-2767
Kim Restaurants 2768,Robert Nguyen,James,owner2768@kimrestaurants2768.com,www.kimrestaurants2768.com/?utm_source=google,(570) 555-2768,,2868 Main St,72768,CO,denver,51-200,REF-2768
Nguyen Restaurants 2769,Linda Nguyen,James,,www.nguyenrestaurants2769.com/?utm_source=google,(500) 555-2769,Landline,,72769,WA,Seattle,51-200,REF-2769
Nguyen Chiropractors 2770,David Brown,James,owner2770@nguyenchiropractors2770.com,www.nguyenchiropractors2770.com/?utm_source=google,(490) 555-2770,,2870 Main St,72770,Illinois,CHICAGO,,REF-2770
Brown HVAC Services 2771,Linda Smith,Linda,owner2771@brownhvacservices2771.com,www.brownhvacservices2771.com/?utm_source=google,(262) 555-2771,,2871 Main St,72771,Georgia,atlanta,51-200,REF-2771
Davis Restaurants 2772,Robert Brown,Ana,owner2772@,www.davisrestaurants2772.com/?utm_source=google,(513) 555-2772,Mobile,,72772,Washington,SEATTLE,11-50,REF-2772
Johnson Real Estate Agents 2773,Ana Garcia,Maria,owner2773@,www.johnsonrealestateagents2773.com/?utm_source=google,(723) 555-2773,Landline,2873 Main St,72773,Washington,Seattle,51-200,REF-2773
Smith HVAC Services 2774,David Smith,Michael,owner2774@smithhvacservices2774.com,www.smithhvacservices2774.com/?utm_source=google,(218) 555-2774,,,72774,IL,CHICAGO,11-50,REF-2774
Davis Restaurants 2775,Robert Brown,Michael,owner2775@davisrestaurants2775.com,,(224) 555-2775,Landline,2875 Main St,72775,TE,DALLAS,11-50,REF-2775
Nguyen Plumbing 2776,Robert Garcia,David,owner2776@nguyenplumbing2776.com,www.nguyenplumbing2776.com/?utm_source=google,(381) 555-2776,,,72776,Massachusetts,BOSTON,1-10,REF-2776
Brown Plumbing 2777,James Kim,Maria,owner2777@brownplumbing2777.com,www.brownplumbing2777.com/?utm_source=google,(857) 555-2777,Mobile,2877 Main St,72777,Colorado,DENVER,11-50,REF-2777
Nguyen Auto Detailing 2778,James Patel,James,owner2778@nguyenautodetailing2778.com,www.nguyenautodetailing2778.com/?utm_source=google,(644) 555-2778,Landline,,72778,AR,Phoenix,1-10,REF-2778
Kim Restaurants 2779,Michael Kim,Ana,owner2779@kimrestaurants2779.com,www.kimrestaurants2779.com/?utm_source=google,(953) 555-2779,Mobile,,72779,Texas,dallas,1-10,REF-2779
Johnson Chiropractors 2780,Maria Patel,Robert,owner2780@johnsonchiropractors2780.com,,(800) 555-2780,,2880 Main St,72780,Illinois,chicago,51-200,REF-2780
Garcia Accountants 2781,Robert Davis,David,owner2781@garciaaccountants2781.com,,(246) 555-2781,Landline,2881 Main St,72781,IL,CHICAGO,1-10,REF-2781
Garcia Chiropractors 2782,Michael Nguyen,James,owner2782@garciachiropractors2782.com,www.garciachiropractors2782.com/?utm_source=google,(904) 555-2782,Mobile,2882 Main St,72782,Colorado,denver,11-50,REF-2782
Johnson Gyms 2783,Linda Nguyen,Michael,owner2783@johnsongyms2783.com,www.johnsongyms2783.com/?utm_source=google,(976) 555-2783,,2883 Main St,72783,WA,SEATTLE,51-200,REF-2783
Nguyen Plumbing 2784,Michael Johnson,Ana,owner2784@nguyenplumbing2784.com,www.nguyenplumbing2784.com/?utm_source=google,(219) 555-2784,Mobile,,72784,Colorado,DENVER,51-200,REF-2784
Brown Salons 2785,Linda Johnson,James,owner2785@brownsalons2785.com,www.brownsalons2785.com/?utm_source=google,(220) 555-2785,Landline,2885 Main St,72785,TE,DALLAS,51-200,REF-2785
Smith Auto Repair 2786,Maria Johnson,Linda,owner2786@smithautorepair2786.com,www.smithautorepair2786.com/?utm_source=google,(374) 555-2786,Mobile,,72786,Florida,miami,11-50,REF-2786
Kim Salons 2787,Linda Garcia,Maria,owner2787@kimsalons2787.com,www.kimsalons2787.com/?utm_source=google,(696) 555-2787,Landline,2887 Main St,72787,Colorado,Denver,1-10,REF-2787
Davis Salons 2788,Michael Davis,Ana,owner2788@davissalons2788.com,www.davissalons2788.com/?utm_source=google,(698) 555-2788,Mobile,2888 Main St,72788,FL,MIAMI,51-200,REF-2788
Smith HVAC Services 2789,Linda Davis,David,owner2789@smithhvacservices2789.com,www.smithhvacservices2789.com/?utm_source=google,(985) 555-2789,Landline,2889 Main St,72789,WA,seattle,,REF-2789
Garcia Chiropractors 2790,Linda Davis,Linda,owner2790@garciachiropractors2790.com,www.garciachiropractors2790.com/?utm_source=google,(357) 555-2790,Landline,2890 Main St,72790,Illinois,CHICAGO,11-50,REF-2790
Nguyen Auto Detailing 2791,Ana Garcia,David,owner2791@nguyenautodetailing2791.com,,(605) 555-2791,,2891 Main St,72791,CO,denver,51-200,REF-2791
Davis Plumbing 2792,Michael Smith,Linda,owner2792@davisplumbing2792.com,www.davisplumbing2792.com/?utm_source=google,(301) 555-2792,Landline,,72792,AR,PHOENIX,,REF-2792
Johnson Real Estate Agents 2793,Maria Nguyen,Ana,owner2793@johnsonrealestateagents2793.com,www.johnsonrealestateagents2793.com/?utm_source=google,(594) 555-2793,Landline,,72793,Florida,MIAMI,1-10,REF-2793
Patel Auto Detailing 2794,Ana Johnson,David,owner2794@patelautodetailing2794.com,,(869) 555-2794,,2894 Main St,72794,Georgia,Atlanta,51-200,REF-2794
Smith Restaurants 2795,Michael Kim,Michael,,www.smithrestaurants2795.com/?utm_source=google,(536) 555-2795,Landline,2895 Main St,72795,Colorado,DENVER,51-200,REF-2795
Brown Real Estate Agents 2796,James Davis,Priya,owner2796@brownrealestateagents2796.com,www.brownrealestateagents2796.com/?utm_source=google,(817) 555-2796,Landline,2896 Main St,72796,IL,chicago,51-200,REF-2796
Davis Real Estate Agents 2797,James Nguyen,Michael,,,(681) 555-2797,Mobile,2897 Main St,72797,GE,ATLANTA,,REF-2797
Brown Auto Detailing 2798,Priya Patel,David,owner2798@brownautodetailing2798.com,www.brownautodetailing2798.com/?utm_source=google,(484) 555-2798,Mobile,,72798,Illinois,Chicago,51-200,REF-2798
Davis Real Estate Agents 2799,Maria Davis,Ana,owner2799@davisrealestateagents2799.com,www.davisrealestateagents2799.com/?utm_source=google,(385) 555-2799,Mobile,2899 Main St,72799,TE,Dallas,,REF-2799
Patel Auto Detailing 2800,David Kim,Maria,owner2800@patelautodetailing2800.com,www.patelautodetailing2800.com/?utm_source=google,(594) 555-2800,Landline,2900 Main St,72800,Colorado,DENVER,,REF-2800
Garcia Accountants 2801,Priya Patel,Robert,owner2801@,www.garciaaccountants2801.com/?utm_source=google,(889) 555-2801,,,72801,AR,Phoenix,11-50,REF-2801
Patel Auto Repair 2802,Linda Kim,Linda,owner2802@patelautorepair2802.com,,(484) 555-2802,Mobile,2902 Main St,72802,FL,Miami,,REF-2802
Patel Accountants 2803,Priya Smith,Priya,owner2803@patelaccountants2803.com,www.patelaccountants2803.com/?utm_source=google,(645) 555-2803,,2903 Main St,72803,FL,MIAMI,,REF-2803
Smith Salons 2804,Michael Smith,Priya,,www.smithsalons2804.com/?utm_source=google,(246) 555-2804,Mobile,,72804,Colorado,Denver,51-200,REF-2804
Kim Salons 2805,Priya Johnson,David,owner2805@kimsalons2805.com,www.kimsalons2805.com/?utm_source=google,(365) 555-2805,Mobile,2905 Main St,72805,IL,CHICAGO,11-50,REF-2805
Nguyen Chiropractors 2806,Michael Kim,Robert,owner2806@nguyenchiropractors2806.com,www.nguyenchiropractors2806.com/?utm_source=google,(583) 555-2806,Mobile,2906 Main St,72806,MA,BOSTON,1-10,REF-2806
Patel HVAC Services 2807,Priya Patel,Priya,owner2807@patelhvacservices2807.com,www.patelhvacservices2807.com/?utm_source=google,(919) 555-2807,,2907 Main St,72807,Washington,SEATTLE,51-200,REF-2807
Patel Auto Repair 2808,Robert Patel,James,owner2808@patelautorepair2808.com,www.patelautorepair2808.com/?utm_source=google,(909) 555-2808,Landline,2908 Main St,72808,IL,Chicago,51-200,REF-2808
Kim Auto Detailing 2809,Linda Smith,Michael,owner2809@kimautodetailing2809.com,,(361) 555-2809,Landline,2909 Main St,72809,Texas,Dallas,11-50,REF-2809
Garcia Auto Repair 2810,David Kim,Priya,owner2810@garciaautorepair2810.com,www.garciaautorepair2810.com/?utm_source=google,(691) 555-2810,Mobile,2910 Main St,72810,Georgia,atlanta,51-200,REF-2810
Davis Auto Repair 2811,Ana Smith,David,owner2811@davisautorepair2811.com,www.davisautorepair2811.com/?utm_source=google,(979) 555-2811,Landline,,72811,MA,Boston,,REF-2811
Garcia Salons 2812,David Kim,David,owner2812@garciasalons2812.com,,(371) 555-2812,Landline,,72812,GE,atlanta,1-10,REF-2812
Nguyen Auto Repair 2813,Ana Brown,David,owner2813@nguyenautorepair2813.com,www.nguyenautorepair2813.com/?utm_source=google,(694) 555-2813,Mobile,2913 Main St,72813,Washington,seattle,51-200,REF-2813
Smith Real Estate Agents 2814,David Smith,David,owner2814@smithrealestateagents2814.com,www.smithrealestateagents2814.com/?utm_source=google,(310) 555-2814,Landline,2914 Main St,72814,AR,Phoenix,1-10,REF-2814
Nguyen HVAC Services 2815,Priya Nguyen,Maria,owner2815@nguyenhvacservices2815.com,www.nguyenhvacservices2815.com/?utm_source=google,(358) 555-2815,,,72815,TE,dallas,51-200,REF-2815
Patel HVAC Services 2816,James Patel,Linda,owner2816@patelhvacservices2816.com,www.patelhvacservices2816.com/?utm_source=google,(383) 555-2816,Landline,,72816,Washington,SEATTLE,51-200,REF-2816
Nguyen Gyms 2817,Robert Davis,Maria,owner2817@nguyengyms2817.com,www.nguyengyms2817.com/?utm_source=google,(881) 555-2817,Mobile,2917 Main St,72817,Colorado,Denver,,REF-2817
Nguyen Plumbing 2818,Linda Davis,Priya,owner2818@nguyenplumbing2818.com,www.nguyenplumbing2818.com/?utm_source=google,(975) 555-2818,,2918 Main St,72818,MA,boston,11-50,REF-2818
Davis Plumbing 2819,Maria Smith,Priya,,,(952) 555-2819,Landline,2919 Main St,72819,AR,Phoenix,11-50,REF-2819
Smith Chiropractors 2820,Priya Brown,Michael,owner2820@smithchiropractors2820.com,,(395) 555-2820,Landline,2920 Main St,72820,FL,MIAMI,1-10,REF-2820
Johnson Plumbing 2821,Linda Patel,David,owner2821@johnsonplumbing2821.com,,(592) 555-2821,,,72821,WA,Seattle,11-50,REF-2821
Kim Auto Repair 2822,Ana Garcia,Linda,owner2822@kimautorepair2822.com,www.kimautorepair2822.com/?utm_source=google,(733) 555-2822,Landline,2922 Main St,72822,Massachusetts,Boston,1-10,REF-2822
Brown Real Estate Agents 2823,Michael Patel,James,owner2823@brownrealestateagents2823.com,www.brownrealestateagents2823.com/?utm_source=google,(839) 555-2823,Landline,2923 Main St,72823,Georgia,Atlanta,1-10,REF-2823
Garcia Salons 2824,David Garcia,Ana,owner2824@garciasalons2824.com,,(916) 555-2824,Landline,2924 Main St,72824,Washington,Seattle,1-10,REF-2824
Kim Chiropractors 2825,Maria Smith,Maria,,www.kimchiropractors2825.com/?utm_source=google,(907) 555-2825,Mobile,,72825,CO,Denver,11-50,REF-2825
Nguyen Auto Detailing 2826,Michael Garcia,Robert,owner2826@nguyenautodetailing2826.com,www.nguyenautodetailing2826.com/?utm_source=google,(727) 555-2826,Mobile,2926 Main St,72826,Colorado,Denver,,REF-2826
Patel Accountants 2827,James Patel,James,owner2827@patelaccountants2827.com,www.patelaccountants2827.com/?utm_source=google,(474) 555-2827,Mobile,,72827,IL,CHICAGO,,REF-2827
Garcia Plumbing 2828,James Patel,David,owner2828@garciaplumbing2828.com,www.garciaplumbing2828.com/?utm_source=google,(927) 555-2828,Mobile,2928 Main St,72828,IL,CHICAGO,,REF-2828
Nguyen Chiropractors 2829,Maria Davis,David,owner2829@nguyenchiropractors2829.com,www.nguyenchiropractors2829.com/?utm_source=google,(628) 555-2829,Mobile,2929 Main St,72829,Texas,Dallas,11-50,REF-2829
Davis HVAC Services 2830,Robert Garcia,Robert,owner2830@davishvacservices2830.com,www.davishvacservices2830.com/?utm_source=google,(941) 555-2830,,2930 Main St,72830,Massachusetts,boston,1-10,REF-2830
Brown Auto Detailing 2831,Michael Patel,Maria,owner2831@brownautodetailing2831.com,www.brownautodetailing2831.com/?utm_source=google,(598) 555-2831,Mobile,2931 Main St,72831,Massachusetts,Boston,1-10,REF-2831
Brown Restaurants 2832,Ana Davis,Ana,owner2832@brownrestaurants2832.com,www.brownrestaurants2832.com/?utm_source=google,(322) 555-2832,Landline,2932 Main St,72832,TE,DALLAS,,REF-2832
Brown Restaurants 2833,Ana Smith,Michael,owner2833@brownrestaurants2833.com,www.brownrestaurants2833.com/?utm_source=google,(713) 555-2833,,2933 Main St,72833,IL,chicago,,REF-2833
Patel HVAC Services 2834,David Johnson,Ana,,,(333) 555-2834,Mobile,2934 Main St,72834,Colorado,denver,1-10,REF-2834
Davis Salons 2835,Robert Davis,Maria,owner2835@davissalons2835.com,www.davissalons2835.com/?utm_source=google,(885) 555-2835,,2935 Main St,72835,MA,boston,11-50,REF-2835
Garcia Plumbing 2836,James Patel,Linda,owner2836@garciaplumbing2836.com,www.garciaplumbing2836.com/?utm_source=google,(519) 555-2836,Mobile,2936 Main St,72836,WA,seattle,11-50,REF-2836
Patel Chiropractors 2837,Maria Johnson,James,owner2837@patelchiropractors2837.com,www.patelchiropractors2837.com/?utm_source=google,(592) 555-2837,Landline,2937 Main St,72837,Massachusetts,Boston,11-50,REF-2837
Johnson Gyms 2838,David Johnson,Robert,owner2838@johnsongyms2838.com,www.johnsongyms2838.com/?utm_source=google,(751) 555-2838,Mobile,,72838,Washington,seattle,11-50,REF-2838
Garcia Restaurants 2839,Ana Patel,Priya,owner2839@garciarestaurants2839.com,www.garciarestaurants2839.com/?utm_source=google,(966) 555-2839,Mobile,,72839,Colorado,DENVER,,REF-2839
Kim Auto Repair 2840,James Davis,Robert,,www.kimautorepair2840.com/?utm_source=google,(571) 555-2840,Mobile,,72840,MA,BOSTON,11-50,REF-2840
Nguyen Salons 2841,Linda Brown,Maria,owner2841@nguyensalons2841.com,www.nguyensalons2841.com/?utm_source=google,(857) 555-2841,Landline,2941 Main St,72841,Massachusetts,Boston,1-10,REF-2841
Garcia Chiropractors 2842,David Davis,Priya,owner2842@garciachiropractors2842.com,www.garciachiropractors2842.com/?utm_source=google,(852) 555-2842,Mobile,2942 Main St,72842,GE,ATLANTA,51-200,REF-2842
Kim Salons 2843,Robert Smith,Maria,owner2843@kimsalons2843.com,,(262) 555-2843,Landline,,72843,Massachusetts,BOSTON,11-50,REF-2843
Johnson Restaurants 2844,Maria Kim,Priya,owner2844@johnsonrestaurants2844.com,www.johnsonrestaurants2844.com/?utm_source=google,(835) 555-2844,Landline,2944 Main St,72844,Massachusetts,BOSTON,11-50,REF-2844
Patel Chiropractors 2845,Linda Johnson,Robert,owner2845@patelchiropractors2845.com,www.patelchiropractors2845.com/?utm_source=google,(568) 555-2845,Landline,2945 Main St,72845,Arizona,phoenix,51-200,REF-2845
Kim Salons 2846,James Johnson,Maria,owner2846@kimsalons2846.com,www.kimsalons2846.com/?utm_source=google,(733) 555-2846,,2946 Main St,72846,Florida,Miami,,REF-2846
Davis Salons 2847,Linda Davis,Linda,owner2847@davissalons2847.com,www.davissalons2847.com/?utm_source=google,(796) 555-2847,Landline,2947 Main St,72847,CO,DENVER,11-50,REF-2847
Brown Chiropractors 2848,Linda Patel,Michael,owner2848@brownchiropractors2848.com,www.brownchiropractors2848.com/?utm_source=google,(686) 555-2848,Mobile,2948 Main St,72848,Illinois,CHICAGO,1-10,REF-2848
Nguyen Accountants 2849,James Johnson,Ana,owner2849@,www.nguyenaccountants2849.com/?utm_source=google,(283) 555-2849,Landline,2949 Main St,72849,FL,MIAMI,11-50,REF-2849
Kim HVAC Services 2850,Maria Davis,Linda,owner2850@kimhvacservices2850.com,www.kimhvacservices2850.com/?utm_source=google,(964) 555-2850,Mobile,2950 Main St,72850,MA,BOSTON,11-50,REF-2850
Garcia Plumbing 2851,Ana Kim,Robert,,www.garciaplumbing2851.com/?utm_source=google,(847) 555-2851,Landline,2951 Main St,72851,Arizona,Phoenix,11-50,REF-2851
Kim Real Estate Agents 2852,David Johnson,David,owner2852@kimrealestateagents2852.com,www.kimrealestateagents2852.com/?utm_source=google,(717) 555-2852,,2952 Main St,72852,GE,atlanta,51-200,REF-2852
Kim Real Estate Agents 2853,Robert Johnson,James,owner2853@kimrealestateagents2853.com,,(935) 555-2853,,,72853,Texas,Dallas,11-50,REF-2853
Davis Chiropractors 2854,David Johnson,Ana,owner2854@davischiropractors2854.com,,(700) 555-2854,Landline,2954 Main St,72854,Washington,seattle,,REF-2854
Kim Gyms 2855,James Smith,James,,www.kimgyms2855.com/?utm_source=google,(846) 555-2855,Landline,2955 Main St,72855,WA,Seattle,11-50,REF-2855
Kim Chiropractors 2856,Michael Davis,David,owner2856@kimchiropractors2856.com,www.kimchiropractors2856.com/?utm_source=google,(875) 555-2856,Mobile,2956 Main St,72856,Arizona,Phoenix,11-50,REF-2856
Garcia Auto Repair 2857,Robert Patel,Maria,owner2857@garciaautorepair2857.com,,(422) 555-2857,Landline,,72857,Massachusetts,boston,1-10,REF-2857
Patel HVAC Services 2858,Priya Kim,Priya,owner2858@patelhvacservices2858.com,www.patelhvacservices2858.com/?utm_source=google,(939) 555-2858,Mobile,2958 Main St,72858,MA,BOSTON,51-200,REF-2858
Nguyen Plumbing 2859,James Brown,Priya,owner2859@nguyenplumbing2859.com,www.nguyenplumbing2859.com/?utm_source=google,(462) 555-2859,Mobile,2959 Main St,72859,IL,Chicago,1-10,REF-2859
Davis Accountants 2860,James Kim,Michael,,www.davisaccountants2860.com/?utm_source=google,(602) 555-2860,,2960 Main St,72860,IL,CHICAGO,11-50,REF-2860
Garcia Real Estate Agents 2861,Robert Brown,Linda,owner2861@garciarealestateagents2861.com,www.garciarealestateagents2861.com/?utm_source=google,(633) 555-2861,,2961 Main St,72861,Arizona,PHOENIX,,REF-2861
Patel Restaurants 2862,David Patel,Robert,owner2862@patelrestaurants2862.com,www.patelrestaurants2862.com/?utm_source=google,(533) 555-2862,,2962 Main St,72862,AR,phoenix,1-10,REF-2862
Kim Plumbing 2863,Maria Smith,Priya,owner2863@kimplumbing2863.com,,(905) 555-2863,Mobile,2963 Main St,72863,IL,chicago,51-200,REF-2863
Garcia Salons 2864,David Garcia,Michael,owner2864@garciasalons2864.com,www.garciasalons2864.com/?utm_source=google,(854) 555-2864,,,72864,WA,SEATTLE,1-10,REF-2864
Johnson Auto Repair 2865,Priya Patel,David,owner2865@johnsonautorepair2865.com,www.johnsonautorepair2865.com/?utm_source=google,(461) 555-2865,Mobile,2965 Main St,72865,Washington,SEATTLE,11-50,REF-2865
Davis Auto Repair 2866,David Nguyen,James,owner2866@davisautorepair2866.com,,(603) 555-2866,Mobile,2966 Main St,72866,Florida,Miami,11-50,REF-2866
Brown Auto Repair 2867,Priya Smith,Michael,,www.brownautorepair2867.com/?utm_source=google,(713) 555-2867,Mobile,,72867,WA,Seattle,51-200,REF-2867
Patel Restaurants 2868,Priya Johnson,Ana,owner2868@patelrestaurants2868.com,www.patelrestaurants2868.com/?utm_source=google,(757) 555-2868,Landline,2968 Main St,72868,WA,SEATTLE,,REF-2868
Brown Plumbing 2869,James Kim,Maria,owner2869@brownplumbing2869.com,www.brownplumbing2869.com/?utm_source=google,(910) 555-2869,,2969 Main St,72869,FL,MIAMI,,REF-2869
Johnson Plumbing 2870,Priya Smith,James,owner2870@johnsonplumbing2870.com,www.johnsonplumbing2870.com/?utm_source=google,(787) 555-2870,Mobile,,72870,Colorado,Denver,1-10,REF-2870
Kim HVAC Services 2871,David Smith,Robert,owner2871@kimhvacservices2871.com,,(644) 555-2871,,2971 Main St,72871,GE,Atlanta,11-50,REF-2871
Garcia Real Estate Agents 2872,Maria Brown,Robert,owner2872@garciarealestateagents2872.com,www.garciarealestateagents2872.com/?utm_source=google,(861) 555-2872,Landline,,72872,MA,boston,,REF-2872
Patel Real Estate Agents 2873,Robert Johnson,Linda,owner2873@patelrealestateagents2873.com,www.patelrealestateagents2873.com/?utm_source=google,(570) 555-2873,Mobile,2973 Main St,72873,WA,SEATTLE,51-200,REF-2873
Nguyen Auto Detailing 2874,Robert Johnson,Robert,,www.nguyenautodetailing2874.com/?utm_source=google,(428) 555-2874,Mobile,2974 Main St,72874,Washington,SEATTLE,51-200,REF-2874
Garcia Accountants 2875,Linda Patel,David,owner2875@garciaaccountants2875.com,www.garciaaccountants2875.com/?utm_source=google,(360) 555-2875,Landline,2975 Main St,72875,MA,BOSTON,51-200,REF-2875
Brown Salons 2876,Ana Smith,Priya,owner2876@brownsalons2876.com,www.brownsalons2876.com/?utm_source=google,(732) 555-2876,Mobile,,72876,Washington,Seattle,11-50,REF-2876
Kim Auto Detailing 2877,Michael Patel,James,owner2877@kimautodetailing2877.com,www.kimautodetailing2877.com/?utm_source=google,(546) 555-2877,,,72877,Illinois,chicago,,REF-2877
Davis Auto Repair 2878,Priya Brown,Michael,owner2878@davisautorepair2878.com,www.davisautorepair2878.com/?utm_source=google,(281) 555-2878,,,72878,IL,chicago,1-10,REF-2878
Davis HVAC Services 2879,Linda Nguyen,Linda,owner2879@davishvacservices2879.com,www.davishvacservices2879.com/?utm_source=google,(654) 555-2879,Landline,,72879,CO,Denver,1-10,REF-2879
Johnson Real Estate Agents 2880,David Johnson,Maria,owner2880@johnsonrealestateagents2880.com,www.johnsonrealestateagents2880.com/?utm_source=google,(276) 555-2880,Landline,,72880,Arizona,phoenix,11-50,REF-2880
Nguyen Restaurants 2881,Ana Smith,Ana,owner2881@nguyenrestaurants2881.com,www.nguyenrestaurants2881.com/?utm_source=google,(318) 555-2881,,,72881,MA,BOSTON,,REF-2881
Johnson Salons 2882,James Kim,David,owner2882@johnsonsalons2882.com,,(277) 555-2882,Landline,2982 Main St,72882,MA,boston,1-10,REF-2882
Smith HVAC Services 2883,Ana Garcia,Maria,owner2883@smithhvacservices2883.com,www.smithhvacservices2883.com/?utm_source=google,(505) 555-2883,Landline,2983 Main St,72883,Washington,seattle,51-200,REF-2883
Kim Plumbing 2884,Ana Kim,Michael,owner2884@kimplumbing2884.com,www.kimplumbing2884.com/?utm_source=google,(809) 555-2884,,2984 Main St,72884,GE,atlanta,,REF-2884
Brown Restaurants 2885,Michael Davis,Maria,owner2885@brownrestaurants2885.com,www.brownrestaurants2885.com/?utm_source=google,(448) 555-2885,,2985 Main St,72885,TE,dallas,11-50,REF-2885
Kim Real Estate Agents 2886,Priya Johnson,Maria,owner2886@kimrealestateagents2886.com,,(719) 555-2886,Landline,2986 Main St,72886,MA,boston,51-200,REF-2886
Kim Auto Repair 2887,Priya Nguyen,Robert,owner2887@kimautorepair2887.com,www.kimautorepair2887.com/?utm_source=google,(808) 555-2887,Mobile,2987 Main St,72887,Texas,Dallas,11-50,REF-2887
Patel Gyms 2888,Maria Kim,Linda,owner2888@patelgyms2888.com,www.patelgyms2888.com/?utm_source=google,(763) 555-2888,Landline,,72888,IL,CHICAGO,,REF-2888
Brown Gyms 2889,Robert Brown,David,owner2889@browngyms2889.com,,(873) 555-2889,,2989 Main St,72889,Georgia,Atlanta,1-10,REF-2889
Nguyen Gyms 2890,James Davis,Ana,owner2890@nguyengyms2890.com,www.nguyengyms2890.com/?utm_source=google,(580) 555-2890,Mobile,2990 Main St,72890,GE,ATLANTA,51-200,REF-2890
Davis Plumbing 2891,Robert Johnson,Maria,owner2891@davisplumbing2891.com,www.davisplumbing2891.com/?utm_source=google,(200) 555-2891,,2991 Main St,72891,IL,CHICAGO,11-50,REF-2891
Kim Real Estate Agents 2892,Priya Davis,Linda,owner2892@kimrealestateagents2892.com,,(680) 555-2892,Landline,,72892,Arizona,phoenix,51-200,REF-2892
Kim HVAC Services 2893,Priya Patel,Ana,owner2893@kimhvacservices2893.com,www.kimhvacservices2893.com/?utm_source=google,(972) 555-2893,Mobile,2993 Main St,72893,IL,chicago,11-50,REF-2893
Johnson Auto Detailing 2894,Robert Smith,Maria,owner2894@johnsonautodetailing2894.com,,(652) 555-2894,,,72894,Massachusetts,BOSTON,1-10,REF-2894
Johnson HVAC Services 2895,Robert Patel,Michael,owner2895@johnsonhvacservices2895.com,www.johnsonhvacservices2895.com/?utm_source=google,(216) 555-2895,Landline,2995 Main St,72895,Florida,MIAMI,11-50,REF-2895
Garcia HVAC Services 2896,Priya Patel,Linda,,www.garciahvacservices2896.com/?utm_source=google,(989) 555-2896,,2996 Main St,72896,MA,Boston,11-50,REF-2896
Kim Plumbing 2897,Michael Smith,Priya,owner2897@kimplumbing2897.com,www.kimplumbing2897.com/?utm_source=google,(522) 555-2897,Mobile,2997 Main St,72897,Texas,dallas,1-10,REF-2897
Kim HVAC Services 2898,Linda Patel,James,owner2898@,www.kimhvacservices2898.com/?utm_source=google,(958) 555-2898,,2998 Main St,72898,FL,Miami,1-10,REF-2898
Davis Auto Detailing 2899,Maria Johnson,Maria,owner2899@davisautodetailing2899.com,www.davisautodetailing2899.com/?utm_source=google,(760) 555-2899,Mobile,2999 Main St,72899,Washington,Seattle,51-200,REF-2899
Nguyen Accountants 2900,Robert Garcia,Michael,owner2900@nguyenaccountants2900.com,www.nguyenaccountants2900.com/?utm_source=google,(942) 555-2900,,,72900,Florida,Miami,51-200,REF-2900
Nguyen Auto Repair 2901,David Nguyen,James,,www.nguyenautorepair2901.com/?utm_source=google,(741) 555-2901,Landline,3001 Main St,72901,Massachusetts,boston,11-50,REF-2901
Davis Accountants 2902,Maria Davis,Priya,owner2902@davisaccountants2902.com,,(748) 555-2902,Landline,3002 Main St,72902,GE,Atlanta,51-200,REF-2902
Patel Real Estate Agents 2903,Ana Patel,Priya,owner2903@patelrealestateagents2903.com,www.patelrealestateagents2903.com/?utm_source=google,(952) 555-2903,Landline,,72903,Massachusetts,boston,51-200,REF-2903
Patel Real Estate Agents 2904,Michael Smith,Robert,owner2904@patelrealestateagents2904.com,www.patelrealestateagents2904.com/?utm_source=google,(966) 555-2904,,3004 Main St,72904,Arizona,Phoenix,11-50,REF-2904
Johnson Plumbing 2905,Priya Brown,Ana,owner2905@johnsonplumbing2905.com,www.johnsonplumbing2905.com/?utm_source=google,(844) 555-2905,Mobile,,72905,Massachusetts,Boston,11-50,REF-2905
Brown Auto Repair 2906,James Kim,Michael,,www.brownautorepair2906.com/?utm_source=google,(319) 555-2906,Landline,3006 Main St,72906,Illinois,chicago,,REF-2906
Patel Auto Repair 2907,David Garcia,Linda,owner2907@patelautorepair2907.com,www.patelautorepair2907.com/?utm_source=google,(217) 555-2907,,,72907,FL,Miami,,REF-2907
Patel Auto Detailing 2908,James Johnson,Robert,owner2908@patelautodetailing2908.com,www.patelautodetailing2908.com/?utm_source=google,(223) 555-2908,Landline,3008 Main St,72908,Colorado,DENVER,51-200,REF-2908
Nguyen Salons 2909,Ana Smith,Linda,owner2909@nguyensalons2909.com,www.nguyensalons2909.com/?utm_source=google,(603) 555-2909,Mobile,3009 Main St,72909,CO,denver,51-200,REF-2909
Brown Chiropractors 2910,Maria Kim,James,owner2910@brownchiropractors2910.com,www.brownchiropractors2910.com/?utm_source=google,(426) 555-2910,Mobile,3010 Main St,72910,AR,PHOENIX,1-10,REF-2910
Davis Salons 2911,Linda Smith,James,owner2911@davissalons2911.com,www.davissalons2911.com/?utm_source=google,(466) 555-2911,Landline,,72911,Colorado,denver,51-200,REF-2911
Patel Real Estate Agents 2912,James Davis,Maria,,www.patelrealestateagents2912.com/?utm_source=google,(252) 555-2912,,3012 Main St,72912,AR,Phoenix,,REF-2912
Garcia Real Estate Agents 2913,David Garcia,Linda,owner2913@garciarealestateagents2913.com,www.garciarealestateagents2913.com/?utm_source=google,(435) 555-2913,,3013 Main St,72913,IL,CHICAGO,,REF-2913
Patel Chiropractors 2914,David Brown,Ana,,www.patelchiropractors2914.com/?utm_source=google,(618) 555-2914,Landline,3014 Main St,72914,TE,dallas,1-10,REF-2914
Patel Auto Repair 2915,Maria Johnson,Priya,owner2915@patelautorepair2915.com,www.patelautorepair2915.com/?utm_source=google,(712) 555-2915,Landline,3015 Main St,72915,Arizona,PHOENIX,11-50,REF-2915
Kim Real Estate Agents 2916,James Smith,Priya,owner2916@kimrealestateagents2916.com,,(437) 555-2916,,,72916,CO,denver,,REF-2916
Brown HVAC Services 2917,Maria Brown,Michael,owner2917@,www.brownhvacservices2917.com/?utm_source=google,(627) 555-2917,Landline,,72917,IL,chicago,,REF-2917
Davis Plumbing 2918,Ana Johnson,David,owner2918@davisplumbing2918.com,www.davisplumbing2918.com/?utm_source=google,(492) 555-2918,,3018 Main St,72918,AR,Phoenix,,REF-2918
Smith Restaurants 2919,Priya Davis,Robert,owner2919@smithrestaurants2919.com,,(393) 555-2919,,3019 Main St,72919,MA,Boston,51-200,REF-2919
Brown Plumbing 2920,Priya Davis,James,owner2920@brownplumbing2920.com,www.brownplumbing2920.com/?utm_source=google,(697) 555-2920,Landline,3020 Main St,72920,Arizona,phoenix,51-200,REF-2920
Smith Salons 2921,David Garcia,Linda,owner2921@smithsalons2921.com,www.smithsalons2921.com/?utm_source=google,(489) 555-2921,Mobile,3021 Main St,72921,CO,denver,,REF-2921
Johnson Accountants 2922,David Johnson,Maria,owner2922@johnsonaccountants2922.com,www.johnsonaccountants2922.com/?utm_source=google,(461) 555-2922,Mobile,3022 Main St,72922,GE,atlanta,,REF-2922
Brown Auto Detailing 2923,Ana Johnson,Priya,owner2923@brownautodetailing2923.com,www.brownautodetailing2923.com/?utm_source=google,(576) 555-2923,Landline,3023 Main St,72923,Florida,MIAMI,11-50,REF-2923
Smith Accountants 2924,Priya Garcia,Robert,owner2924@smithaccountants2924.com,www.smithaccountants2924.com/?utm_source=google,(410) 555-2924,Landline,,72924,Arizona,PHOENIX,1-10,REF-2924
Nguyen Real Estate Agents 2925,Priya Johnson,Priya,owner2925@,www.nguyenrealestateagents2925.com/?utm_source=google,(358) 555-2925,Landline,,72925,TE,DALLAS,51-200,REF-2925
Davis Real Estate Agents 2926,Ana Garcia,Michael,owner2926@davisrealestateagents2926.com,www.davisrealestateagents2926.com/?utm_source=google,(750) 555-2926,Landline,3026 Main St,72926,CO,denver,1-10,REF-2926
Brown Gyms 2927,Linda Garcia,Linda,owner2927@browngyms2927.com,www.browngyms2927.com/?utm_source=google,(554) 555-2927,,3027 Main St,72927,Colorado,DENVER,51-200,REF-2927
Smith HVAC Services 2928,Ana Nguyen,David,owner2928@smithhvacservices2928.com,www.smithhvacservices2928.com/?utm_source=google,(649) 555-2928,,3028 Main St,72928,Colorado,Denver,1-10,REF-2928
Garcia Auto Repair 2929,Linda Garcia,Priya,owner2929@garciaautorepair2929.com,www.garciaautorepair2929.com/?utm_source=google,(215) 555-2929,Landline,,72929,Washington,Seattle,1-10,REF-2929
Garcia Restaurants 2930,Maria Smith,Maria,owner2930@garciarestaurants2930.com,www.garciarestaurants2930.com/?utm_source=google,(486) 555-2930,,3030 Main St,72930,Georgia,Atlanta,51-200,REF-2930
Garcia Chiropractors 2931,Linda Patel,Linda,owner2931@garciachiropractors2931.com,,(562) 555-2931,Landline,3031 Main St,72931,Illinois,CHICAGO,51-200,REF-2931
Patel Accountants 2932,Michael Garcia,Ana,owner2932@patelaccountants2932.com,www.patelaccountants2932.com/?utm_source=google,(286) 555-2932,Mobile,3032 Main St,72932,TE,Dallas,51-200,REF-2932
Davis Chiropractors 2933,Michael Davis,James,owner2933@davischiropractors2933.com,www.davischiropractors2933.com/?utm_source=google,(620) 555-2933,,,72933,Georgia,atlanta,51-200,REF-2933
Johnson Accountants 2934,Ana Garcia,Robert,owner2934@johnsonaccountants2934.com,www.johnsonaccountants2934.com/?utm_source=google,(636) 555-2934,,,72934,Arizona,phoenix,,REF-2934
Garcia HVAC Services 2935,Michael Smith,Maria,,www.garciahvacservices2935.com/?utm_source=google,(691) 555-2935,,3035 Main St,72935,AR,PHOENIX,,REF-2935
Garcia HVAC Services 2936,Priya Patel,Robert,,www.garciahvacservices2936.com/?utm_source=google,(632) 555-2936,,3036 Main St,72936,AR,Phoenix,1-10,REF-2936
Davis HVAC Services 2937,Robert Garcia,Michael,owner2937@davishvacservices2937.com,,(431) 555-2937,Landline,3037 Main St,72937,Texas,DALLAS,51-200,REF-2937
Nguyen Auto Repair 2938,Linda Smith,Robert,owner2938@nguyenautorepair2938.com,,(253) 555-2938,Landline,3038 Main St,72938,CO,Denver,51-200,REF-2938
Smith Auto Detailing 2939,Michael Kim,Michael,owner2939@smithautodetailing2939.com,www.smithautodetailing2939.com/?utm_source=google,(534) 555-2939,,3039 Main St,72939,Massachusetts,Boston,1-10,REF-2939
Nguyen Chiropractors 2940,Ana Johnson,Robert,owner2940@nguyenchiropractors2940.com,www.nguyenchiropractors2940.com/?utm_source=google,(412) 555-2940,Mobile,,72940,MA,BOSTON,1-10,REF-2940
Smith Plumbing 2941,Linda Brown,Priya,,www.smithplumbing2941.com/?utm_source=google,(576) 555-2941,Landline,,72941,Colorado,DENVER,51-200,REF-2941
Brown Salons 2942,James Smith,Priya,owner2942@brownsalons2942.com,www.brownsalons2942.com/?utm_source=google,(787) 555-2942,Mobile,3042 Main St,72942,FL,miami,1-10,REF-2942
Nguyen HVAC Services 2943,Ana Patel,Ana,owner2943@nguyenhvacservices2943.com,www.nguyenhvacservices2943.com/?utm_source=google,(486) 555-2943,Landline,3043 Main St,72943,WA,seattle,,REF-2943
Kim Auto Detailing 2944,James Nguyen,Maria,owner2944@kimautodetailing2944.com,www.kimautodetailing2944.com/?utm_source=google,(348) 555-2944,Mobile,3044 Main St,72944,Massachusetts,Boston,11-50,REF-2944
Brown Gyms 2945,Linda Garcia,Ana,owner2945@browngyms2945.com,www.browngyms2945.com/?utm_source=google,(794) 555-2945,Landline,,72945,Illinois,Chicago,,REF-2945
Smith Salons 2946,Linda Nguyen,Ana,,,(645) 555-2946,Mobile,3046 Main St,72946,WA,Seattle,1-10,REF-2946
Brown Auto Repair 2947,David Davis,Linda,owner2947@,www.brownautorepair2947.com/?utm_source=google,(588) 555-2947,Mobile,,72947,Washington,Seattle,,REF-2947
Kim Auto Detailing 2948,Priya Garcia,Michael,,www.kimautodetailing2948.com/?utm_source=google,(956) 555-2948,Landline,,72948,Texas,DALLAS,11-50,REF-2948
Smith Auto Detailing 2949,Ana Davis,Priya,,www.smithautodetailing2949.com/?utm_source=google,(438) 555-2949,,3049 Main St,72949,TE,Dallas,11-50,REF-2949
Garcia Gyms 2950,David Nguyen,Ana,owner2950@garciagyms2950.com,,(312) 555-2950,Mobile,3050 Main St,72950,Florida,Miami,1-10,REF-2950
Kim Accountants 2951,James Davis,David,owner2951@kimaccountants2951.com,www.kimaccountants2951.com/?utm_source=google,(633) 555-2951,Mobile,,72951,Washington,Seattle,11-50,REF-2951
Kim Real Estate Agents 2952,Michael Smith,Ana,owner2952@kimrealestateagents2952.com,www.kimrealestateagents2952.com/?utm_source=google,(710) 555-2952,Landline,,72952,Massachusetts,BOSTON,51-200,REF-2952
Patel Gyms 2953,Maria Patel,Priya,owner2953@,www.patelgyms2953.com/?utm_source=google,(735) 555-2953,,3053 Main St,72953,Massachusetts,boston,1-10,REF-2953
Garcia Auto Repair 2954,Maria Garcia,Maria,owner2954@garciaautorepair2954.com,www.garciaautorepair2954.com/?utm_source=google,(940) 555-2954,Landline,,72954,MA,BOSTON,11-50,REF-2954
Davis Plumbing 2955,Maria Nguyen,Priya,owner2955@davisplumbing2955.com,,(958) 555-2955,Landline,3055 Main St,72955,CO,Denver,,REF-2955
Patel HVAC Services 2956,Ana Smith,Ana,owner2956@patelhvacservices2956.com,www.patelhvacservices2956.com/?utm_source=google,(205) 555-2956,Mobile,,72956,Washington,SEATTLE,,REF-2956
Garcia Real Estate Agents 2957,David Garcia,Linda,owner2957@garciarealestateagents2957.com,www.garciarealestateagents2957.com/?utm_source=google,(237) 555-2957,Mobile,,72957,Washington,seattle,1-10,REF-2957
Garcia Accountants 2958,Maria Kim,Robert,owner2958@garciaaccountants2958.com,,(450) 555-2958,Landline,3058 Main St,72958,GE,atlanta,51-200,REF-2958
Smith Salons 2959,Maria Patel,Michael,,www.smithsalons2959.com/?utm_source=google,(608) 555-2959,,,72959,IL,CHICAGO,1-10,REF-2959
Garcia Salons 2960,Michael Nguyen,Michael,owner2960@garciasalons2960.com,www.garciasalons2960.com/?utm_source=google,(376) 555-2960,Landline,3060 Main St,72960,Texas,Dallas,11-50,REF-2960
Brown Real Estate Agents 2961,David Johnson,Michael,owner2961@brownrealestateagents2961.com,www.brownrealestateagents2961.com/?utm_source=google,(740) 555-2961,Mobile,,72961,Florida,MIAMI,51-200,REF-2961
Garcia Salons 2962,David Brown,David,owner2962@garciasalons2962.com,,(730) 555-2962,,3062 Main St,72962,Arizona,PHOENIX,11-50,REF-2962
Nguyen Gyms 2963,David Davis,Ana,owner2963@nguyengyms2963.com,,(971) 555-2963,Landline,,72963,AR,phoenix,1-10,REF-2963
Davis Restaurants 2964,Michael Patel,James,owner2964@davisrestaurants2964.com,www.davisrestaurants2964.com/?utm_source=google,(531) 555-2964,,3064 Main St,72964,Texas,Dallas,1-10,REF-2964
Nguyen Real Estate Agents 2965,Michael Davis,Linda,owner2965@nguyenrealestateagents2965.com,www.nguyenrealestateagents2965.com/?utm_source=google,(975) 555-2965,,,72965,TE,DALLAS,,REF-2965
Patel Real Estate Agents 2966,David Smith,Maria,owner2966@patelrealestateagents2966.com,www.patelrealestateagents2966.com/?utm_source=google,(984) 555-2966,,,72966,Washington,seattle,,REF-2966
Brown Plumbing 2967,Priya Nguyen,Linda,owner2967@brownplumbing2967.com,www.brownplumbing2967.com/?utm_source=google,(428) 555-2967,Landline,3067 Main St,72967,CO,Denver,51-200,REF-2967
Smith Gyms 2968,David Patel,Robert,,www.smithgyms2968.com/?utm_source=google,(571) 555-2968,Mobile,,72968,MA,boston,,REF-2968
Nguyen Salons 2969,Maria Garcia,Ana,owner2969@nguyensalons2969.com,www.nguyensalons2969.com/?utm_source=google,(770) 555-2969,,3069 Main St,72969,IL,CHICAGO,,REF-2969
Johnson Gyms 2970,Ana Patel,James,owner2970@johnsongyms2970.com,www.johnsongyms2970.com/?utm_source=google,(694) 555-2970,,,72970,Florida,MIAMI,11-50,REF-2970
Davis Real Estate Agents 2971,James Davis,Linda,owner2971@davisrealestateagents2971.com,www.davisrealestateagents2971.com/?utm_source=google,(820) 555-2971,,3071 Main St,72971,Arizona,phoenix,,REF-2971
Garcia HVAC Services 2972,Michael Smith,David,owner2972@garciahvacservices2972.com,,(699) 555-2972,,3072 Main St,72972,Texas,DALLAS,,REF-2972
Garcia HVAC Services 2973,Robert Garcia,Priya,owner2973@garciahvacservices2973.com,www.garciahvacservices2973.com/?utm_source=google,(540) 555-2973,,,72973,Georgia,Atlanta,1-10,REF-2973
Johnson Restaurants 2974,Priya Kim,Robert,owner2974@johnsonrestaurants2974.com,www.johnsonrestaurants2974.com/?utm_source=google,(906) 555-2974,,3074 Main St,72974,TE,dallas,,REF-2974
Kim HVAC Services 2975,Michael Garcia,Linda,owner2975@kimhvacservices2975.com,www.kimhvacservices2975.com/?utm_source=google,(378) 555-2975,Landline,3075 Main St,72975,AR,Phoenix,1-10,REF-2975
Kim Restaurants 2976,Priya Brown,Robert,owner2976@kimrestaurants2976.com,www.kimrestaurants2976.com/?utm_source=google,(303) 555-2976,,3076 Main St,72976,Florida,Miami,11-50,REF-2976
Kim Chiropractors 2977,Priya Brown,Maria,owner2977@kimchiropractors2977.com,www.kimchiropractors2977.com/?utm_source=google,(720) 555-2977,Landline,,72977,IL,Chicago,11-50,REF-2977
Johnson Auto Detailing 2978,Ana Nguyen,James,owner2978@johnsonautodetailing2978.com,www.johnsonautodetailing2978.com/?utm_source=google,(788) 555-2978,Landline,3078 Main St,72978,FL,miami,1-10,REF-2978
Johnson HVAC Services 2979,Priya Patel,Priya,owner2979@johnsonhvacservices2979.com,,(733) 555-2979,,3079 Main St,72979,CO,DENVER,,REF-2979
Garcia Chiropractors 2980,Maria Garcia,Maria,owner2980@garciachiropractors2980.com,www.garciachiropractors2980.com/?utm_source=google,(412) 555-2980,Mobile,,72980,AR,phoenix,1-10,REF-2980
Johnson Plumbing 2981,David Brown,Michael,owner2981@johnsonplumbing2981.com,www.johnsonplumbing2981.com/?utm_source=google,(306) 555-2981,Mobile,,72981,Illinois,Chicago,1-10,REF-2981
Kim Chiropractors 2982,Ana Kim,James,owner2982@kimchiropractors2982.com,www.kimchiropractors2982.com/?utm_source=google,(975) 555-2982,,3082 Main St,72982,Illinois,CHICAGO,,REF-2982
Smith Restaurants 2983,Ana Kim,Linda,owner2983@smithrestaurants2983.com,www.smithrestaurants2983.com/?utm_source=google,(373) 555-2983,Mobile,,72983,Massachusetts,boston,1-10,REF-2983
Smith Chiropractors 2984,Linda Kim,Maria,owner2984@smithchiropractors2984.com,www.smithchiropractors2984.com/?utm_source=google,(839) 555-2984,Mobile,,72984,WA,SEATTLE,11-50,REF-2984
Smith Salons 2985,Michael Kim,Linda,owner2985@smithsalons2985.com,www.smithsalons2985.com/?utm_source=google,(298) 555-2985,Mobile,3085 Main St,72985,GE,Atlanta,11-50,REF-2985
Davis Gyms 2986,Ana Patel,Michael,owner2986@,,(699) 555-2986,Mobile,,72986,Colorado,denver,11-50,REF-2986
Nguyen Accountants 2987,Maria Garcia,James,owner2987@nguyenaccountants2987.com,www.nguyenaccountants2987.com/?utm_source=google,(383) 555-2987,,3087 Main St,72987,Arizona,PHOENIX,11-50,REF-2987
Brown Auto Detailing 2988,Robert Patel,Priya,owner2988@brownautodetailing2988.com,www.brownautodetailing2988.com/?utm_source=google,(424) 555-2988,Landline,,72988,AR,phoenix,11-50,REF-2988
Nguyen Auto Repair 2989,James Kim,James,owner2989@nguyenautorepair2989.com,www.nguyenautorepair2989.com/?utm_source=google,(626) 555-2989,,3089 Main St,72989,Florida,MIAMI,51-200,REF-2989
Garcia Restaurants 2990,Maria Davis,Maria,,www.garciarestaurants2990.com/?utm_source=google,(804) 555-2990,Landline,3090 Main St,72990,Georgia,Atlanta,1-10,REF-2990
Garcia Real Estate Agents 2991,Michael Smith,Linda,owner2991@garciarealestateagents2991.com,www.garciarealestateagents2991.com/?utm_source=google,(837) 555-2991,Mobile,3091 Main St,72991,Georgia,Atlanta,51-200,REF-2991
Smith Gyms 2992,Robert Smith,James,owner2992@smithgyms2992.com,www.smithgyms2992.com/?utm_source=google,(579) 555-2992,,,72992,GE,Atlanta,,REF-2992
Brown HVAC Services 2993,Michael Johnson,Michael,owner2993@brownhvacservices2993.com,www.brownhvacservices2993.com/?utm_source=google,(476) 555-2993,Landline,,72993,AR,phoenix,,REF-2993
Johnson HVAC Services 2994,James Patel,Linda,owner2994@johnsonhvacservices2994.com,www.johnsonhvacservices2994.com/?utm_source=google,(651) 555-2994,,3094 Main St,72994,Florida,Miami,51-200,REF-2994
Patel Chiropractors 2995,James Nguyen,Ana,owner2995@patelchiropractors2995.com,www.patelchiropractors2995.com/?utm_source=google,(918) 555-2995,Landline,,72995,Illinois,CHICAGO,51-200,REF-2995
Brown Accountants 2996,Ana Kim,Maria,owner2996@brownaccountants2996.com,www.brownaccountants2996.com/?utm_source=google,(657) 555-2996,Landline,,72996,Colorado,Denver,11-50,REF-2996
Patel Salons 2997,Ana Patel,David,owner2997@patelsalons2997.com,www.patelsalons2997.com/?utm_source=google,(487) 555-2997,Mobile,3097 Main St,72997,Illinois,Chicago,,REF-2997
Patel HVAC Services 2998,Linda Smith,James,owner2998@patelhvacservices2998.com,,(463) 555-2998,,,72998,Massachusetts,boston,,REF-2998
Smith HVAC Services 2999,Michael Brown,David,owner2999@smithhvacservices2999.com,www.smithhvacservices2999.com/?utm_source=google,(731) 555-2999,Landline,,72999,Massachusetts,Boston,,REF-2999
